arm,seed,p,delta,rho,sigma_map,mode,ramp_slots,checks,z,persistence_slots,n_targets,n_voting_channels,majority_reachable,attack_success_attr,attack_success_opp,attack_success_opp_inst,attack_success,actionable_share,actionable_share_inst,detect_rate,detect_rate_actionable,wrong_handover_rate,pingpong_rate,wrong_handover_per_ho,pingpong_per_ho,handover_rate,missed_handover_rate,missed_handover_per_ue_slot,oracle_handover_rate,rsrp_deficit,outage_share,wrong_cell_share,false_exclusion_rate,false_exclusion_rate_ch,fe_serving_reciprocity,fe_neighbour_reciprocity,fe_map,fe_rate,fallback_rate,mean_voters,throughput,bytes_per_ue_s,bytes_ota_per_ue_s,compute_per_decision,thr_serving_reciprocity,thr_neighbour_reciprocity,thr_map,thr_rate,sigma_serving_recip_hat,sigma_neighbour_recip_hat,sigma_map_diff_hat,sigma_rate_hat,sigma_c1_hat,sigma_map_hat,runtime_seconds,check_set
obs_dhr_phys,0,0.2,0.0,0.0,2.0,pingpong,1,serving_reciprocity+neighbour_reciprocity+map+rate,3.0,3,6,3,False,0.0004938271604938272,0.0,0.015065913370998116,0.003271604938271605,0.011358024691358024,0.03277777777777778,0.0001234567901234568,0.0,6.17283950617284e-05,0.00011111111111111112,0.01858736059479554,0.03345724907063197,0.0033209876543209877,0.1423487544483986,0.0004938271604938272,0.0034691358024691358,0.060889447558592796,0.0,0.010135802469135802,0.0014969135802469136,0.0007484567901234568,0.0,0.0,0.0014969135802469136,0.0,0.0,2.998740740740741,1.3257896394313233,4200.0,4000.0,7.0,5.4022410175345605,6.7072641102632895,6.611276397879626,5.176871684720679,1.8007470058448536,2.2357547034210965,2.2037587992932086,1.725623894906893,0.9913975786089191,1.968167596164162,1.6168923329678364,default
obs_dhr_phys,1,0.2,0.0,0.0,2.0,pingpong,1,serving_reciprocity+neighbour_reciprocity+map+rate,3.0,3,6,3,False,0.0008024691358024691,0.015306122448979591,0.015895953757225433,0.003765432098765432,0.012098765432098766,0.04271604938271605,0.00030864197530864197,0.0,0.00014814814814814815,0.00016049382716049382,0.03858520900321544,0.04180064308681672,0.003839506172839506,0.1393939393939394,0.0005679012345679012,0.004074074074074074,0.07155643416208468,0.0,0.011580246913580247,0.0006635802469135803,0.00033179012345679014,0.0,0.0,0.0006635802469135803,0.0,0.0,2.9993086419753086,1.3205167213005278,4200.0,4000.0,7.0,5.437449187212554,6.692094400523338,6.793666293915166,5.408964210906127,1.8124830624041846,2.2306981335077793,2.2645554313050553,1.8029880703020424,0.9914552084452658,2.0359832688654342,1.6274465000024065,default
obs_dhr_phys,2,0.2,0.0,0.0,2.0,pingpong,1,serving_reciprocity+neighbour_reciprocity+map+rate,3.0,3,6,3,False,0.0004938271604938272,0.007194244604316547,0.011764705882352941,0.002962962962962963,0.008580246913580248,0.03148148148148148,0.0,0.0,0.00018518518518518518,0.0001728395061728395,0.053763440860215055,0.05017921146953405,0.0034444444444444444,0.17006802721088435,0.0006172839506172839,0.00362962962962963,0.06560200464030891,0.0,0.011037037037037036,0.0010493827160493827,0.0005246913580246914,0.0,0.0,0.0010493827160493827,0.0,0.0,2.9991604938271603,1.3416957213293348,4200.0,4000.0,7.0,5.410939530614904,6.66728094640631,6.657121460672002,5.314134918188104,1.803646510204968,2.2224269821354365,2.2190404868906675,1.7713783060627013,0.986539725953694,1.9876820801061676,1.67824495799141,default
obs_dhr_phys,3,0.2,0.0,0.0,2.0,pingpong,1,serving_reciprocity+neighbour_reciprocity+map+rate,3.0,3,6,3,False,0.00037037037037037035,0.004975124378109453,0.007215007215007215,0.003950617283950617,0.012407407407407407,0.042777777777777776,0.0001234567901234568,0.0,6.17283950617284e-05,0.0001234567901234568,0.016286644951140065,0.03257328990228013,0.0037901234567901234,0.12874251497005987,0.0005308641975308642,0.004123456790123456,0.07248020028699897,0.0,0.011308641975308642,0.0005555555555555556,0.0002777777777777778,0.0,0.0,0.0005555555555555556,0.0,0.0,2.999530864197531,1.359971439511746,4200.0,4000.0,7.0,5.478573007434363,6.732155763106547,6.914122030312857,5.340468799925379,1.826191002478121,2.2440519210355157,2.304707343437619,1.780156266641793,1.0001524018891992,2.0763841436233688,1.6245287909987383,default
obs_dhr_phys,4,0.2,0.0,0.0,2.0,pingpong,1,serving_reciprocity+neighbour_reciprocity+map+rate,3.0,3,6,3,False,0.0006790123456790123,0.0,0.011589403973509934,0.004012345679012346,0.011666666666666667,0.03728395061728395,0.0014814814814814814,0.0,0.00016049382716049382,0.00018518518518518518,0.040498442367601244,0.04672897196261682,0.003962962962962963,0.11204481792717087,0.0004938271604938272,0.004407407407407408,0.06643960625361515,0.0,0.01091358024691358,0.00040123456790123454,0.00020061728395061727,0.0,0.0,0.00040123456790123454,0.0,0.0,2.9993703703703702,1.283836686779059,4200.0,4000.0,7.0,5.343420394308609,6.695629379411383,6.557909729459217,5.254661472065715,1.781140131436203,2.2318764598037943,2.185969909819739,1.7515538240219048,0.9731164788038275,1.9574240126548357,1.5814165829797275,default
obs_dhr_phys,5,0.2,0.0,0.0,2.0,pingpong,1,serving_reciprocity+neighbour_reciprocity+map+rate,3.0,3,6,3,False,0.0005555555555555556,0.005780346820809248,0.014842300556586271,0.0030864197530864196,0.010679012345679013,0.0332716049382716,0.0,0.0,7.407407407407407e-05,0.0001234567901234568,0.021352313167259787,0.03558718861209965,0.0034691358024691358,0.10954063604240283,0.00038271604938271603,0.003493827160493827,0.058333355744170846,0.0,0.008839506172839505,0.0006172839506172839,0.00030864197530864197,0.0,0.0,0.0006172839506172839,0.0,0.0,2.999506172839506,1.3511808063449504,4200.0,4000.0,7.0,5.374800108328285,6.728879187213453,6.613001050958819,5.3473887133150795,1.7916000361094282,2.242959729071151,2.2043336836529397,1.7824629044383598,1.000282397115589,1.964312122578189,1.680154375033453,default
obs_dhr_phys,6,0.2,0.0,0.0,2.0,pingpong,1,serving_reciprocity+neighbour_reciprocity+map+rate,3.0,3,6,3,False,0.0006790123456790123,0.0,0.016722408026755852,0.0038888888888888888,0.00882716049382716,0.03691358024691358,6.17283950617284e-05,0.0,7.407407407407407e-05,0.00013580246913580247,0.020761245674740483,0.03806228373702422,0.003567901234567901,0.12658227848101267,0.0004938271604938272,0.0039012345679012347,0.0652971240785299,0.0,0.010395061728395062,0.0005709876543209877,0.00028549382716049385,0.0,0.0,0.0005709876543209877,0.0,0.0,2.9994814814814816,1.3266536811605498,4200.0,4000.0,7.0,5.419102049533408,6.70033914364367,6.771271912969076,5.312442601466293,1.8063673498444694,2.2334463812145566,2.2570906376563586,1.7708142004887644,1.0075622293139008,2.0197218869577043,1.6153275840333663,default
obs_dhr_phys,7,0.2,0.0,0.0,2.0,pingpong,1,serving_reciprocity+neighbour_reciprocity+map+rate,3.0,3,6,3,False,0.00037037037037037035,0.0,0.01020408163265306,0.002777777777777778,0.009259259259259259,0.030246913580246913,0.0,0.0,8.641975308641975e-05,0.00018518518518518518,0.02258064516129032,0.04838709677419355,0.0038271604938271606,0.08895705521472393,0.0003580246913580247,0.004024691358024691,0.06592537885178242,0.0,0.009703703703703704,0.0005555555555555556,0.0002777777777777778,0.0,0.0,0.0005401234567901234,1.54320987654321e-05,0.0,2.9995432098765433,1.4046864503098921,4200.0,4000.0,7.0,5.383424795845213,6.673496064087732,6.81004897205412,5.169306173143329,1.7944749319484041,2.224498688029244,2.27001632401804,1.723102057714443,1.0055429184573565,2.0351554118662873,1.643947249976918,default
obs_dhr_phys,8,0.2,0.0,0.0,2.0,pingpong,1,serving_reciprocity+neighbour_reciprocity+map+rate,3.0,3,6,3,False,0.0006790123456790123,0.007692307692307693,0.012422360248447204,0.003148148148148148,0.008024691358024692,0.029814814814814815,0.0009876543209876543,0.0,0.00014814814814814815,4.938271604938271e-05,0.04780876494023904,0.01593625498007968,0.0030987654320987655,0.09236947791164658,0.0002839506172839506,0.003074074074074074,0.05212523859513777,0.0,0.008148148148148147,0.0010030864197530865,0.0005015432098765432,0.0,0.0,0.0010030864197530865,0.0,0.0,2.999,1.3502940367084872,4200.0,4000.0,7.0,5.342133748207669,6.730275652280019,6.641696462294681,5.410083779039509,1.780711249402556,2.243425217426673,2.2138988207648937,1.803361259679836,0.9904300107142289,1.979999086479789,1.9574430829961784,default
obs_dhr_phys,9,0.2,0.0,0.0,2.0,pingpong,1,serving_reciprocity+neighbour_reciprocity+map+rate,3.0,3,6,3,False,0.00030864197530864197,0.0,0.006633499170812604,0.003271604938271605,0.011234567901234569,0.03722222222222222,0.0,0.0,6.17283950617284e-05,0.0001234567901234568,0.0199203187250996,0.0398406374501992,0.0030987654320987655,0.15517241379310345,0.0005555555555555556,0.003580246913580247,0.06301957330313437,0.0,0.010543209876543209,0.0007407407407407407,0.00037037037037037035,0.0,0.0,0.0007407407407407407,0.0,0.0,2.9994074074074075,1.4883703091999996,4200.0,4000.0,7.0,5.50262627293026,6.680349014660441,6.6804752937907805,5.535019675246978,1.83420875764342,2.226783004886814,2.22682509793026,1.8450065584156592,1.014685727788178,1.9822116159974164,1.5650707079912536,default
obs_dhr_phys,0,0.2,0.0,1.0,2.0,pingpong,1,serving_reciprocity+neighbour_reciprocity+map+rate,3.0,3,6,3,True,0.0004938271604938272,0.0,0.015065913370998116,0.003271604938271605,0.011358024691358024,0.03277777777777778,0.0001234567901234568,0.0,6.17283950617284e-05,0.00011111111111111112,0.01858736059479554,0.03345724907063197,0.0033209876543209877,0.1423487544483986,0.0004938271604938272,0.0034691358024691358,0.060889447558592796,0.0,0.010135802469135802,0.0014969135802469136,0.0007484567901234568,0.0,0.0,0.0014969135802469136,0.0,0.0,2.998740740740741,1.3257896394313233,4200.0,4000.0,7.0,5.4022410175345605,6.7072641102632895,6.611276397879626,5.176871684720679,1.8007470058448536,2.2357547034210965,2.2037587992932086,1.725623894906893,0.9913975786089191,1.968167596164162,1.6405867080320604,default
obs_dhr_phys,1,0.2,0.0,1.0,2.0,pingpong,1,serving_reciprocity+neighbour_reciprocity+map+rate,3.0,3,6,3,True,0.0008024691358024691,0.015306122448979591,0.015895953757225433,0.003765432098765432,0.012098765432098766,0.04271604938271605,0.00030864197530864197,0.0,0.00014814814814814815,0.00016049382716049382,0.03858520900321544,0.04180064308681672,0.003839506172839506,0.1393939393939394,0.0005679012345679012,0.004074074074074074,0.07155643416208468,0.0,0.011580246913580247,0.0006635802469135803,0.00033179012345679014,0.0,0.0,0.0006635802469135803,0.0,0.0,2.9993086419753086,1.3205167213005278,4200.0,4000.0,7.0,5.437449187212554,6.692094400523338,6.793666293915166,5.408964210906127,1.8124830624041846,2.2306981335077793,2.2645554313050553,1.8029880703020424,0.9914552084452658,2.0359832688654342,1.6146437920397148,default
obs_dhr_phys,2,0.2,0.0,1.0,2.0,pingpong,1,serving_reciprocity+neighbour_reciprocity+map+rate,3.0,3,6,3,True,0.0004938271604938272,0.007194244604316547,0.011764705882352941,0.002962962962962963,0.008580246913580248,0.03148148148148148,0.0,0.0,0.00018518518518518518,0.0001728395061728395,0.053763440860215055,0.05017921146953405,0.0034444444444444444,0.17006802721088435,0.0006172839506172839,0.00362962962962963,0.06560200464030891,0.0,0.011037037037037036,0.0010493827160493827,0.0005246913580246914,0.0,0.0,0.0010493827160493827,0.0,0.0,2.9991604938271603,1.3416957213293348,4200.0,4000.0,7.0,5.410939530614904,6.66728094640631,6.657121460672002,5.314134918188104,1.803646510204968,2.2224269821354365,2.2190404868906675,1.7713783060627013,0.986539725953694,1.9876820801061676,1.6072781250113621,default
obs_dhr_phys,3,0.2,0.0,1.0,2.0,pingpong,1,serving_reciprocity+neighbour_reciprocity+map+rate,3.0,3,6,3,True,0.00037037037037037035,0.004975124378109453,0.007215007215007215,0.003950617283950617,0.012407407407407407,0.042777777777777776,0.0001234567901234568,0.0,6.17283950617284e-05,0.0001234567901234568,0.016286644951140065,0.03257328990228013,0.0037901234567901234,0.12874251497005987,0.0005308641975308642,0.004123456790123456,0.07248020028699897,0.0,0.011308641975308642,0.0005555555555555556,0.0002777777777777778,0.0,0.0,0.0005555555555555556,0.0,0.0,2.999530864197531,1.359971439511746,4200.0,4000.0,7.0,5.478573007434363,6.732155763106547,6.914122030312857,5.340468799925379,1.826191002478121,2.2440519210355157,2.304707343437619,1.780156266641793,1.0001524018891992,2.0763841436233688,1.544222374970559,default
obs_dhr_phys,4,0.2,0.0,1.0,2.0,pingpong,1,serving_reciprocity+neighbour_reciprocity+map+rate,3.0,3,6,3,True,0.0006790123456790123,0.0,0.011589403973509934,0.004012345679012346,0.011666666666666667,0.03728395061728395,0.0014814814814814814,0.0,0.00016049382716049382,0.00018518518518518518,0.040498442367601244,0.04672897196261682,0.003962962962962963,0.11204481792717087,0.0004938271604938272,0.004407407407407408,0.06643960625361515,0.0,0.01091358024691358,0.00040123456790123454,0.00020061728395061727,0.0,0.0,0.00040123456790123454,0.0,0.0,2.9993703703703702,1.283836686779059,4200.0,4000.0,7.0,5.343420394308609,6.695629379411383,6.557909729459217,5.254661472065715,1.781140131436203,2.2318764598037943,2.185969909819739,1.7515538240219048,0.9731164788038275,1.9574240126548357,1.740840875019785,default
obs_dhr_phys,5,0.2,0.0,1.0,2.0,pingpong,1,serving_reciprocity+neighbour_reciprocity+map+rate,3.0,3,6,3,True,0.0005555555555555556,0.005780346820809248,0.014842300556586271,0.0030864197530864196,0.010679012345679013,0.0332716049382716,0.0,0.0,7.407407407407407e-05,0.0001234567901234568,0.021352313167259787,0.03558718861209965,0.0034691358024691358,0.10954063604240283,0.00038271604938271603,0.003493827160493827,0.058333355744170846,0.0,0.008839506172839505,0.0006172839506172839,0.00030864197530864197,0.0,0.0,0.0006172839506172839,0.0,0.0,2.999506172839506,1.3511808063449504,4200.0,4000.0,7.0,5.374800108328285,6.728879187213453,6.613001050958819,5.3473887133150795,1.7916000361094282,2.242959729071151,2.2043336836529397,1.7824629044383598,1.000282397115589,1.964312122578189,1.6588733340031467,default
obs_dhr_phys,6,0.2,0.0,1.0,2.0,pingpong,1,serving_reciprocity+neighbour_reciprocity+map+rate,3.0,3,6,3,True,0.0006790123456790123,0.0,0.016722408026755852,0.0038888888888888888,0.00882716049382716,0.03691358024691358,6.17283950617284e-05,0.0,7.407407407407407e-05,0.00013580246913580247,0.020761245674740483,0.03806228373702422,0.003567901234567901,0.12658227848101267,0.0004938271604938272,0.0039012345679012347,0.0652971240785299,0.0,0.010395061728395062,0.0005709876543209877,0.00028549382716049385,0.0,0.0,0.0005709876543209877,0.0,0.0,2.9994814814814816,1.3266536811605498,4200.0,4000.0,7.0,5.419102049533408,6.70033914364367,6.771271912969076,5.312442601466293,1.8063673498444694,2.2334463812145566,2.2570906376563586,1.7708142004887644,1.0075622293139008,2.0197218869577043,1.8479431250016205,default
obs_dhr_phys,7,0.2,0.0,1.0,2.0,pingpong,1,serving_reciprocity+neighbour_reciprocity+map+rate,3.0,3,6,3,True,0.00037037037037037035,0.0,0.01020408163265306,0.002777777777777778,0.009259259259259259,0.030246913580246913,0.0,0.0,8.641975308641975e-05,0.00018518518518518518,0.02258064516129032,0.04838709677419355,0.0038271604938271606,0.08895705521472393,0.0003580246913580247,0.004024691358024691,0.06592537885178242,0.0,0.009703703703703704,0.0005555555555555556,0.0002777777777777778,0.0,0.0,0.0005401234567901234,1.54320987654321e-05,0.0,2.9995432098765433,1.4046864503098921,4200.0,4000.0,7.0,5.383424795845213,6.673496064087732,6.81004897205412,5.169306173143329,1.7944749319484041,2.224498688029244,2.27001632401804,1.723102057714443,1.0055429184573565,2.0351554118662873,1.7257330829743296,default
obs_dhr_phys,8,0.2,0.0,1.0,2.0,pingpong,1,serving_reciprocity+neighbour_reciprocity+map+rate,3.0,3,6,3,True,0.0006790123456790123,0.007692307692307693,0.012422360248447204,0.003148148148148148,0.008024691358024692,0.029814814814814815,0.0009876543209876543,0.0,0.00014814814814814815,4.938271604938271e-05,0.04780876494023904,0.01593625498007968,0.0030987654320987655,0.09236947791164658,0.0002839506172839506,0.003074074074074074,0.05212523859513777,0.0,0.008148148148148147,0.0010030864197530865,0.0005015432098765432,0.0,0.0,0.0010030864197530865,0.0,0.0,2.999,1.3502940367084872,4200.0,4000.0,7.0,5.342133748207669,6.730275652280019,6.641696462294681,5.410083779039509,1.780711249402556,2.243425217426673,2.2138988207648937,1.803361259679836,0.9904300107142289,1.979999086479789,1.7573540420271456,default
obs_dhr_phys,9,0.2,0.0,1.0,2.0,pingpong,1,serving_reciprocity+neighbour_reciprocity+map+rate,3.0,3,6,3,True,0.00030864197530864197,0.0,0.006633499170812604,0.003271604938271605,0.011234567901234569,0.03722222222222222,0.0,0.0,6.17283950617284e-05,0.0001234567901234568,0.0199203187250996,0.0398406374501992,0.0030987654320987655,0.15517241379310345,0.0005555555555555556,0.003580246913580247,0.06301957330313437,0.0,0.010543209876543209,0.0007407407407407407,0.00037037037037037035,0.0,0.0,0.0007407407407407407,0.0,0.0,2.9994074074074075,1.4883703091999996,4200.0,4000.0,7.0,5.50262627293026,6.680349014660441,6.6804752937907805,5.535019675246978,1.83420875764342,2.226783004886814,2.22682509793026,1.8450065584156592,1.014685727788178,1.9822116159974164,1.5647951250430197,default
obs_dhr_phys,0,0.2,10.0,0.0,2.0,pingpong,1,serving_reciprocity+neighbour_reciprocity+map+rate,3.0,3,6,3,False,0.0005555555555555556,0.000721370604147881,0.0010275145564562164,0.0029012345679012346,0.34228395061728395,0.540679012345679,0.6651851851851852,0.9963931469792606,9.876543209876543e-05,8.641975308641975e-05,0.030418250950570342,0.026615969581749048,0.0032469135802469136,0.19014084507042253,0.0006666666666666666,0.003506172839506173,0.07334406635427392,0.0,0.012123456790123457,0.0014969135802469136,0.0007484567901234568,0.0,0.0,0.0014969135802469136,0.0,0.01645679012345679,2.8489753086419753,1.3308727985035245,4200.0,4000.0,7.0,5.4022410175345605,6.7072641102632895,6.611276397879626,5.176871684720679,1.8007470058448536,2.2357547034210965,2.2037587992932086,1.725623894906893,0.9913975786089191,1.968167596164162,1.711664040980395,default
obs_dhr_phys,1,0.2,10.0,0.0,2.0,pingpong,1,serving_reciprocity+neighbour_reciprocity+map+rate,3.0,3,6,3,False,0.0006790123456790123,0.0012353304508956147,0.0014375326711970726,0.0032098765432098763,0.2998148148148148,0.4723456790123457,0.6019753086419753,0.9890879143504221,0.00018518518518518518,0.00013580246913580247,0.04966887417218543,0.03642384105960265,0.003728395061728395,0.15151515151515152,0.0006172839506172839,0.004074074074074074,0.08048289336305449,0.0,0.012728395061728395,0.0006635802469135803,0.00033179012345679014,0.0,0.0,0.0006635802469135803,0.0,0.014814814814814815,2.8637654320987656,1.3196059786952103,4200.0,4000.0,7.0,5.437449187212554,6.692094400523338,6.793666293915166,5.408964210906127,1.8124830624041846,2.2306981335077793,2.2645554313050553,1.8029880703020424,0.9914552084452658,2.0359832688654342,1.6215874169720337,default
obs_dhr_phys,2,0.2,10.0,0.0,2.0,pingpong,1,serving_reciprocity+neighbour_reciprocity+map+rate,3.0,3,6,3,False,0.0004320987654320988,0.0015174506828528073,0.0009624639076034649,0.002654320987654321,0.2847530864197531,0.44895061728395064,0.5634567901234568,0.9947973119445047,0.00018518518518518518,0.0001728395061728395,0.05474452554744526,0.051094890510948905,0.0033827160493827163,0.21122112211221122,0.0007901234567901234,0.0037407407407407407,0.07669741359189973,0.0,0.012839506172839505,0.0010493827160493827,0.0005246913580246914,0.0,0.0,0.0010493827160493827,0.0,0.01108641975308642,2.8751728395061726,1.3421215869041565,4200.0,4000.0,7.0,5.410939530614904,6.66728094640631,6.657121460672002,5.314134918188104,1.803646510204968,2.2224269821354365,2.2190404868906675,1.7713783060627013,0.986539725953694,1.9876820801061676,1.6678533329977654,default
obs_dhr_phys,3,0.2,10.0,0.0,2.0,pingpong,1,serving_reciprocity+neighbour_reciprocity+map+rate,3.0,3,6,3,False,0.0004320987654320988,0.0007175316909830184,0.0010140518615094887,0.003765432098765432,0.25808641975308644,0.4261111111111111,0.5979012345679012,0.9925855058598422,7.407407407407407e-05,0.0001234567901234568,0.019736842105263157,0.03289473684210526,0.0037530864197530866,0.16231884057971013,0.000691358024691358,0.0042592592592592595,0.08766242537761212,0.0,0.013530864197530865,0.0005555555555555556,0.0002777777777777778,0.0,0.0,0.0005555555555555556,0.0,0.013975308641975309,2.865753086419753,1.3579400531860377,4200.0,4000.0,7.0,5.478573007434363,6.732155763106547,6.914122030312857,5.340468799925379,1.826191002478121,2.2440519210355157,2.304707343437619,1.780156266641793,1.0001524018891992,2.0763841436233688,1.6280068749911152,default
obs_dhr_phys,4,0.2,10.0,0.0,2.0,pingpong,1,serving_reciprocity+neighbour_reciprocity+map+rate,3.0,3,6,3,False,0.0009876543209876543,0.0015889830508474577,0.002618657937806874,0.003271604938271605,0.23308641975308642,0.3771604938271605,0.5458641975308642,0.9928495762711864,0.00019753086419753085,0.00018518518518518518,0.05177993527508091,0.04854368932038835,0.0038148148148148147,0.13675213675213677,0.0005925925925925926,0.004333333333333333,0.0878689100214585,0.0,0.01362962962962963,0.00040123456790123454,0.00020061728395061727,0.0,0.0,0.00040123456790123454,0.0,0.013320987654320987,2.876753086419753,1.2770506147056462,4200.0,4000.0,7.0,5.343420394308609,6.695629379411383,6.557909729459217,5.254661472065715,1.781140131436203,2.2318764598037943,2.185969909819739,1.7515538240219048,0.9731164788038275,1.9574240126548357,1.6164796249940991,default
obs_dhr_phys,5,0.2,10.0,0.0,2.0,pingpong,1,serving_reciprocity+neighbour_reciprocity+map+rate,3.0,3,6,3,False,0.0005555555555555556,0.0007249879168680521,0.0014717906786590352,0.002839506172839506,0.2554320987654321,0.37746913580246916,0.5241358024691358,0.9871918801353311,8.641975308641975e-05,0.00013580246913580247,0.02527075812274368,0.039711191335740074,0.003419753086419753,0.12280701754385964,0.0004320987654320988,0.0035185185185185185,0.06130912380964812,0.0,0.009160493827160493,0.0006172839506172839,0.00030864197530864197,0.0,0.0,0.0006172839506172839,0.0,0.006975308641975308,2.8873703703703706,1.3528066757501855,4200.0,4000.0,7.0,5.374800108328285,6.728879187213453,6.613001050958819,5.3473887133150795,1.7916000361094282,2.242959729071151,2.2043336836529397,1.7824629044383598,1.000282397115589,1.964312122578189,1.6052525420091115,default
obs_dhr_phys,6,0.2,10.0,0.0,2.0,pingpong,1,serving_reciprocity+neighbour_reciprocity+map+rate,3.0,3,6,3,False,0.0005555555555555556,0.00039888312724371757,0.0013102343863735624,0.003271604938271605,0.30950617283950616,0.42401234567901236,0.5370987654320988,0.9976067012365377,0.0001234567901234568,9.876543209876543e-05,0.035842293906810034,0.02867383512544803,0.0034444444444444444,0.1557632398753894,0.0006172839506172839,0.003962962962962963,0.07606952879444435,0.0,0.011876543209876543,0.0005709876543209877,0.00028549382716049385,0.0,0.0,0.0005709876543209877,0.0,0.006308641975308642,2.8853703703703704,1.3274126702263274,4200.0,4000.0,7.0,5.419102049533408,6.70033914364367,6.771271912969076,5.312442601466293,1.8063673498444694,2.2334463812145566,2.2570906376563586,1.7708142004887644,1.0075622293139008,2.0197218869577043,1.7312673749984242,default
obs_dhr_phys,7,0.2,10.0,0.0,2.0,pingpong,1,serving_reciprocity+neighbour_reciprocity+map+rate,3.0,3,6,3,False,0.0006172839506172839,0.001638960430812456,0.0016366612111292963,0.0025925925925925925,0.263641975308642,0.3771604938271605,0.530679012345679,0.9955513931163662,0.0001234567901234568,0.00018518518518518518,0.03257328990228013,0.048859934853420196,0.0037901234567901234,0.11801242236024845,0.0004691358024691358,0.003975308641975308,0.0701577284133964,0.0,0.010222222222222223,0.0005555555555555556,0.0002777777777777778,0.0,0.0,0.0005401234567901234,1.54320987654321e-05,0.007234567901234568,2.8858641975308643,1.4021240098360401,4200.0,4000.0,7.0,5.383424795845213,6.673496064087732,6.81004897205412,5.169306173143329,1.7944749319484041,2.224498688029244,2.27001632401804,1.723102057714443,1.0055429184573565,2.0351554118662873,1.7418451249832287,default
obs_dhr_phys,8,0.2,10.0,0.0,2.0,pingpong,1,serving_reciprocity+neighbour_reciprocity+map+rate,3.0,3,6,3,False,0.0008024691358024691,0.0017557060446450965,0.0019826140003050175,0.002962962962962963,0.2461111111111111,0.4047530864197531,0.5419135802469136,0.9929771758214196,0.00014814814814814815,4.938271604938271e-05,0.04838709677419355,0.016129032258064516,0.0030617283950617282,0.13438735177865613,0.0004197530864197531,0.003123456790123457,0.06341123311689048,0.0,0.009728395061728396,0.0010030864197530865,0.0005015432098765432,0.0,0.0,0.0010030864197530865,0.0,0.010839506172839505,2.8796913580246914,1.349263760636364,4200.0,4000.0,7.0,5.342133748207669,6.730275652280019,6.641696462294681,5.410083779039509,1.780711249402556,2.243425217426673,2.2138988207648937,1.803361259679836,0.9904300107142289,1.979999086479789,1.7026895830058493,default
obs_dhr_phys,9,0.2,10.0,0.0,2.0,pingpong,1,serving_reciprocity+neighbour_reciprocity+map+rate,3.0,3,6,3,False,0.0006172839506172839,0.0008064516129032258,0.0013683634373289546,0.0032098765432098763,0.30617283950617286,0.45111111111111113,0.5851851851851851,0.9929435483870968,0.0001234567901234568,0.00014814814814814815,0.04,0.048,0.0030864197530864196,0.20205479452054795,0.000728395061728395,0.0036049382716049384,0.07891884772042676,0.0,0.01297530864197531,0.0007407407407407407,0.00037037037037037035,0.0,0.0,0.0007407407407407407,0.0,0.009851851851851851,2.8724074074074073,1.4875231870001218,4200.0,4000.0,7.0,5.50262627293026,6.680349014660441,6.6804752937907805,5.535019675246978,1.83420875764342,2.226783004886814,2.22682509793026,1.8450065584156592,1.014685727788178,1.9822116159974164,1.6197752080042847,default
obs_dhr_phys,0,0.2,10.0,1.0,2.0,pingpong,1,serving_reciprocity+neighbour_reciprocity+map+rate,3.0,3,6,3,True,0.0004938271604938272,0.0014245014245014246,0.000839278220730172,0.002654320987654321,0.26,0.5883950617283951,0.532962962962963,0.9867046533713201,7.407407407407407e-05,8.641975308641975e-05,0.023166023166023165,0.02702702702702703,0.003197530864197531,0.26129032258064516,0.001,0.0038271604938271606,0.2328063490898762,0.0,0.033296296296296296,0.0014969135802469136,0.0007484567901234568,0.0,0.0,0.0014969135802469136,0.0,0.0,2.8919506172839506,1.3120050119768414,4200.0,4000.0,7.0,5.4022410175345605,6.7072641102632895,6.611276397879626,5.176871684720679,1.8007470058448536,2.2357547034210965,2.2037587992932086,1.725623894906893,0.9913975786089191,1.968167596164162,1.5522882500081323,default
obs_dhr_phys,1,0.2,10.0,1.0,2.0,pingpong,1,serving_reciprocity+neighbour_reciprocity+map+rate,3.0,3,6,3,True,0.00037037037037037035,0.001477832512315271,0.000747011952191235,0.002962962962962963,0.2506172839506173,0.49580246913580245,0.49858024691358027,0.9839901477832512,0.00016049382716049382,0.0001234567901234568,0.0436241610738255,0.03355704697986577,0.0036790123456790125,0.1873198847262248,0.0008024691358024691,0.00428395061728395,0.14636337107828426,0.0,0.020925925925925924,0.0006635802469135803,0.00033179012345679014,0.0,0.0,0.0006635802469135803,0.0,0.0,2.8992716049382716,1.3157845072932417,4200.0,4000.0,7.0,5.437449187212554,6.692094400523338,6.793666293915166,5.408964210906127,1.8124830624041846,2.2306981335077793,2.2645554313050553,1.8029880703020424,0.9914552084452658,2.0359832688654342,1.6265390000189655,default
obs_dhr_phys,2,0.2,10.0,1.0,2.0,pingpong,1,serving_reciprocity+neighbour_reciprocity+map+rate,3.0,3,6,3,True,0.0005555555555555556,0.002126151665485471,0.0011976047904191617,0.0024074074074074076,0.2612962962962963,0.4638888888888889,0.4911111111111111,0.9907866761162296,0.00018518518518518518,0.00016049382716049382,0.05555555555555555,0.04814814814814815,0.0033333333333333335,0.24920127795527156,0.000962962962962963,0.0038641975308641974,0.11598878836088901,0.0,0.017407407407407406,0.0010493827160493827,0.0005246913580246914,0.0,0.0,0.0010493827160493827,0.0,0.0,2.900753086419753,1.333599027978673,4200.0,4000.0,7.0,5.410939530614904,6.66728094640631,6.657121460672002,5.314134918188104,1.803646510204968,2.2224269821354365,2.2190404868906675,1.7713783060627013,0.986539725953694,1.9876820801061676,1.6014632500009611,default
obs_dhr_phys,3,0.2,10.0,1.0,2.0,pingpong,1,serving_reciprocity+neighbour_reciprocity+map+rate,3.0,3,6,3,True,0.00037037037037037035,0.0017610801291458762,0.0008346084295451384,0.0030246913580246914,0.21030864197530863,0.44376543209876546,0.5125925925925926,0.9850308189022601,6.17283950617284e-05,0.0001234567901234568,0.017123287671232876,0.03424657534246575,0.0036049382716049384,0.21787709497206703,0.000962962962962963,0.004419753086419753,0.137140906139289,0.0,0.01949382716049383,0.0005555555555555556,0.0002777777777777778,0.0,0.0,0.0005555555555555556,0.0,0.0,2.8968024691358023,1.3471872127229538,4200.0,4000.0,7.0,5.478573007434363,6.732155763106547,6.914122030312857,5.340468799925379,1.826191002478121,2.2440519210355157,2.304707343437619,1.780156266641793,1.0001524018891992,2.0763841436233688,1.6347267919918522,default
obs_dhr_phys,4,0.2,10.0,1.0,2.0,pingpong,1,serving_reciprocity+neighbour_reciprocity+map+rate,3.0,3,6,3,True,0.0004938271604938272,0.0020100502512562816,0.0012195121951219512,0.002345679012345679,0.18425925925925926,0.4049382716049383,0.42320987654320985,0.9819095477386934,0.00014814814814814815,0.00016049382716049382,0.04081632653061224,0.04421768707482993,0.00362962962962963,0.1792717086834734,0.0007901234567901234,0.004407407407407408,0.175960399194795,0.0,0.024370370370370372,0.00040123456790123454,0.00020061728395061727,0.0,0.0,0.00040123456790123454,0.0,0.0,2.9146296296296295,1.2561182556621189,4200.0,4000.0,7.0,5.343420394308609,6.695629379411383,6.557909729459217,5.254661472065715,1.781140131436203,2.2318764598037943,2.185969909819739,1.7515538240219048,0.9731164788038275,1.9574240126548357,1.6452310410095379,default
obs_dhr_phys,5,0.2,10.0,1.0,2.0,pingpong,1,serving_reciprocity+neighbour_reciprocity+map+rate,3.0,3,6,3,True,0.0005555555555555556,0.002105263157894737,0.0014340344168260039,0.0025925925925925925,0.2345679012345679,0.3874074074074074,0.45944444444444443,0.9805263157894737,6.17283950617284e-05,0.0001234567901234568,0.018315018315018316,0.03663003663003663,0.0033703703703703704,0.16095890410958905,0.0005802469135802469,0.0036049382716049384,0.09338349031435392,0.0,0.012691358024691358,0.0006172839506172839,0.00030864197530864197,0.0,0.0,0.0006172839506172839,0.0,0.0,2.907283950617284,1.348459668206815,4200.0,4000.0,7.0,5.374800108328285,6.728879187213453,6.613001050958819,5.3473887133150795,1.7916000361094282,2.242959729071151,2.2043336836529397,1.7824629044383598,1.000282397115589,1.964312122578189,1.6993156249518506,default
obs_dhr_phys,6,0.2,10.0,1.0,2.0,pingpong,1,serving_reciprocity+neighbour_reciprocity+map+rate,3.0,3,6,3,True,0.0004320987654320988,0.0014038371548900327,0.00099601593625498,0.0030246913580246914,0.26382716049382715,0.43382716049382714,0.4751851851851852,0.9906410856340665,6.17283950617284e-05,8.641975308641975e-05,0.01818181818181818,0.025454545454545455,0.0033950617283950617,0.19345238095238096,0.0008024691358024691,0.004148148148148148,0.11313776366684931,0.0,0.016358024691358025,0.0005709876543209877,0.00028549382716049385,0.0,0.0,0.0005709876543209877,0.0,0.0,2.9040864197530865,1.3229118926809862,4200.0,4000.0,7.0,5.419102049533408,6.70033914364367,6.771271912969076,5.312442601466293,1.8063673498444694,2.2334463812145566,2.2570906376563586,1.7708142004887644,1.0075622293139008,2.0197218869577043,1.6836537919589318,default
obs_dhr_phys,7,0.2,10.0,1.0,2.0,pingpong,1,serving_reciprocity+neighbour_reciprocity+map+rate,3.0,3,6,3,True,0.00037037037037037035,0.0016538037486218302,0.0009339975093399751,0.0020987654320987655,0.2239506172839506,0.39654320987654323,0.4521604938271605,0.9936604189636163,8.641975308641975e-05,0.00018518518518518518,0.023411371237458192,0.05016722408026756,0.003691358024691358,0.15588235294117647,0.000654320987654321,0.004197530864197531,0.12957848939296124,0.0,0.017790123456790125,0.0005555555555555556,0.0002777777777777778,0.0,0.0,0.0005401234567901234,1.54320987654321e-05,0.0,2.9088148148148147,1.3983257537132672,4200.0,4000.0,7.0,5.383424795845213,6.673496064087732,6.81004897205412,5.169306173143329,1.7944749319484041,2.224498688029244,2.27001632401804,1.723102057714443,1.0055429184573565,2.0351554118662873,1.6683013750007376,default
obs_dhr_phys,8,0.2,10.0,1.0,2.0,pingpong,1,serving_reciprocity+neighbour_reciprocity+map+rate,3.0,3,6,3,True,0.0008641975308641976,0.0037537537537537537,0.0019698888419867736,0.002839506172839506,0.16444444444444445,0.4387037037037037,0.40401234567901234,0.9725975975975976,0.0001234567901234568,4.938271604938271e-05,0.04065040650406504,0.016260162601626018,0.003037037037037037,0.22142857142857142,0.0007654320987654321,0.0034567901234567903,0.17566746508413536,0.0,0.024395061728395062,0.0010030864197530865,0.0005015432098765432,0.0,0.0,0.0010030864197530865,0.0,0.0,2.9181234567901235,1.353872360568445,4200.0,4000.0,7.0,5.342133748207669,6.730275652280019,6.641696462294681,5.410083779039509,1.780711249402556,2.243425217426673,2.2138988207648937,1.803361259679836,0.9904300107142289,1.979999086479789,1.6859931669896469,default
obs_dhr_phys,9,0.2,10.0,1.0,2.0,pingpong,1,serving_reciprocity+neighbour_reciprocity+map+rate,3.0,3,6,3,True,0.0006172839506172839,0.0019015925837889231,0.0013250298131707962,0.002839506172839506,0.25969135802469134,0.4658641975308642,0.5078395061728395,0.9824102685999525,6.17283950617284e-05,0.00016049382716049382,0.020491803278688523,0.05327868852459016,0.0030123456790123455,0.23432343234323433,0.0008765432098765433,0.0037407407407407407,0.12380353295023584,0.0,0.01745679012345679,0.0007407407407407407,0.00037037037037037035,0.0,0.0,0.0007407407407407407,0.0,0.0,2.897753086419753,1.4896191209871885,4200.0,4000.0,7.0,5.50262627293026,6.680349014660441,6.6804752937907805,5.535019675246978,1.83420875764342,2.226783004886814,2.22682509793026,1.8450065584156592,1.014685727788178,1.9822116159974164,1.5782732089865021,default
obs_dhr_phys,0,0.2,0.0,0.0,2.0,pingpong,1,map,3.0,3,6,3,False,0.0004938271604938272,0.0,0.015065913370998116,0.003271604938271605,0.011358024691358024,0.03277777777777778,0.0001234567901234568,0.0,6.17283950617284e-05,0.00011111111111111112,0.01858736059479554,0.03345724907063197,0.0033209876543209877,0.1423487544483986,0.0004938271604938272,0.0034691358024691358,0.060889447558592796,0.0,0.010135802469135802,0.0014969135802469136,0.0007484567901234568,0.0,0.0,0.0014969135802469136,0.0,0.0,2.998740740740741,1.3257896394313233,4200.0,4000.0,4.0,5.4022410175345605,6.7072641102632895,6.611276397879626,5.176871684720679,1.8007470058448536,2.2357547034210965,2.2037587992932086,1.725623894906893,0.9913975786089191,1.968167596164162,1.4280951659893617,map
obs_dhr_phys,1,0.2,0.0,0.0,2.0,pingpong,1,map,3.0,3,6,3,False,0.0008024691358024691,0.015306122448979591,0.015895953757225433,0.003765432098765432,0.012098765432098766,0.04271604938271605,0.00030864197530864197,0.0,0.00014814814814814815,0.00016049382716049382,0.03858520900321544,0.04180064308681672,0.003839506172839506,0.1393939393939394,0.0005679012345679012,0.004074074074074074,0.07155643416208468,0.0,0.011580246913580247,0.0006635802469135803,0.00033179012345679014,0.0,0.0,0.0006635802469135803,0.0,0.0,2.9993086419753086,1.3205167213005278,4200.0,4000.0,4.0,5.437449187212554,6.692094400523338,6.793666293915166,5.408964210906127,1.8124830624041846,2.2306981335077793,2.2645554313050553,1.8029880703020424,0.9914552084452658,2.0359832688654342,1.426256624981761,map
obs_dhr_phys,2,0.2,0.0,0.0,2.0,pingpong,1,map,3.0,3,6,3,False,0.0004938271604938272,0.007194244604316547,0.011764705882352941,0.002962962962962963,0.008580246913580248,0.03148148148148148,0.0,0.0,0.00018518518518518518,0.0001728395061728395,0.053763440860215055,0.05017921146953405,0.0034444444444444444,0.17006802721088435,0.0006172839506172839,0.00362962962962963,0.06560200464030891,0.0,0.011037037037037036,0.0010493827160493827,0.0005246913580246914,0.0,0.0,0.0010493827160493827,0.0,0.0,2.9991604938271603,1.3416957213293348,4200.0,4000.0,4.0,5.410939530614904,6.66728094640631,6.657121460672002,5.314134918188104,1.803646510204968,2.2224269821354365,2.2190404868906675,1.7713783060627013,0.986539725953694,1.9876820801061676,1.4064787910319865,map
obs_dhr_phys,3,0.2,0.0,0.0,2.0,pingpong,1,map,3.0,3,6,3,False,0.00037037037037037035,0.004975124378109453,0.007215007215007215,0.003950617283950617,0.012407407407407407,0.042777777777777776,0.0001234567901234568,0.0,6.17283950617284e-05,0.0001234567901234568,0.016286644951140065,0.03257328990228013,0.0037901234567901234,0.12874251497005987,0.0005308641975308642,0.004123456790123456,0.07248020028699897,0.0,0.011308641975308642,0.0005555555555555556,0.0002777777777777778,0.0,0.0,0.0005555555555555556,0.0,0.0,2.999530864197531,1.359971439511746,4200.0,4000.0,4.0,5.478573007434363,6.732155763106547,6.914122030312857,5.340468799925379,1.826191002478121,2.2440519210355157,2.304707343437619,1.780156266641793,1.0001524018891992,2.0763841436233688,1.4245813330053352,map
obs_dhr_phys,4,0.2,0.0,0.0,2.0,pingpong,1,map,3.0,3,6,3,False,0.0006790123456790123,0.0,0.011589403973509934,0.004012345679012346,0.011666666666666667,0.03728395061728395,0.0014814814814814814,0.0,0.00016049382716049382,0.00018518518518518518,0.040498442367601244,0.04672897196261682,0.003962962962962963,0.11204481792717087,0.0004938271604938272,0.004407407407407408,0.06643960625361515,0.0,0.01091358024691358,0.00040123456790123454,0.00020061728395061727,0.0,0.0,0.00040123456790123454,0.0,0.0,2.9993703703703702,1.283836686779059,4200.0,4000.0,4.0,5.343420394308609,6.695629379411383,6.557909729459217,5.254661472065715,1.781140131436203,2.2318764598037943,2.185969909819739,1.7515538240219048,0.9731164788038275,1.9574240126548357,1.3959658339736052,map
obs_dhr_phys,5,0.2,0.0,0.0,2.0,pingpong,1,map,3.0,3,6,3,False,0.0005555555555555556,0.005780346820809248,0.014842300556586271,0.0030864197530864196,0.010679012345679013,0.0332716049382716,0.0,0.0,7.407407407407407e-05,0.0001234567901234568,0.021352313167259787,0.03558718861209965,0.0034691358024691358,0.10954063604240283,0.00038271604938271603,0.003493827160493827,0.058333355744170846,0.0,0.008839506172839505,0.0006172839506172839,0.00030864197530864197,0.0,0.0,0.0006172839506172839,0.0,0.0,2.999506172839506,1.3511808063449504,4200.0,4000.0,4.0,5.374800108328285,6.728879187213453,6.613001050958819,5.3473887133150795,1.7916000361094282,2.242959729071151,2.2043336836529397,1.7824629044383598,1.000282397115589,1.964312122578189,1.4626525840139948,map
obs_dhr_phys,6,0.2,0.0,0.0,2.0,pingpong,1,map,3.0,3,6,3,False,0.0006790123456790123,0.0,0.016722408026755852,0.0038888888888888888,0.00882716049382716,0.03691358024691358,6.17283950617284e-05,0.0,7.407407407407407e-05,0.00013580246913580247,0.020761245674740483,0.03806228373702422,0.003567901234567901,0.12658227848101267,0.0004938271604938272,0.0039012345679012347,0.0652971240785299,0.0,0.010395061728395062,0.0005709876543209877,0.00028549382716049385,0.0,0.0,0.0005709876543209877,0.0,0.0,2.9994814814814816,1.3266536811605498,4200.0,4000.0,4.0,5.419102049533408,6.70033914364367,6.771271912969076,5.312442601466293,1.8063673498444694,2.2334463812145566,2.2570906376563586,1.7708142004887644,1.0075622293139008,2.0197218869577043,1.422347665997222,map
obs_dhr_phys,7,0.2,0.0,0.0,2.0,pingpong,1,map,3.0,3,6,3,False,0.00037037037037037035,0.0,0.01020408163265306,0.002777777777777778,0.009259259259259259,0.030246913580246913,0.0,0.0,8.641975308641975e-05,0.00018518518518518518,0.02258064516129032,0.04838709677419355,0.0038271604938271606,0.08895705521472393,0.0003580246913580247,0.004024691358024691,0.06592537885178242,0.0,0.009703703703703704,0.0005401234567901234,0.0002700617283950617,0.0,0.0,0.0005401234567901234,0.0,0.0,2.9995555555555558,1.4046864503098921,4200.0,4000.0,4.0,5.383424795845213,6.673496064087732,6.81004897205412,5.169306173143329,1.7944749319484041,2.224498688029244,2.27001632401804,1.723102057714443,1.0055429184573565,2.0351554118662873,1.3914606250473298,map
obs_dhr_phys,8,0.2,0.0,0.0,2.0,pingpong,1,map,3.0,3,6,3,False,0.0006790123456790123,0.007692307692307693,0.012422360248447204,0.003148148148148148,0.008024691358024692,0.029814814814814815,0.0009876543209876543,0.0,0.00014814814814814815,4.938271604938271e-05,0.04780876494023904,0.01593625498007968,0.0030987654320987655,0.09236947791164658,0.0002839506172839506,0.003074074074074074,0.05212523859513777,0.0,0.008148148148148147,0.0010030864197530865,0.0005015432098765432,0.0,0.0,0.0010030864197530865,0.0,0.0,2.999,1.3502940367084872,4200.0,4000.0,4.0,5.342133748207669,6.730275652280019,6.641696462294681,5.410083779039509,1.780711249402556,2.243425217426673,2.2138988207648937,1.803361259679836,0.9904300107142289,1.979999086479789,1.7174368330161087,map
obs_dhr_phys,9,0.2,0.0,0.0,2.0,pingpong,1,map,3.0,3,6,3,False,0.00030864197530864197,0.0,0.006633499170812604,0.003271604938271605,0.011234567901234569,0.03722222222222222,0.0,0.0,6.17283950617284e-05,0.0001234567901234568,0.0199203187250996,0.0398406374501992,0.0030987654320987655,0.15517241379310345,0.0005555555555555556,0.003580246913580247,0.06301957330313437,0.0,0.010543209876543209,0.0007407407407407407,0.00037037037037037035,0.0,0.0,0.0007407407407407407,0.0,0.0,2.9994074074074075,1.4883703091999996,4200.0,4000.0,4.0,5.50262627293026,6.680349014660441,6.6804752937907805,5.535019675246978,1.83420875764342,2.226783004886814,2.22682509793026,1.8450065584156592,1.014685727788178,1.9822116159974164,1.3906761669786647,map
obs_dhr_phys,0,0.2,0.0,1.0,2.0,pingpong,1,map,3.0,3,6,3,True,0.0004938271604938272,0.0,0.015065913370998116,0.003271604938271605,0.011358024691358024,0.03277777777777778,0.0001234567901234568,0.0,6.17283950617284e-05,0.00011111111111111112,0.01858736059479554,0.03345724907063197,0.0033209876543209877,0.1423487544483986,0.0004938271604938272,0.0034691358024691358,0.060889447558592796,0.0,0.010135802469135802,0.0014969135802469136,0.0007484567901234568,0.0,0.0,0.0014969135802469136,0.0,0.0,2.998740740740741,1.3257896394313233,4200.0,4000.0,4.0,5.4022410175345605,6.7072641102632895,6.611276397879626,5.176871684720679,1.8007470058448536,2.2357547034210965,2.2037587992932086,1.725623894906893,0.9913975786089191,1.968167596164162,1.4535906249657273,map
obs_dhr_phys,1,0.2,0.0,1.0,2.0,pingpong,1,map,3.0,3,6,3,True,0.0008024691358024691,0.015306122448979591,0.015895953757225433,0.003765432098765432,0.012098765432098766,0.04271604938271605,0.00030864197530864197,0.0,0.00014814814814814815,0.00016049382716049382,0.03858520900321544,0.04180064308681672,0.003839506172839506,0.1393939393939394,0.0005679012345679012,0.004074074074074074,0.07155643416208468,0.0,0.011580246913580247,0.0006635802469135803,0.00033179012345679014,0.0,0.0,0.0006635802469135803,0.0,0.0,2.9993086419753086,1.3205167213005278,4200.0,4000.0,4.0,5.437449187212554,6.692094400523338,6.793666293915166,5.408964210906127,1.8124830624041846,2.2306981335077793,2.2645554313050553,1.8029880703020424,0.9914552084452658,2.0359832688654342,1.358993708039634,map
obs_dhr_phys,2,0.2,0.0,1.0,2.0,pingpong,1,map,3.0,3,6,3,True,0.0004938271604938272,0.007194244604316547,0.011764705882352941,0.002962962962962963,0.008580246913580248,0.03148148148148148,0.0,0.0,0.00018518518518518518,0.0001728395061728395,0.053763440860215055,0.05017921146953405,0.0034444444444444444,0.17006802721088435,0.0006172839506172839,0.00362962962962963,0.06560200464030891,0.0,0.011037037037037036,0.0010493827160493827,0.0005246913580246914,0.0,0.0,0.0010493827160493827,0.0,0.0,2.9991604938271603,1.3416957213293348,4200.0,4000.0,4.0,5.410939530614904,6.66728094640631,6.657121460672002,5.314134918188104,1.803646510204968,2.2224269821354365,2.2190404868906675,1.7713783060627013,0.986539725953694,1.9876820801061676,1.4092557919793762,map
obs_dhr_phys,3,0.2,0.0,1.0,2.0,pingpong,1,map,3.0,3,6,3,True,0.00037037037037037035,0.004975124378109453,0.007215007215007215,0.003950617283950617,0.012407407407407407,0.042777777777777776,0.0001234567901234568,0.0,6.17283950617284e-05,0.0001234567901234568,0.016286644951140065,0.03257328990228013,0.0037901234567901234,0.12874251497005987,0.0005308641975308642,0.004123456790123456,0.07248020028699897,0.0,0.011308641975308642,0.0005555555555555556,0.0002777777777777778,0.0,0.0,0.0005555555555555556,0.0,0.0,2.999530864197531,1.359971439511746,4200.0,4000.0,4.0,5.478573007434363,6.732155763106547,6.914122030312857,5.340468799925379,1.826191002478121,2.2440519210355157,2.304707343437619,1.780156266641793,1.0001524018891992,2.0763841436233688,1.5003432909725234,map
obs_dhr_phys,4,0.2,0.0,1.0,2.0,pingpong,1,map,3.0,3,6,3,True,0.0006790123456790123,0.0,0.011589403973509934,0.004012345679012346,0.011666666666666667,0.03728395061728395,0.0014814814814814814,0.0,0.00016049382716049382,0.00018518518518518518,0.040498442367601244,0.04672897196261682,0.003962962962962963,0.11204481792717087,0.0004938271604938272,0.004407407407407408,0.06643960625361515,0.0,0.01091358024691358,0.00040123456790123454,0.00020061728395061727,0.0,0.0,0.00040123456790123454,0.0,0.0,2.9993703703703702,1.283836686779059,4200.0,4000.0,4.0,5.343420394308609,6.695629379411383,6.557909729459217,5.254661472065715,1.781140131436203,2.2318764598037943,2.185969909819739,1.7515538240219048,0.9731164788038275,1.9574240126548357,1.417743416968733,map
obs_dhr_phys,5,0.2,0.0,1.0,2.0,pingpong,1,map,3.0,3,6,3,True,0.0005555555555555556,0.005780346820809248,0.014842300556586271,0.0030864197530864196,0.010679012345679013,0.0332716049382716,0.0,0.0,7.407407407407407e-05,0.0001234567901234568,0.021352313167259787,0.03558718861209965,0.0034691358024691358,0.10954063604240283,0.00038271604938271603,0.003493827160493827,0.058333355744170846,0.0,0.008839506172839505,0.0006172839506172839,0.00030864197530864197,0.0,0.0,0.0006172839506172839,0.0,0.0,2.999506172839506,1.3511808063449504,4200.0,4000.0,4.0,5.374800108328285,6.728879187213453,6.613001050958819,5.3473887133150795,1.7916000361094282,2.242959729071151,2.2043336836529397,1.7824629044383598,1.000282397115589,1.964312122578189,1.4213351249927655,map
obs_dhr_phys,6,0.2,0.0,1.0,2.0,pingpong,1,map,3.0,3,6,3,True,0.0006790123456790123,0.0,0.016722408026755852,0.0038888888888888888,0.00882716049382716,0.03691358024691358,6.17283950617284e-05,0.0,7.407407407407407e-05,0.00013580246913580247,0.020761245674740483,0.03806228373702422,0.003567901234567901,0.12658227848101267,0.0004938271604938272,0.0039012345679012347,0.0652971240785299,0.0,0.010395061728395062,0.0005709876543209877,0.00028549382716049385,0.0,0.0,0.0005709876543209877,0.0,0.0,2.9994814814814816,1.3266536811605498,4200.0,4000.0,4.0,5.419102049533408,6.70033914364367,6.771271912969076,5.312442601466293,1.8063673498444694,2.2334463812145566,2.2570906376563586,1.7708142004887644,1.0075622293139008,2.0197218869577043,1.4781820409698412,map
obs_dhr_phys,7,0.2,0.0,1.0,2.0,pingpong,1,map,3.0,3,6,3,True,0.00037037037037037035,0.0,0.01020408163265306,0.002777777777777778,0.009259259259259259,0.030246913580246913,0.0,0.0,8.641975308641975e-05,0.00018518518518518518,0.02258064516129032,0.04838709677419355,0.0038271604938271606,0.08895705521472393,0.0003580246913580247,0.004024691358024691,0.06592537885178242,0.0,0.009703703703703704,0.0005401234567901234,0.0002700617283950617,0.0,0.0,0.0005401234567901234,0.0,0.0,2.9995555555555558,1.4046864503098921,4200.0,4000.0,4.0,5.383424795845213,6.673496064087732,6.81004897205412,5.169306173143329,1.7944749319484041,2.224498688029244,2.27001632401804,1.723102057714443,1.0055429184573565,2.0351554118662873,1.5116893340018578,map
obs_dhr_phys,8,0.2,0.0,1.0,2.0,pingpong,1,map,3.0,3,6,3,True,0.0006790123456790123,0.007692307692307693,0.012422360248447204,0.003148148148148148,0.008024691358024692,0.029814814814814815,0.0009876543209876543,0.0,0.00014814814814814815,4.938271604938271e-05,0.04780876494023904,0.01593625498007968,0.0030987654320987655,0.09236947791164658,0.0002839506172839506,0.003074074074074074,0.05212523859513777,0.0,0.008148148148148147,0.0010030864197530865,0.0005015432098765432,0.0,0.0,0.0010030864197530865,0.0,0.0,2.999,1.3502940367084872,4200.0,4000.0,4.0,5.342133748207669,6.730275652280019,6.641696462294681,5.410083779039509,1.780711249402556,2.243425217426673,2.2138988207648937,1.803361259679836,0.9904300107142289,1.979999086479789,1.6399861669633538,map
obs_dhr_phys,9,0.2,0.0,1.0,2.0,pingpong,1,map,3.0,3,6,3,True,0.00030864197530864197,0.0,0.006633499170812604,0.003271604938271605,0.011234567901234569,0.03722222222222222,0.0,0.0,6.17283950617284e-05,0.0001234567901234568,0.0199203187250996,0.0398406374501992,0.0030987654320987655,0.15517241379310345,0.0005555555555555556,0.003580246913580247,0.06301957330313437,0.0,0.010543209876543209,0.0007407407407407407,0.00037037037037037035,0.0,0.0,0.0007407407407407407,0.0,0.0,2.9994074074074075,1.4883703091999996,4200.0,4000.0,4.0,5.50262627293026,6.680349014660441,6.6804752937907805,5.535019675246978,1.83420875764342,2.226783004886814,2.22682509793026,1.8450065584156592,1.014685727788178,1.9822116159974164,1.4135431250324473,map
obs_dhr_phys,0,0.2,10.0,0.0,2.0,pingpong,1,map,3.0,3,6,3,False,0.0008024691358024691,0.0021995600879824036,0.001479121629309364,0.0035185185185185185,0.3087037037037037,0.5425308641975308,0.559320987654321,0.8818236352729454,0.00016049382716049382,8.641975308641975e-05,0.047619047619047616,0.02564102564102564,0.0033703703703703704,0.20205479452054795,0.000728395061728395,0.0036049382716049384,0.07881382568698832,0.0,0.012987654320987654,0.0014969135802469136,0.0007484567901234568,0.0,0.0,0.0014969135802469136,0.0,0.0,2.886901234567901,1.3274261695207816,4200.0,4000.0,4.0,5.4022410175345605,6.7072641102632895,6.611276397879626,5.176871684720679,1.8007470058448536,2.2357547034210965,2.2037587992932086,1.725623894906893,0.9913975786089191,1.968167596164162,1.3951847089920193,map
obs_dhr_phys,1,0.2,10.0,0.0,2.0,pingpong,1,map,3.0,3,6,3,False,0.0010493827160493827,0.003750586029067042,0.002221060883198328,0.003580246913580247,0.2633333333333333,0.47246913580246913,0.5438888888888889,0.9282700421940928,0.0002345679012345679,0.0001234567901234568,0.06168831168831169,0.032467532467532464,0.0038024691358024693,0.16012084592145015,0.000654320987654321,0.00408641975308642,0.08163640258796169,0.0,0.012987654320987654,0.0006635802469135803,0.00033179012345679014,0.0,0.0,0.0006635802469135803,0.0,0.0,2.8905185185185185,1.3187284555007546,4200.0,4000.0,4.0,5.437449187212554,6.692094400523338,6.793666293915166,5.408964210906127,1.8124830624041846,2.2306981335077793,2.2645554313050553,1.8029880703020424,0.9914552084452658,2.0359832688654342,1.444882708019577,map
obs_dhr_phys,2,0.2,10.0,0.0,2.0,pingpong,1,map,3.0,3,6,3,False,0.0010493827160493827,0.003755868544600939,0.002335164835164835,0.0033333333333333335,0.26296296296296295,0.44938271604938274,0.48148148148148145,0.8946009389671361,0.00027160493827160494,0.00018518518518518518,0.07719298245614035,0.05263157894736842,0.0035185185185185185,0.20666666666666667,0.0007654320987654321,0.003703703703703704,0.08039152600854114,0.0,0.0134320987654321,0.0010493827160493827,0.0005246913580246914,0.0,0.0,0.0010493827160493827,0.0,0.0,2.902864197530864,1.3418069301310704,4200.0,4000.0,4.0,5.410939530614904,6.66728094640631,6.657121460672002,5.314134918188104,1.803646510204968,2.2224269821354365,2.2190404868906675,1.7713783060627013,0.986539725953694,1.9876820801061676,1.3741907919757068,map
obs_dhr_phys,3,0.2,10.0,0.0,2.0,pingpong,1,map,3.0,3,6,3,False,0.0011111111111111111,0.005120910384068279,0.0026037899609431506,0.004567901234567902,0.2169753086419753,0.4267283950617284,0.511358024691358,0.8910384068278805,0.00019753086419753085,0.00014814814814814815,0.050473186119873815,0.03785488958990536,0.0039135802469135806,0.17094017094017094,0.0007407407407407407,0.004333333333333333,0.09086129832301963,0.0,0.014012345679012345,0.0005555555555555556,0.0002777777777777778,0.0,0.0,0.0005555555555555556,0.0,0.0,2.8972592592592594,1.355132963863255,4200.0,4000.0,4.0,5.478573007434363,6.732155763106547,6.914122030312857,5.340468799925379,1.826191002478121,2.2440519210355157,2.304707343437619,1.780156266641793,1.0001524018891992,2.0763841436233688,1.3805943339830264,map
obs_dhr_phys,4,0.2,10.0,0.0,2.0,pingpong,1,map,3.0,3,6,3,False,0.0010493827160493827,0.004677268475210477,0.0027732463295269166,0.0038271604938271606,0.19796296296296295,0.37839506172839504,0.4189506172839506,0.8456501403180543,0.0002345679012345679,0.0001728395061728395,0.059748427672955975,0.0440251572327044,0.003925925925925926,0.14794520547945206,0.0006666666666666666,0.004506172839506173,0.0982895083146245,0.0,0.015246913580246914,0.00040123456790123454,0.00020061728395061727,0.0,0.0,0.00040123456790123454,0.0,0.0,2.9158271604938273,1.2749613744349633,4200.0,4000.0,4.0,5.343420394308609,6.695629379411383,6.557909729459217,5.254661472065715,1.781140131436203,2.2318764598037943,2.185969909819739,1.7515538240219048,0.9731164788038275,1.9574240126548357,1.4282996249967255,map
obs_dhr_phys,5,0.2,10.0,0.0,2.0,pingpong,1,map,3.0,3,6,3,False,0.0006790123456790123,0.0026702269692923898,0.0018012117242508596,0.002962962962962963,0.23117283950617284,0.3769753086419753,0.45444444444444443,0.8910547396528705,9.876543209876543e-05,0.00014814814814814815,0.02867383512544803,0.043010752688172046,0.0034444444444444444,0.12056737588652482,0.0004197530864197531,0.0034814814814814817,0.06236097232309261,0.0,0.009296296296296296,0.0006172839506172839,0.00030864197530864197,0.0,0.0,0.0006172839506172839,0.0,0.0,2.9086172839506172,1.3511789531721754,4200.0,4000.0,4.0,5.374800108328285,6.728879187213453,6.613001050958819,5.3473887133150795,1.7916000361094282,2.242959729071151,2.2043336836529397,1.7824629044383598,1.000282397115589,1.964312122578189,1.4782207499956712,map
obs_dhr_phys,6,0.2,10.0,0.0,2.0,pingpong,1,map,3.0,3,6,3,False,0.0008641975308641976,0.0023840485478977026,0.002037549119487702,0.0033950617283950617,0.2848148148148148,0.4241358024691358,0.47790123456790123,0.9217598612917208,0.00011111111111111112,9.876543209876543e-05,0.03202846975088968,0.028469750889679714,0.0034691358024691358,0.16510903426791276,0.000654320987654321,0.003962962962962963,0.07583656519311856,0.0,0.01174074074074074,0.0005709876543209877,0.00028549382716049385,0.0,0.0,0.0005709876543209877,0.0,0.0,2.9039135802469134,1.3286102275030094,4200.0,4000.0,4.0,5.419102049533408,6.70033914364367,6.771271912969076,5.312442601466293,1.8063673498444694,2.2334463812145566,2.2570906376563586,1.7708142004887644,1.0075622293139008,2.0197218869577043,1.4378470410010777,map
obs_dhr_phys,7,0.2,10.0,0.0,2.0,pingpong,1,map,3.0,3,6,3,False,0.0008641975308641976,0.0037343291544411844,0.0022879555482922045,0.0030864197530864196,0.23141975308641977,0.377716049382716,0.4538888888888889,0.8959722592691385,0.00016049382716049382,0.00018518518518518518,0.04126984126984127,0.047619047619047616,0.0038888888888888888,0.11178247734138973,0.00045679012345679014,0.00408641975308642,0.07157336906053643,0.0,0.010493827160493827,0.0005401234567901234,0.0002700617283950617,0.0,0.0,0.0005401234567901234,0.0,0.0,2.908777777777778,1.402834785256161,4200.0,4000.0,4.0,5.383424795845213,6.673496064087732,6.81004897205412,5.169306173143329,1.7944749319484041,2.224498688029244,2.27001632401804,1.723102057714443,1.0055429184573565,2.0351554118662873,1.4381204590317793,map
obs_dhr_phys,8,0.2,10.0,0.0,2.0,pingpong,1,map,3.0,3,6,3,False,0.0008641975308641976,0.0030657748049052395,0.00213512276955925,0.002839506172839506,0.22148148148148147,0.4047530864197531,0.4780864197530864,0.9175027870680045,0.0001728395061728395,4.938271604938271e-05,0.056910569105691054,0.016260162601626018,0.003037037037037037,0.13360323886639677,0.0004074074074074074,0.0030493827160493828,0.06260648441925115,0.0,0.009506172839506173,0.0010030864197530865,0.0005015432098765432,0.0,0.0,0.0010030864197530865,0.0,0.0,2.9035555555555557,1.349955455409035,4200.0,4000.0,4.0,5.342133748207669,6.730275652280019,6.641696462294681,5.410083779039509,1.780711249402556,2.243425217426673,2.2138988207648937,1.803361259679836,0.9904300107142289,1.979999086479789,1.5371413330431096,map
obs_dhr_phys,9,0.2,10.0,0.0,2.0,pingpong,1,map,3.0,3,6,3,False,0.0007407407407407407,0.002515435627715527,0.0016348773841961854,0.003765432098765432,0.2699382716049383,0.45308641975308644,0.4991358024691358,0.8968671392636633,0.00013580246913580247,0.00014814814814814815,0.04247104247104247,0.04633204633204633,0.003197530864197531,0.2251655629139073,0.0008395061728395062,0.003728395061728395,0.08966338472741571,0.0,0.014641975308641975,0.0007407407407407407,0.00037037037037037035,0.0,0.0,0.0007407407407407407,0.0,0.0,2.89958024691358,1.488037616162141,4200.0,4000.0,4.0,5.50262627293026,6.680349014660441,6.6804752937907805,5.535019675246978,1.83420875764342,2.226783004886814,2.22682509793026,1.8450065584156592,1.014685727788178,1.9822116159974164,1.5041920419898815,map
obs_dhr_phys,0,0.2,10.0,1.0,2.0,pingpong,1,map,3.0,3,6,3,True,0.0009876543209876543,0.0035030988951765024,0.00162321193060769,0.003271604938271605,0.22907407407407407,0.6084567901234568,0.4461728395061728,0.8733495014820803,0.00016049382716049382,8.641975308641975e-05,0.048327137546468404,0.026022304832713755,0.0033209876543209877,0.27531645569620256,0.001074074074074074,0.0039012345679012347,0.2852597230360573,0.0,0.03954320987654321,0.0014969135802469136,0.0007484567901234568,0.0,0.0,0.0014969135802469136,0.0,0.0,2.909530864197531,1.3059349042254538,4200.0,4000.0,4.0,5.4022410175345605,6.7072641102632895,6.611276397879626,5.176871684720679,1.8007470058448536,2.2357547034210965,2.2037587992932086,1.725623894906893,0.9913975786089191,1.968167596164162,1.4192887090030126,map
obs_dhr_phys,1,0.2,10.0,1.0,2.0,pingpong,1,map,3.0,3,6,3,True,0.000925925925925926,0.003927729772191673,0.0018631225934666502,0.0032098765432098763,0.23574074074074075,0.4969753086419753,0.45598765432098765,0.9279916208431527,0.00022222222222222223,0.0001234567901234568,0.059602649006622516,0.033112582781456956,0.003728395061728395,0.19648093841642228,0.0008271604938271604,0.004209876543209877,0.14942872981795444,0.0,0.021074074074074075,0.0006635802469135803,0.00033179012345679014,0.0,0.0,0.0006635802469135803,0.0,0.0,2.908098765432099,1.3136838579424155,4200.0,4000.0,4.0,5.437449187212554,6.692094400523338,6.793666293915166,5.408964210906127,1.8124830624041846,2.2306981335077793,2.2645554313050553,1.8029880703020424,0.9914552084452658,2.0359832688654342,1.435426624957472,map
obs_dhr_phys,2,0.2,10.0,1.0,2.0,pingpong,1,map,3.0,3,6,3,True,0.0009876543209876543,0.0038461538461538464,0.002102496714848883,0.002962962962962963,0.24074074074074073,0.4697530864197531,0.41802469135802467,0.8910256410256411,0.0002469135802469136,0.00016049382716049382,0.07168458781362007,0.04659498207885305,0.0034444444444444444,0.25796178343949044,0.001,0.0038765432098765433,0.1328760067041128,0.0,0.019333333333333334,0.0010493827160493827,0.0005246913580246914,0.0,0.0,0.0010493827160493827,0.0,0.0,2.9155555555555557,1.3315029916555803,4200.0,4000.0,4.0,5.410939530614904,6.66728094640631,6.657121460672002,5.314134918188104,1.803646510204968,2.2224269821354365,2.2190404868906675,1.7713783060627013,0.986539725953694,1.9876820801061676,1.4236692920094356,map
obs_dhr_phys,3,0.2,10.0,1.0,2.0,pingpong,1,map,3.0,3,6,3,True,0.0011728395061728395,0.0063039150630391505,0.002623584645125656,0.0036419753086419752,0.18604938271604937,0.447037037037037,0.4401851851851852,0.8838752488387525,0.00018518518518518518,0.00013580246913580247,0.04966887417218543,0.03642384105960265,0.003728395061728395,0.22191011235955055,0.0009753086419753087,0.004395061728395062,0.1459708321804858,0.0,0.02011111111111111,0.0005555555555555556,0.0002777777777777778,0.0,0.0,0.0005555555555555556,0.0,0.0,2.911493827160494,1.3449084754999916,4200.0,4000.0,4.0,5.478573007434363,6.732155763106547,6.914122030312857,5.340468799925379,1.826191002478121,2.2440519210355157,2.304707343437619,1.780156266641793,1.0001524018891992,2.0763841436233688,1.595074790995568,map
obs_dhr_phys,4,0.2,10.0,1.0,2.0,pingpong,1,map,3.0,3,6,3,True,0.000925925925925926,0.004911220249338874,0.002283452580301416,0.002654320987654321,0.16339506172839507,0.4054938271604938,0.3419135802469136,0.859463543634303,0.00018518518518518518,0.00014814814814814815,0.05016722408026756,0.04013377926421405,0.003691358024691358,0.19060773480662985,0.0008518518518518519,0.004469135802469136,0.18585130822606533,0.0,0.02574074074074074,0.00040123456790123454,0.00020061728395061727,0.0,0.0,0.00040123456790123454,0.0,0.0,2.9312345679012344,1.2551459613507572,4200.0,4000.0,4.0,5.343420394308609,6.695629379411383,6.557909729459217,5.254661472065715,1.781140131436203,2.2318764598037943,2.185969909819739,1.7515538240219048,0.9731164788038275,1.9574240126548357,1.4637917500222102,map
obs_dhr_phys,5,0.2,10.0,1.0,2.0,pingpong,1,map,3.0,3,6,3,True,0.0009876543209876543,0.004246885617214043,0.002530044275774826,0.002962962962962963,0.21802469135802469,0.39037037037037037,0.3927777777777778,0.8757078142695357,8.641975308641975e-05,0.0001234567901234568,0.025089605734767026,0.035842293906810034,0.0034444444444444444,0.17301038062283736,0.0006172839506172839,0.003567901234567901,0.10216201805520518,0.0,0.013567901234567902,0.0006172839506172839,0.00030864197530864197,0.0,0.0,0.0006172839506172839,0.0,0.0,2.9209506172839506,1.3467468358609302,4200.0,4000.0,4.0,5.374800108328285,6.728879187213453,6.613001050958819,5.3473887133150795,1.7916000361094282,2.242959729071151,2.2043336836529397,1.7824629044383598,1.000282397115589,1.964312122578189,1.4719454580335878,map
obs_dhr_phys,6,0.2,10.0,1.0,2.0,pingpong,1,map,3.0,3,6,3,True,0.0009876543209876543,0.00360082304526749,0.0022525693368999015,0.0034567901234567903,0.24,0.4384567901234568,0.4127777777777778,0.9038065843621399,0.00011111111111111112,8.641975308641975e-05,0.031914893617021274,0.024822695035460994,0.0034814814814814817,0.2099125364431487,0.0008888888888888889,0.004234567901234568,0.12442556087532834,0.0,0.01754320987654321,0.0005709876543209877,0.00028549382716049385,0.0,0.0,0.0005709876543209877,0.0,0.0,2.916938271604938,1.3191686465538628,4200.0,4000.0,4.0,5.419102049533408,6.70033914364367,6.771271912969076,5.312442601466293,1.8063673498444694,2.2334463812145566,2.2570906376563586,1.7708142004887644,1.0075622293139008,2.0197218869577043,1.3824384160107002,map
obs_dhr_phys,7,0.2,10.0,1.0,2.0,pingpong,1,map,3.0,3,6,3,True,0.0007407407407407407,0.0037151702786377707,0.0018498535532603668,0.002283950617283951,0.1993827160493827,0.4004320987654321,0.3914814814814815,0.9315789473684211,0.00013580246913580247,0.0001728395061728395,0.03642384105960265,0.046357615894039736,0.003728395061728395,0.16231884057971013,0.000691358024691358,0.0042592592592592595,0.13847145821584267,0.0,0.018851851851851852,0.0005401234567901234,0.0002700617283950617,0.0,0.0,0.0005401234567901234,0.0,0.0,2.9212592592592594,1.3960372343213923,4200.0,4000.0,4.0,5.383424795845213,6.673496064087732,6.81004897205412,5.169306173143329,1.7944749319484041,2.224498688029244,2.27001632401804,1.723102057714443,1.0055429184573565,2.0351554118662873,1.4540856250096112,map
obs_dhr_phys,8,0.2,10.0,1.0,2.0,pingpong,1,map,3.0,3,6,3,True,0.0011111111111111111,0.00546875,0.0025344973246972683,0.002839506172839506,0.1580246913580247,0.43839506172839504,0.358641975308642,0.898046875,0.0001728395061728395,4.938271604938271e-05,0.056910569105691054,0.016260162601626018,0.003037037037037037,0.22262773722627738,0.0007530864197530864,0.0033827160493827163,0.17427049657745847,0.0,0.024160493827160495,0.0010030864197530865,0.0005015432098765432,0.0,0.0,0.0010030864197530865,0.0,0.0,2.9274444444444443,1.354504895943419,4200.0,4000.0,4.0,5.342133748207669,6.730275652280019,6.641696462294681,5.410083779039509,1.780711249402556,2.243425217426673,2.2138988207648937,1.803361259679836,0.9904300107142289,1.979999086479789,1.5365477080340497,map
obs_dhr_phys,9,0.2,10.0,1.0,2.0,pingpong,1,map,3.0,3,6,3,True,0.000925925925925926,0.0040347610180012415,0.0019646365422396855,0.002962962962962963,0.1988888888888889,0.47129629629629627,0.4152469135802469,0.8876474239602731,0.00011111111111111112,0.00016049382716049382,0.036585365853658534,0.052845528455284556,0.003037037037037037,0.26479750778816197,0.0010493827160493827,0.003962962962962963,0.15028980650176582,0.0,0.021753086419753088,0.0007407407407407407,0.00037037037037037035,0.0,0.0,0.0007407407407407407,0.0,0.0,2.916358024691358,1.4866194441834766,4200.0,4000.0,4.0,5.50262627293026,6.680349014660441,6.6804752937907805,5.535019675246978,1.83420875764342,2.226783004886814,2.22682509793026,1.8450065584156592,1.014685727788178,1.9822116159974164,1.3542315000086091,map
obs_dhr_phys,0,0.2,0.0,0.0,2.0,pingpong,1,neighbour_reciprocity,3.0,3,6,3,False,0.0004938271604938272,0.0,0.015065913370998116,0.003271604938271605,0.011358024691358024,0.03277777777777778,0.0,0.0,6.17283950617284e-05,0.00011111111111111112,0.01858736059479554,0.03345724907063197,0.0033209876543209877,0.1423487544483986,0.0004938271604938272,0.0034691358024691358,0.060889447558592796,0.0,0.010135802469135802,0.0,0.0,0.0,0.0,0.0,0.0,0.0,3.0,1.3257896394313233,4200.0,4000.0,4.0,5.4022410175345605,6.7072641102632895,6.611276397879626,5.176871684720679,1.8007470058448536,2.2357547034210965,2.2037587992932086,1.725623894906893,0.9913975786089191,1.968167596164162,1.4784450840088539,neighbour
obs_dhr_phys,1,0.2,0.0,0.0,2.0,pingpong,1,neighbour_reciprocity,3.0,3,6,3,False,0.0008024691358024691,0.015306122448979591,0.015895953757225433,0.003765432098765432,0.012098765432098766,0.04271604938271605,0.0,0.0,0.00014814814814814815,0.00016049382716049382,0.03858520900321544,0.04180064308681672,0.003839506172839506,0.13636363636363635,0.0005555555555555556,0.004074074074074074,0.07139037680454004,0.0,0.01154320987654321,0.0,0.0,0.0,0.0,0.0,0.0,0.0,3.0,1.3205402631862686,4200.0,4000.0,4.0,5.437449187212554,6.692094400523338,6.793666293915166,5.408964210906127,1.8124830624041846,2.2306981335077793,2.2645554313050553,1.8029880703020424,0.9914552084452658,2.0359832688654342,1.5209262080024928,neighbour
obs_dhr_phys,2,0.2,0.0,0.0,2.0,pingpong,1,neighbour_reciprocity,3.0,3,6,3,False,0.0004938271604938272,0.007194244604316547,0.011764705882352941,0.002962962962962963,0.008580246913580248,0.03148148148148148,0.0,0.0,0.00018518518518518518,0.0001728395061728395,0.053763440860215055,0.05017921146953405,0.0034444444444444444,0.17006802721088435,0.0006172839506172839,0.00362962962962963,0.06547709301687925,0.0,0.011024691358024691,0.0,0.0,0.0,0.0,0.0,0.0,0.0,3.0,1.3417163259354123,4200.0,4000.0,4.0,5.410939530614904,6.66728094640631,6.657121460672002,5.314134918188104,1.803646510204968,2.2224269821354365,2.2190404868906675,1.7713783060627013,0.986539725953694,1.9876820801061676,1.4713720409781672,neighbour
obs_dhr_phys,3,0.2,0.0,0.0,2.0,pingpong,1,neighbour_reciprocity,3.0,3,6,3,False,0.00037037037037037035,0.004975124378109453,0.007215007215007215,0.003950617283950617,0.012407407407407407,0.042777777777777776,0.0,0.0,6.17283950617284e-05,0.0001234567901234568,0.016286644951140065,0.03257328990228013,0.0037901234567901234,0.12874251497005987,0.0005308641975308642,0.004123456790123456,0.07248020028699897,0.0,0.011308641975308642,0.0,0.0,0.0,0.0,0.0,0.0,0.0,3.0,1.359971439511746,4200.0,4000.0,4.0,5.478573007434363,6.732155763106547,6.914122030312857,5.340468799925379,1.826191002478121,2.2440519210355157,2.304707343437619,1.780156266641793,1.0001524018891992,2.0763841436233688,1.5495010410086252,neighbour
obs_dhr_phys,4,0.2,0.0,0.0,2.0,pingpong,1,neighbour_reciprocity,3.0,3,6,3,False,0.0006790123456790123,0.0,0.011589403973509934,0.004012345679012346,0.011666666666666667,0.03728395061728395,0.0,0.0,0.00016049382716049382,0.00018518518518518518,0.040498442367601244,0.04672897196261682,0.003962962962962963,0.11204481792717087,0.0004938271604938272,0.004407407407407408,0.06643960625361515,0.0,0.01091358024691358,0.0,0.0,0.0,0.0,0.0,0.0,0.0,3.0,1.283836686779059,4200.0,4000.0,4.0,5.343420394308609,6.695629379411383,6.557909729459217,5.254661472065715,1.781140131436203,2.2318764598037943,2.185969909819739,1.7515538240219048,0.9731164788038275,1.9574240126548357,1.4100301250000484,neighbour
obs_dhr_phys,5,0.2,0.0,0.0,2.0,pingpong,1,neighbour_reciprocity,3.0,3,6,3,False,0.0005555555555555556,0.005780346820809248,0.014842300556586271,0.0030864197530864196,0.010679012345679013,0.0332716049382716,0.0,0.0,7.407407407407407e-05,0.0001234567901234568,0.021352313167259787,0.03558718861209965,0.0034691358024691358,0.10954063604240283,0.00038271604938271603,0.003493827160493827,0.058333355744170846,0.0,0.008839506172839505,0.0,0.0,0.0,0.0,0.0,0.0,0.0,3.0,1.3511808063449504,4200.0,4000.0,4.0,5.374800108328285,6.728879187213453,6.613001050958819,5.3473887133150795,1.7916000361094282,2.242959729071151,2.2043336836529397,1.7824629044383598,1.000282397115589,1.964312122578189,1.4933322080178186,neighbour
obs_dhr_phys,6,0.2,0.0,0.0,2.0,pingpong,1,neighbour_reciprocity,3.0,3,6,3,False,0.0006790123456790123,0.0,0.016722408026755852,0.0038888888888888888,0.00882716049382716,0.03691358024691358,0.0,0.0,7.407407407407407e-05,0.00013580246913580247,0.020761245674740483,0.03806228373702422,0.003567901234567901,0.12658227848101267,0.0004938271604938272,0.0039012345679012347,0.0652971240785299,0.0,0.010395061728395062,0.0,0.0,0.0,0.0,0.0,0.0,0.0,3.0,1.3266536811605498,4200.0,4000.0,4.0,5.419102049533408,6.70033914364367,6.771271912969076,5.312442601466293,1.8063673498444694,2.2334463812145566,2.2570906376563586,1.7708142004887644,1.0075622293139008,2.0197218869577043,1.4228349999757484,neighbour
obs_dhr_phys,7,0.2,0.0,0.0,2.0,pingpong,1,neighbour_reciprocity,3.0,3,6,3,False,0.00037037037037037035,0.0,0.01020408163265306,0.002777777777777778,0.009259259259259259,0.030246913580246913,0.0,0.0,8.641975308641975e-05,0.00018518518518518518,0.02258064516129032,0.04838709677419355,0.0038271604938271606,0.08895705521472393,0.0003580246913580247,0.004024691358024691,0.06592537885178242,0.0,0.009703703703703704,0.0,0.0,0.0,0.0,0.0,0.0,0.0,3.0,1.4046864503098921,4200.0,4000.0,4.0,5.383424795845213,6.673496064087732,6.81004897205412,5.169306173143329,1.7944749319484041,2.224498688029244,2.27001632401804,1.723102057714443,1.0055429184573565,2.0351554118662873,1.5530680830124766,neighbour
obs_dhr_phys,8,0.2,0.0,0.0,2.0,pingpong,1,neighbour_reciprocity,3.0,3,6,3,False,0.0006790123456790123,0.007692307692307693,0.012422360248447204,0.003148148148148148,0.008024691358024692,0.029814814814814815,0.0,0.0,0.00014814814814814815,4.938271604938271e-05,0.04780876494023904,0.01593625498007968,0.0030987654320987655,0.09236947791164658,0.0002839506172839506,0.003074074074074074,0.05212523859513777,0.0,0.008148148148148147,0.0,0.0,0.0,0.0,0.0,0.0,0.0,3.0,1.3502940367084872,4200.0,4000.0,4.0,5.342133748207669,6.730275652280019,6.641696462294681,5.410083779039509,1.780711249402556,2.243425217426673,2.2138988207648937,1.803361259679836,0.9904300107142289,1.979999086479789,1.7367289169924334,neighbour
obs_dhr_phys,9,0.2,0.0,0.0,2.0,pingpong,1,neighbour_reciprocity,3.0,3,6,3,False,0.00030864197530864197,0.0,0.006633499170812604,0.003271604938271605,0.011234567901234569,0.03722222222222222,0.0,0.0,6.17283950617284e-05,0.0001234567901234568,0.0199203187250996,0.0398406374501992,0.0030987654320987655,0.15517241379310345,0.0005555555555555556,0.003580246913580247,0.06301957330313437,0.0,0.010543209876543209,0.0,0.0,0.0,0.0,0.0,0.0,0.0,3.0,1.4883703091999996,4200.0,4000.0,4.0,5.50262627293026,6.680349014660441,6.6804752937907805,5.535019675246978,1.83420875764342,2.226783004886814,2.22682509793026,1.8450065584156592,1.014685727788178,1.9822116159974164,1.405668749997858,neighbour
obs_dhr_phys,0,0.2,0.0,1.0,2.0,pingpong,1,neighbour_reciprocity,3.0,3,6,3,True,0.0004938271604938272,0.0,0.015065913370998116,0.003271604938271605,0.011358024691358024,0.03277777777777778,0.0,0.0,6.17283950617284e-05,0.00011111111111111112,0.01858736059479554,0.03345724907063197,0.0033209876543209877,0.1423487544483986,0.0004938271604938272,0.0034691358024691358,0.060889447558592796,0.0,0.010135802469135802,0.0,0.0,0.0,0.0,0.0,0.0,0.0,3.0,1.3257896394313233,4200.0,4000.0,4.0,5.4022410175345605,6.7072641102632895,6.611276397879626,5.176871684720679,1.8007470058448536,2.2357547034210965,2.2037587992932086,1.725623894906893,0.9913975786089191,1.968167596164162,1.4545273330295458,neighbour
obs_dhr_phys,1,0.2,0.0,1.0,2.0,pingpong,1,neighbour_reciprocity,3.0,3,6,3,True,0.0008024691358024691,0.015306122448979591,0.015895953757225433,0.003765432098765432,0.012098765432098766,0.04271604938271605,0.0,0.0,0.00014814814814814815,0.00016049382716049382,0.03858520900321544,0.04180064308681672,0.003839506172839506,0.13636363636363635,0.0005555555555555556,0.004074074074074074,0.07139037680454004,0.0,0.01154320987654321,0.0,0.0,0.0,0.0,0.0,0.0,0.0,3.0,1.3205402631862686,4200.0,4000.0,4.0,5.437449187212554,6.692094400523338,6.793666293915166,5.408964210906127,1.8124830624041846,2.2306981335077793,2.2645554313050553,1.8029880703020424,0.9914552084452658,2.0359832688654342,1.4342999579967,neighbour
obs_dhr_phys,2,0.2,0.0,1.0,2.0,pingpong,1,neighbour_reciprocity,3.0,3,6,3,True,0.0004938271604938272,0.007194244604316547,0.011764705882352941,0.002962962962962963,0.008580246913580248,0.03148148148148148,0.0,0.0,0.00018518518518518518,0.0001728395061728395,0.053763440860215055,0.05017921146953405,0.0034444444444444444,0.17006802721088435,0.0006172839506172839,0.00362962962962963,0.06547709301687925,0.0,0.011024691358024691,0.0,0.0,0.0,0.0,0.0,0.0,0.0,3.0,1.3417163259354123,4200.0,4000.0,4.0,5.410939530614904,6.66728094640631,6.657121460672002,5.314134918188104,1.803646510204968,2.2224269821354365,2.2190404868906675,1.7713783060627013,0.986539725953694,1.9876820801061676,1.3819089580210857,neighbour
obs_dhr_phys,3,0.2,0.0,1.0,2.0,pingpong,1,neighbour_reciprocity,3.0,3,6,3,True,0.00037037037037037035,0.004975124378109453,0.007215007215007215,0.003950617283950617,0.012407407407407407,0.042777777777777776,0.0,0.0,6.17283950617284e-05,0.0001234567901234568,0.016286644951140065,0.03257328990228013,0.0037901234567901234,0.12874251497005987,0.0005308641975308642,0.004123456790123456,0.07248020028699897,0.0,0.011308641975308642,0.0,0.0,0.0,0.0,0.0,0.0,0.0,3.0,1.359971439511746,4200.0,4000.0,4.0,5.478573007434363,6.732155763106547,6.914122030312857,5.340468799925379,1.826191002478121,2.2440519210355157,2.304707343437619,1.780156266641793,1.0001524018891992,2.0763841436233688,1.3933926669997163,neighbour
obs_dhr_phys,4,0.2,0.0,1.0,2.0,pingpong,1,neighbour_reciprocity,3.0,3,6,3,True,0.0006790123456790123,0.0,0.011589403973509934,0.004012345679012346,0.011666666666666667,0.03728395061728395,0.0,0.0,0.00016049382716049382,0.00018518518518518518,0.040498442367601244,0.04672897196261682,0.003962962962962963,0.11204481792717087,0.0004938271604938272,0.004407407407407408,0.06643960625361515,0.0,0.01091358024691358,0.0,0.0,0.0,0.0,0.0,0.0,0.0,3.0,1.283836686779059,4200.0,4000.0,4.0,5.343420394308609,6.695629379411383,6.557909729459217,5.254661472065715,1.781140131436203,2.2318764598037943,2.185969909819739,1.7515538240219048,0.9731164788038275,1.9574240126548357,1.5100138750276528,neighbour
obs_dhr_phys,5,0.2,0.0,1.0,2.0,pingpong,1,neighbour_reciprocity,3.0,3,6,3,True,0.0005555555555555556,0.005780346820809248,0.014842300556586271,0.0030864197530864196,0.010679012345679013,0.0332716049382716,0.0,0.0,7.407407407407407e-05,0.0001234567901234568,0.021352313167259787,0.03558718861209965,0.0034691358024691358,0.10954063604240283,0.00038271604938271603,0.003493827160493827,0.058333355744170846,0.0,0.008839506172839505,0.0,0.0,0.0,0.0,0.0,0.0,0.0,3.0,1.3511808063449504,4200.0,4000.0,4.0,5.374800108328285,6.728879187213453,6.613001050958819,5.3473887133150795,1.7916000361094282,2.242959729071151,2.2043336836529397,1.7824629044383598,1.000282397115589,1.964312122578189,1.4727447499753907,neighbour
obs_dhr_phys,6,0.2,0.0,1.0,2.0,pingpong,1,neighbour_reciprocity,3.0,3,6,3,True,0.0006790123456790123,0.0,0.016722408026755852,0.0038888888888888888,0.00882716049382716,0.03691358024691358,0.0,0.0,7.407407407407407e-05,0.00013580246913580247,0.020761245674740483,0.03806228373702422,0.003567901234567901,0.12658227848101267,0.0004938271604938272,0.0039012345679012347,0.0652971240785299,0.0,0.010395061728395062,0.0,0.0,0.0,0.0,0.0,0.0,0.0,3.0,1.3266536811605498,4200.0,4000.0,4.0,5.419102049533408,6.70033914364367,6.771271912969076,5.312442601466293,1.8063673498444694,2.2334463812145566,2.2570906376563586,1.7708142004887644,1.0075622293139008,2.0197218869577043,1.446376291976776,neighbour
obs_dhr_phys,7,0.2,0.0,1.0,2.0,pingpong,1,neighbour_reciprocity,3.0,3,6,3,True,0.00037037037037037035,0.0,0.01020408163265306,0.002777777777777778,0.009259259259259259,0.030246913580246913,0.0,0.0,8.641975308641975e-05,0.00018518518518518518,0.02258064516129032,0.04838709677419355,0.0038271604938271606,0.08895705521472393,0.0003580246913580247,0.004024691358024691,0.06592537885178242,0.0,0.009703703703703704,0.0,0.0,0.0,0.0,0.0,0.0,0.0,3.0,1.4046864503098921,4200.0,4000.0,4.0,5.383424795845213,6.673496064087732,6.81004897205412,5.169306173143329,1.7944749319484041,2.224498688029244,2.27001632401804,1.723102057714443,1.0055429184573565,2.0351554118662873,1.631517415982671,neighbour
obs_dhr_phys,8,0.2,0.0,1.0,2.0,pingpong,1,neighbour_reciprocity,3.0,3,6,3,True,0.0006790123456790123,0.007692307692307693,0.012422360248447204,0.003148148148148148,0.008024691358024692,0.029814814814814815,0.0,0.0,0.00014814814814814815,4.938271604938271e-05,0.04780876494023904,0.01593625498007968,0.0030987654320987655,0.09236947791164658,0.0002839506172839506,0.003074074074074074,0.05212523859513777,0.0,0.008148148148148147,0.0,0.0,0.0,0.0,0.0,0.0,0.0,3.0,1.3502940367084872,4200.0,4000.0,4.0,5.342133748207669,6.730275652280019,6.641696462294681,5.410083779039509,1.780711249402556,2.243425217426673,2.2138988207648937,1.803361259679836,0.9904300107142289,1.979999086479789,1.5586273749941029,neighbour
obs_dhr_phys,9,0.2,0.0,1.0,2.0,pingpong,1,neighbour_reciprocity,3.0,3,6,3,True,0.00030864197530864197,0.0,0.006633499170812604,0.003271604938271605,0.011234567901234569,0.03722222222222222,0.0,0.0,6.17283950617284e-05,0.0001234567901234568,0.0199203187250996,0.0398406374501992,0.0030987654320987655,0.15517241379310345,0.0005555555555555556,0.003580246913580247,0.06301957330313437,0.0,0.010543209876543209,0.0,0.0,0.0,0.0,0.0,0.0,0.0,3.0,1.4883703091999996,4200.0,4000.0,4.0,5.50262627293026,6.680349014660441,6.6804752937907805,5.535019675246978,1.83420875764342,2.226783004886814,2.22682509793026,1.8450065584156592,1.014685727788178,1.9822116159974164,1.3843954580370337,neighbour
obs_dhr_phys,0,0.2,10.0,0.0,2.0,pingpong,1,neighbour_reciprocity,3.0,3,6,3,False,0.0019753086419753087,0.0055286800276434,0.003654636820465966,0.004753086419753087,0.26796296296296296,0.5404938271604939,0.12277777777777778,0.0,0.00025925925925925926,0.00013580246913580247,0.07167235494880546,0.03754266211604096,0.003617283950617284,0.16151202749140894,0.0005802469135802469,0.0035925925925925925,0.07107717651410941,0.0,0.01165432098765432,0.0,0.0,0.0,0.0,0.0,0.0,0.024555555555555556,2.9508888888888887,1.3260338666207663,4200.0,4000.0,4.0,5.4022410175345605,6.7072641102632895,6.611276397879626,5.176871684720679,1.8007470058448536,2.2357547034210965,2.2037587992932086,1.725623894906893,0.9913975786089191,1.968167596164162,1.4204624579870142,neighbour
obs_dhr_phys,1,0.2,10.0,0.0,2.0,pingpong,1,neighbour_reciprocity,3.0,3,6,3,False,0.002283950617283951,0.007043964051493806,0.004860107710495206,0.004691358024691358,0.2541358024691358,0.4699382716049383,0.10475308641975309,0.0,0.0003333333333333333,0.0001728395061728395,0.08282208588957055,0.04294478527607362,0.004024691358024691,0.138801261829653,0.0005432098765432099,0.0039135802469135806,0.07016334108467835,0.0,0.011333333333333334,0.0,0.0,0.0,0.0,0.0,0.0,0.020950617283950618,2.9580987654320987,1.317906169376246,4200.0,4000.0,4.0,5.437449187212554,6.692094400523338,6.793666293915166,5.408964210906127,1.8124830624041846,2.2306981335077793,2.2645554313050553,1.8029880703020424,0.9914552084452658,2.0359832688654342,1.4255920419818722,neighbour
obs_dhr_phys,2,0.2,10.0,0.0,2.0,pingpong,1,neighbour_reciprocity,3.0,3,6,3,False,0.0016666666666666668,0.006513809275664409,0.0037272225289895085,0.004074074074074074,0.23691358024691359,0.4471604938271605,0.08530864197530864,0.0002605523710265763,0.00037037037037037035,0.00019753086419753085,0.10101010101010101,0.05387205387205387,0.0036666666666666666,0.18493150684931506,0.0006666666666666666,0.0036049382716049384,0.07299105934779054,0.0,0.012308641975308642,0.0,0.0,0.0,0.0,0.0,0.0,0.017061728395061728,2.9658765432098764,1.3399586174254905,4200.0,4000.0,4.0,5.410939530614904,6.66728094640631,6.657121460672002,5.314134918188104,1.803646510204968,2.2224269821354365,2.2190404868906675,1.7713783060627013,0.986539725953694,1.9876820801061676,1.3812874580034986,neighbour
obs_dhr_phys,3,0.2,10.0,0.0,2.0,pingpong,1,neighbour_reciprocity,3.0,3,6,3,False,0.002037037037037037,0.008942337341967314,0.004804892253931275,0.005246913580246914,0.2001851851851852,0.4239506172839506,0.10944444444444444,0.0006167129201356768,0.0002345679012345679,0.00020987654320987656,0.057926829268292686,0.051829268292682924,0.004049382716049383,0.1402439024390244,0.0005679012345679012,0.004049382716049383,0.0774436457964919,0.0,0.011864197530864198,0.0,0.0,0.0,0.0,0.0,0.0,0.02188888888888889,2.9562222222222223,1.3583991570662954,4200.0,4000.0,4.0,5.478573007434363,6.732155763106547,6.914122030312857,5.340468799925379,1.826191002478121,2.2440519210355157,2.304707343437619,1.780156266641793,1.0001524018891992,2.0763841436233688,1.3788337919977494,neighbour
obs_dhr_phys,4,0.2,10.0,0.0,2.0,pingpong,1,neighbour_reciprocity,3.0,3,6,3,False,0.0025925925925925925,0.009544008483563097,0.006863866644876614,0.0051234567901234564,0.17462962962962963,0.377716049382716,0.08962962962962963,0.00494874513962531,0.0004074074074074074,0.0002345679012345679,0.09734513274336283,0.05604719764011799,0.004185185185185185,0.150997150997151,0.000654320987654321,0.004333333333333333,0.09132626572860497,0.0,0.014308641975308642,0.0,0.0,0.0,0.0,0.0,0.0,0.017925925925925925,2.964148148148148,1.2745402923548477,4200.0,4000.0,4.0,5.343420394308609,6.695629379411383,6.557909729459217,5.254661472065715,1.781140131436203,2.2318764598037943,2.185969909819739,1.7515538240219048,0.9731164788038275,1.9574240126548357,1.4550757920369506,neighbour
obs_dhr_phys,5,0.2,10.0,0.0,2.0,pingpong,1,neighbour_reciprocity,3.0,3,6,3,False,0.0016666666666666668,0.0060414269275028765,0.004434954007884363,0.003703703703703704,0.2145679012345679,0.37580246913580245,0.05734567901234568,0.00028768699654775604,0.00019753086419753085,0.00016049382716049382,0.054982817869415807,0.044673539518900345,0.0035925925925925925,0.11439114391143912,0.00038271604938271603,0.003345679012345679,0.056106731210263196,0.0,0.008555555555555556,0.0,0.0,0.0,0.0,0.0,0.0,0.011469135802469136,2.9770617283950616,1.3526593318427278,4200.0,4000.0,4.0,5.374800108328285,6.728879187213453,6.613001050958819,5.3473887133150795,1.7916000361094282,2.242959729071151,2.2043336836529397,1.7824629044383598,1.000282397115589,1.964312122578189,1.4623399169649929,neighbour
obs_dhr_phys,6,0.2,10.0,0.0,2.0,pingpong,1,neighbour_reciprocity,3.0,3,6,3,False,0.0024691358024691358,0.006177239249227845,0.0058428279287175,0.005432098765432099,0.25981481481481483,0.4225925925925926,0.055308641975308645,0.0007127583749109052,0.000345679012345679,0.0001728395061728395,0.08917197452229299,0.044585987261146494,0.0038765432098765433,0.13099041533546327,0.0005061728395061728,0.0038641975308641974,0.06729774267639851,0.0,0.010444444444444444,0.0,0.0,0.0,0.0,0.0,0.0,0.011061728395061728,2.9778765432098764,1.3269565991011052,4200.0,4000.0,4.0,5.419102049533408,6.70033914364367,6.771271912969076,5.312442601466293,1.8063673498444694,2.2334463812145566,2.2570906376563586,1.7708142004887644,1.0075622293139008,2.0197218869577043,1.409464750031475,neighbour
obs_dhr_phys,7,0.2,10.0,0.0,2.0,pingpong,1,neighbour_reciprocity,3.0,3,6,3,False,0.0014814814814814814,0.005383961462170587,0.003931847968545216,0.0038271604938271606,0.2178395061728395,0.37679012345679014,0.06685185185185186,0.0,0.00027160493827160494,0.00019753086419753085,0.0672782874617737,0.04892966360856269,0.004037037037037037,0.09907120743034056,0.0003950617283950617,0.003987654320987654,0.06717184947822549,0.0,0.009839506172839506,0.0,0.0,0.0,0.0,0.0,0.0,0.013370370370370371,2.973259259259259,1.3997881344893481,4200.0,4000.0,4.0,5.383424795845213,6.673496064087732,6.81004897205412,5.169306173143329,1.7944749319484041,2.224498688029244,2.27001632401804,1.723102057714443,1.0055429184573565,2.0351554118662873,1.600111499952618,neighbour
obs_dhr_phys,8,0.2,10.0,0.0,2.0,pingpong,1,neighbour_reciprocity,3.0,3,6,3,False,0.0021604938271604936,0.0076263107721639654,0.005367274957828554,0.004135802469135802,0.19425925925925927,0.40253086419753087,0.07827160493827161,0.0,0.00032098765432098765,0.0001234567901234568,0.09737827715355805,0.03745318352059925,0.0032962962962962963,0.09282700421940929,0.00027160493827160494,0.002925925925925926,0.05140462724791397,0.0,0.007851851851851851,0.0,0.0,0.0,0.0,0.0,0.0,0.015654320987654322,2.9686913580246914,1.35236724958126,4200.0,4000.0,4.0,5.342133748207669,6.730275652280019,6.641696462294681,5.410083779039509,1.780711249402556,2.243425217426673,2.2138988207648937,1.803361259679836,0.9904300107142289,1.979999086479789,1.6238400840084068,neighbour
obs_dhr_phys,9,0.2,10.0,0.0,2.0,pingpong,1,neighbour_reciprocity,3.0,3,6,3,False,0.0019135802469135803,0.005622489959839358,0.004252400548696845,0.004876543209876543,0.23055555555555557,0.45,0.09759259259259259,0.0008032128514056225,0.0002839506172839506,0.00013580246913580247,0.08303249097472924,0.039711191335740074,0.003419753086419753,0.20134228187919462,0.0007407407407407407,0.0036790123456790125,0.07920528810495146,0.0,0.01308641975308642,0.0,0.0,0.0,0.0,0.0,0.0,0.01951851851851852,2.960962962962963,1.4879281486208935,4200.0,4000.0,4.0,5.50262627293026,6.680349014660441,6.6804752937907805,5.535019675246978,1.83420875764342,2.226783004886814,2.22682509793026,1.8450065584156592,1.014685727788178,1.9822116159974164,1.4540155829745345,neighbour
obs_dhr_phys,0,0.2,10.0,1.0,2.0,pingpong,1,neighbour_reciprocity,3.0,3,6,3,True,0.0017283950617283952,0.00946611132146914,0.002824288884405891,0.004012345679012346,0.1630246913580247,0.6119753086419754,0.0,0.0,0.0001728395061728395,8.641975308641975e-05,0.0498220640569395,0.02491103202846975,0.0034691358024691358,0.27439024390243905,0.0011111111111111111,0.004049382716049383,0.30445370576211184,0.0,0.04220987654320987,0.0,0.0,0.0,0.0,0.0,0.0,0.0,3.0,1.2987083362548624,4200.0,4000.0,4.0,5.4022410175345605,6.7072641102632895,6.611276397879626,5.176871684720679,1.8007470058448536,2.2357547034210965,2.2037587992932086,1.725623894906893,0.9913975786089191,1.968167596164162,1.4016330420272425,neighbour
obs_dhr_phys,1,0.2,10.0,1.0,2.0,pingpong,1,neighbour_reciprocity,3.0,3,6,3,True,0.0014814814814814814,0.008307372793354102,0.0029600394671928957,0.003703703703703704,0.17833333333333334,0.5004938271604938,0.0,0.0,0.00022222222222222223,0.0001234567901234568,0.05806451612903226,0.03225806451612903,0.0038271604938271606,0.21597633136094674,0.0009012345679012346,0.004172839506172839,0.15892300969173745,0.0,0.022604938271604938,0.0,0.0,0.0,0.0,0.0,0.0,0.0,3.0,1.3108765901401593,4200.0,4000.0,4.0,5.437449187212554,6.692094400523338,6.793666293915166,5.408964210906127,1.8124830624041846,2.2306981335077793,2.2645554313050553,1.8029880703020424,0.9914552084452658,2.0359832688654342,1.507572041999083,neighbour
obs_dhr_phys,2,0.2,10.0,1.0,2.0,pingpong,1,neighbour_reciprocity,3.0,3,6,3,True,0.0014814814814814814,0.007007921998781231,0.0032021347565043363,0.003271604938271605,0.2025925925925926,0.4626543209876543,0.0,0.0,0.0002839506172839506,0.0001728395061728395,0.08098591549295775,0.04929577464788732,0.003506172839506173,0.24437299035369775,0.0009382716049382716,0.003839506172839506,0.11880597239135532,0.0,0.017790123456790125,0.0,0.0,0.0,0.0,0.0,0.0,0.0,3.0,1.3359058474046828,4200.0,4000.0,4.0,5.410939530614904,6.66728094640631,6.657121460672002,5.314134918188104,1.803646510204968,2.2224269821354365,2.2190404868906675,1.7713783060627013,0.986539725953694,1.9876820801061676,1.4062419580295682,neighbour
obs_dhr_phys,3,0.2,10.0,1.0,2.0,pingpong,1,neighbour_reciprocity,3.0,3,6,3,True,0.0017283950617283952,0.010347376201034738,0.003863134657836645,0.004074074074074074,0.16703703703703704,0.4474074074074074,0.0,0.0,0.00020987654320987656,0.00013580246913580247,0.05501618122977346,0.03559870550161812,0.0038148148148148147,0.2144927536231884,0.0009135802469135803,0.0042592592592592595,0.1452481495186319,0.0,0.019580246913580245,0.0,0.0,0.0,0.0,0.0,0.0,0.0,3.0,1.3454943841890317,4200.0,4000.0,4.0,5.478573007434363,6.732155763106547,6.914122030312857,5.340468799925379,1.826191002478121,2.2440519210355157,2.304707343437619,1.780156266641793,1.0001524018891992,2.0763841436233688,1.411831124976743,neighbour
obs_dhr_phys,4,0.2,10.0,1.0,2.0,pingpong,1,neighbour_reciprocity,3.0,3,6,3,True,0.0016049382716049382,0.013582342954159592,0.003720663995420721,0.003580246913580247,0.10907407407407407,0.43135802469135803,0.0,0.0,0.0002469135802469136,0.00014814814814814815,0.06369426751592357,0.03821656050955414,0.0038765432098765433,0.20596205962059622,0.0009382716049382716,0.004555555555555556,0.25620416666193,0.0,0.03425925925925926,0.0,0.0,0.0,0.0,0.0,0.0,0.0,3.0,1.2452881925991561,4200.0,4000.0,4.0,5.343420394308609,6.695629379411383,6.557909729459217,5.254661472065715,1.781140131436203,2.2318764598037943,2.185969909819739,1.7515538240219048,0.9731164788038275,1.9574240126548357,1.486646584002301,neighbour
obs_dhr_phys,5,0.2,10.0,1.0,2.0,pingpong,1,neighbour_reciprocity,3.0,3,6,3,True,0.001419753086419753,0.007723304231027535,0.0036473200126863306,0.003271604938271605,0.18382716049382716,0.38925925925925925,0.0,0.0,0.00014814814814814815,0.0001234567901234568,0.04225352112676056,0.035211267605633804,0.003506172839506173,0.16370106761565836,0.0005679012345679012,0.0034691358024691358,0.09849648893932438,0.0,0.013061728395061728,0.0,0.0,0.0,0.0,0.0,0.0,0.0,3.0,1.3468160862857175,4200.0,4000.0,4.0,5.374800108328285,6.728879187213453,6.613001050958819,5.3473887133150795,1.7916000361094282,2.242959729071151,2.2043336836529397,1.7824629044383598,1.000282397115589,1.964312122578189,1.4876929169986397,neighbour
obs_dhr_phys,6,0.2,10.0,1.0,2.0,pingpong,1,neighbour_reciprocity,3.0,3,6,3,True,0.0017901234567901235,0.007921419518377694,0.0040082930200414655,0.004382716049382716,0.1948148148148148,0.4466049382716049,0.0,0.0,0.00018518518518518518,8.641975308641975e-05,0.050505050505050504,0.02356902356902357,0.0036666666666666666,0.226890756302521,0.001,0.004407407407407408,0.1523019754100445,0.0,0.020703703703703703,0.0,0.0,0.0,0.0,0.0,0.0,0.0,3.0,1.311961268580287,4200.0,4000.0,4.0,5.419102049533408,6.70033914364367,6.771271912969076,5.312442601466293,1.8063673498444694,2.2334463812145566,2.2570906376563586,1.7708142004887644,1.0075622293139008,2.0197218869577043,1.4691022500046529,neighbour
obs_dhr_phys,7,0.2,10.0,1.0,2.0,pingpong,1,neighbour_reciprocity,3.0,3,6,3,True,0.000925925925925926,0.005479452054794521,0.0022512381809995496,0.0024074074074074076,0.15771604938271605,0.41129629629629627,0.0,0.0,0.0001728395061728395,0.0001728395061728395,0.046052631578947366,0.046052631578947366,0.0037530864197530866,0.1752873563218391,0.0007530864197530864,0.004296296296296296,0.16657558043625756,0.0,0.02237037037037037,0.0,0.0,0.0,0.0,0.0,0.0,0.0,3.0,1.39132208066248,4200.0,4000.0,4.0,5.383424795845213,6.673496064087732,6.81004897205412,5.169306173143329,1.7944749319484041,2.224498688029244,2.27001632401804,1.723102057714443,1.0055429184573565,2.0351554118662873,1.4199669170193374,neighbour
obs_dhr_phys,8,0.2,10.0,1.0,2.0,pingpong,1,neighbour_reciprocity,3.0,3,6,3,True,0.001851851851851852,0.015051173991571343,0.00408997955010225,0.0033333333333333335,0.10253086419753087,0.4527777777777778,0.0,0.0,0.0002345679012345679,4.938271604938271e-05,0.07480314960629922,0.015748031496062992,0.0031358024691358023,0.23357664233576642,0.0007901234567901234,0.0033827160493827163,0.21372878348315116,0.0,0.02904938271604938,0.0,0.0,0.0,0.0,0.0,0.0,0.0,3.0,1.347017881716192,4200.0,4000.0,4.0,5.342133748207669,6.730275652280019,6.641696462294681,5.410083779039509,1.780711249402556,2.243425217426673,2.2138988207648937,1.803361259679836,0.9904300107142289,1.979999086479789,1.5705501670017838,neighbour
obs_dhr_phys,9,0.2,10.0,1.0,2.0,pingpong,1,neighbour_reciprocity,3.0,3,6,3,True,0.0016049382716049382,0.00993676603432701,0.003395585738539898,0.003580246913580247,0.13666666666666666,0.4726543209876543,0.0,0.0,0.0001234567901234568,0.00016049382716049382,0.0390625,0.05078125,0.0031604938271604936,0.2818991097922849,0.0011728395061728395,0.004160493827160494,0.16439250963348612,0.0,0.023950617283950617,0.0,0.0,0.0,0.0,0.0,0.0,0.0,3.0,1.483185182029032,4200.0,4000.0,4.0,5.50262627293026,6.680349014660441,6.6804752937907805,5.535019675246978,1.83420875764342,2.226783004886814,2.22682509793026,1.8450065584156592,1.014685727788178,1.9822116159974164,1.4733622920466587,neighbour
obs_dhr_phys,0,0.2,0.0,0.0,2.0,pingpong,1,rate,3.0,3,6,3,False,0.0004938271604938272,0.0,0.015065913370998116,0.003271604938271605,0.011358024691358024,0.03277777777777778,0.0,0.0,6.17283950617284e-05,0.00011111111111111112,0.01858736059479554,0.03345724907063197,0.0033209876543209877,0.1423487544483986,0.0004938271604938272,0.0034691358024691358,0.060889447558592796,0.0,0.010135802469135802,0.0,0.0,0.0,0.0,0.0,0.0,0.0,3.0,1.3257896394313233,4200.0,4000.0,4.0,5.4022410175345605,6.7072641102632895,6.611276397879626,5.176871684720679,1.8007470058448536,2.2357547034210965,2.2037587992932086,1.725623894906893,0.9913975786089191,1.968167596164162,1.4618716670083813,rate
obs_dhr_phys,1,0.2,0.0,0.0,2.0,pingpong,1,rate,3.0,3,6,3,False,0.0008024691358024691,0.015306122448979591,0.015895953757225433,0.003765432098765432,0.012098765432098766,0.04271604938271605,0.0,0.0,0.00014814814814814815,0.00016049382716049382,0.03858520900321544,0.04180064308681672,0.003839506172839506,0.13636363636363635,0.0005555555555555556,0.004074074074074074,0.07139037680454004,0.0,0.01154320987654321,0.0,0.0,0.0,0.0,0.0,0.0,0.0,3.0,1.3205402631862686,4200.0,4000.0,4.0,5.437449187212554,6.692094400523338,6.793666293915166,5.408964210906127,1.8124830624041846,2.2306981335077793,2.2645554313050553,1.8029880703020424,0.9914552084452658,2.0359832688654342,1.5312432089704089,rate
obs_dhr_phys,2,0.2,0.0,0.0,2.0,pingpong,1,rate,3.0,3,6,3,False,0.0004938271604938272,0.007194244604316547,0.011764705882352941,0.002962962962962963,0.008580246913580248,0.03148148148148148,0.0,0.0,0.00018518518518518518,0.0001728395061728395,0.053763440860215055,0.05017921146953405,0.0034444444444444444,0.17006802721088435,0.0006172839506172839,0.00362962962962963,0.06547709301687925,0.0,0.011024691358024691,0.0,0.0,0.0,0.0,0.0,0.0,0.0,3.0,1.3417163259354123,4200.0,4000.0,4.0,5.410939530614904,6.66728094640631,6.657121460672002,5.314134918188104,1.803646510204968,2.2224269821354365,2.2190404868906675,1.7713783060627013,0.986539725953694,1.9876820801061676,1.3776497920043766,rate
obs_dhr_phys,3,0.2,0.0,0.0,2.0,pingpong,1,rate,3.0,3,6,3,False,0.00037037037037037035,0.004975124378109453,0.007215007215007215,0.003950617283950617,0.012407407407407407,0.042777777777777776,0.0,0.0,6.17283950617284e-05,0.0001234567901234568,0.016286644951140065,0.03257328990228013,0.0037901234567901234,0.12874251497005987,0.0005308641975308642,0.004123456790123456,0.07248020028699897,0.0,0.011308641975308642,0.0,0.0,0.0,0.0,0.0,0.0,0.0,3.0,1.359971439511746,4200.0,4000.0,4.0,5.478573007434363,6.732155763106547,6.914122030312857,5.340468799925379,1.826191002478121,2.2440519210355157,2.304707343437619,1.780156266641793,1.0001524018891992,2.0763841436233688,1.4744146250304766,rate
obs_dhr_phys,4,0.2,0.0,0.0,2.0,pingpong,1,rate,3.0,3,6,3,False,0.0006790123456790123,0.0,0.011589403973509934,0.004012345679012346,0.011666666666666667,0.03728395061728395,0.0,0.0,0.00016049382716049382,0.00018518518518518518,0.040498442367601244,0.04672897196261682,0.003962962962962963,0.11204481792717087,0.0004938271604938272,0.004407407407407408,0.06643960625361515,0.0,0.01091358024691358,0.0,0.0,0.0,0.0,0.0,0.0,0.0,3.0,1.283836686779059,4200.0,4000.0,4.0,5.343420394308609,6.695629379411383,6.557909729459217,5.254661472065715,1.781140131436203,2.2318764598037943,2.185969909819739,1.7515538240219048,0.9731164788038275,1.9574240126548357,1.3919004169874825,rate
obs_dhr_phys,5,0.2,0.0,0.0,2.0,pingpong,1,rate,3.0,3,6,3,False,0.0005555555555555556,0.005780346820809248,0.014842300556586271,0.0030864197530864196,0.010679012345679013,0.0332716049382716,0.0,0.0,7.407407407407407e-05,0.0001234567901234568,0.021352313167259787,0.03558718861209965,0.0034691358024691358,0.10954063604240283,0.00038271604938271603,0.003493827160493827,0.058333355744170846,0.0,0.008839506172839505,0.0,0.0,0.0,0.0,0.0,0.0,0.0,3.0,1.3511808063449504,4200.0,4000.0,4.0,5.374800108328285,6.728879187213453,6.613001050958819,5.3473887133150795,1.7916000361094282,2.242959729071151,2.2043336836529397,1.7824629044383598,1.000282397115589,1.964312122578189,1.6068496669759043,rate
obs_dhr_phys,6,0.2,0.0,0.0,2.0,pingpong,1,rate,3.0,3,6,3,False,0.0006790123456790123,0.0,0.016722408026755852,0.0038888888888888888,0.00882716049382716,0.03691358024691358,0.0,0.0,7.407407407407407e-05,0.00013580246913580247,0.020761245674740483,0.03806228373702422,0.003567901234567901,0.12658227848101267,0.0004938271604938272,0.0039012345679012347,0.0652971240785299,0.0,0.010395061728395062,0.0,0.0,0.0,0.0,0.0,0.0,0.0,3.0,1.3266536811605498,4200.0,4000.0,4.0,5.419102049533408,6.70033914364367,6.771271912969076,5.312442601466293,1.8063673498444694,2.2334463812145566,2.2570906376563586,1.7708142004887644,1.0075622293139008,2.0197218869577043,1.4392382919904776,rate
obs_dhr_phys,7,0.2,0.0,0.0,2.0,pingpong,1,rate,3.0,3,6,3,False,0.00037037037037037035,0.0,0.01020408163265306,0.002777777777777778,0.009259259259259259,0.030246913580246913,0.0,0.0,8.641975308641975e-05,0.00018518518518518518,0.02258064516129032,0.04838709677419355,0.0038271604938271606,0.08895705521472393,0.0003580246913580247,0.004024691358024691,0.06592537885178242,0.0,0.009703703703703704,1.54320987654321e-05,7.71604938271605e-06,0.0,0.0,0.0,1.54320987654321e-05,0.0,2.9999876543209876,1.4046864503098921,4200.0,4000.0,4.0,5.383424795845213,6.673496064087732,6.81004897205412,5.169306173143329,1.7944749319484041,2.224498688029244,2.27001632401804,1.723102057714443,1.0055429184573565,2.0351554118662873,1.4568624590174295,rate
obs_dhr_phys,8,0.2,0.0,0.0,2.0,pingpong,1,rate,3.0,3,6,3,False,0.0006790123456790123,0.007692307692307693,0.012422360248447204,0.003148148148148148,0.008024691358024692,0.029814814814814815,0.0,0.0,0.00014814814814814815,4.938271604938271e-05,0.04780876494023904,0.01593625498007968,0.0030987654320987655,0.09236947791164658,0.0002839506172839506,0.003074074074074074,0.05212523859513777,0.0,0.008148148148148147,0.0,0.0,0.0,0.0,0.0,0.0,0.0,3.0,1.3502940367084872,4200.0,4000.0,4.0,5.342133748207669,6.730275652280019,6.641696462294681,5.410083779039509,1.780711249402556,2.243425217426673,2.2138988207648937,1.803361259679836,0.9904300107142289,1.979999086479789,1.7309791669831611,rate
obs_dhr_phys,9,0.2,0.0,0.0,2.0,pingpong,1,rate,3.0,3,6,3,False,0.00030864197530864197,0.0,0.006633499170812604,0.003271604938271605,0.011234567901234569,0.03722222222222222,0.0,0.0,6.17283950617284e-05,0.0001234567901234568,0.0199203187250996,0.0398406374501992,0.0030987654320987655,0.15517241379310345,0.0005555555555555556,0.003580246913580247,0.06301957330313437,0.0,0.010543209876543209,0.0,0.0,0.0,0.0,0.0,0.0,0.0,3.0,1.4883703091999996,4200.0,4000.0,4.0,5.50262627293026,6.680349014660441,6.6804752937907805,5.535019675246978,1.83420875764342,2.226783004886814,2.22682509793026,1.8450065584156592,1.014685727788178,1.9822116159974164,1.396044500055723,rate
obs_dhr_phys,0,0.2,0.0,1.0,2.0,pingpong,1,rate,3.0,3,6,3,True,0.0004938271604938272,0.0,0.015065913370998116,0.003271604938271605,0.011358024691358024,0.03277777777777778,0.0,0.0,6.17283950617284e-05,0.00011111111111111112,0.01858736059479554,0.03345724907063197,0.0033209876543209877,0.1423487544483986,0.0004938271604938272,0.0034691358024691358,0.060889447558592796,0.0,0.010135802469135802,0.0,0.0,0.0,0.0,0.0,0.0,0.0,3.0,1.3257896394313233,4200.0,4000.0,4.0,5.4022410175345605,6.7072641102632895,6.611276397879626,5.176871684720679,1.8007470058448536,2.2357547034210965,2.2037587992932086,1.725623894906893,0.9913975786089191,1.968167596164162,1.4742566249915399,rate
obs_dhr_phys,1,0.2,0.0,1.0,2.0,pingpong,1,rate,3.0,3,6,3,True,0.0008024691358024691,0.015306122448979591,0.015895953757225433,0.003765432098765432,0.012098765432098766,0.04271604938271605,0.0,0.0,0.00014814814814814815,0.00016049382716049382,0.03858520900321544,0.04180064308681672,0.003839506172839506,0.13636363636363635,0.0005555555555555556,0.004074074074074074,0.07139037680454004,0.0,0.01154320987654321,0.0,0.0,0.0,0.0,0.0,0.0,0.0,3.0,1.3205402631862686,4200.0,4000.0,4.0,5.437449187212554,6.692094400523338,6.793666293915166,5.408964210906127,1.8124830624041846,2.2306981335077793,2.2645554313050553,1.8029880703020424,0.9914552084452658,2.0359832688654342,1.5751495829899795,rate
obs_dhr_phys,2,0.2,0.0,1.0,2.0,pingpong,1,rate,3.0,3,6,3,True,0.0004938271604938272,0.007194244604316547,0.011764705882352941,0.002962962962962963,0.008580246913580248,0.03148148148148148,0.0,0.0,0.00018518518518518518,0.0001728395061728395,0.053763440860215055,0.05017921146953405,0.0034444444444444444,0.17006802721088435,0.0006172839506172839,0.00362962962962963,0.06547709301687925,0.0,0.011024691358024691,0.0,0.0,0.0,0.0,0.0,0.0,0.0,3.0,1.3417163259354123,4200.0,4000.0,4.0,5.410939530614904,6.66728094640631,6.657121460672002,5.314134918188104,1.803646510204968,2.2224269821354365,2.2190404868906675,1.7713783060627013,0.986539725953694,1.9876820801061676,1.4180490410071798,rate
obs_dhr_phys,3,0.2,0.0,1.0,2.0,pingpong,1,rate,3.0,3,6,3,True,0.00037037037037037035,0.004975124378109453,0.007215007215007215,0.003950617283950617,0.012407407407407407,0.042777777777777776,0.0,0.0,6.17283950617284e-05,0.0001234567901234568,0.016286644951140065,0.03257328990228013,0.0037901234567901234,0.12874251497005987,0.0005308641975308642,0.004123456790123456,0.07248020028699897,0.0,0.011308641975308642,0.0,0.0,0.0,0.0,0.0,0.0,0.0,3.0,1.359971439511746,4200.0,4000.0,4.0,5.478573007434363,6.732155763106547,6.914122030312857,5.340468799925379,1.826191002478121,2.2440519210355157,2.304707343437619,1.780156266641793,1.0001524018891992,2.0763841436233688,1.406535874994006,rate
obs_dhr_phys,4,0.2,0.0,1.0,2.0,pingpong,1,rate,3.0,3,6,3,True,0.0006790123456790123,0.0,0.011589403973509934,0.004012345679012346,0.011666666666666667,0.03728395061728395,0.0,0.0,0.00016049382716049382,0.00018518518518518518,0.040498442367601244,0.04672897196261682,0.003962962962962963,0.11204481792717087,0.0004938271604938272,0.004407407407407408,0.06643960625361515,0.0,0.01091358024691358,0.0,0.0,0.0,0.0,0.0,0.0,0.0,3.0,1.283836686779059,4200.0,4000.0,4.0,5.343420394308609,6.695629379411383,6.557909729459217,5.254661472065715,1.781140131436203,2.2318764598037943,2.185969909819739,1.7515538240219048,0.9731164788038275,1.9574240126548357,1.4715704999980517,rate
obs_dhr_phys,5,0.2,0.0,1.0,2.0,pingpong,1,rate,3.0,3,6,3,True,0.0005555555555555556,0.005780346820809248,0.014842300556586271,0.0030864197530864196,0.010679012345679013,0.0332716049382716,0.0,0.0,7.407407407407407e-05,0.0001234567901234568,0.021352313167259787,0.03558718861209965,0.0034691358024691358,0.10954063604240283,0.00038271604938271603,0.003493827160493827,0.058333355744170846,0.0,0.008839506172839505,0.0,0.0,0.0,0.0,0.0,0.0,0.0,3.0,1.3511808063449504,4200.0,4000.0,4.0,5.374800108328285,6.728879187213453,6.613001050958819,5.3473887133150795,1.7916000361094282,2.242959729071151,2.2043336836529397,1.7824629044383598,1.000282397115589,1.964312122578189,1.4553962089703418,rate
obs_dhr_phys,6,0.2,0.0,1.0,2.0,pingpong,1,rate,3.0,3,6,3,True,0.0006790123456790123,0.0,0.016722408026755852,0.0038888888888888888,0.00882716049382716,0.03691358024691358,0.0,0.0,7.407407407407407e-05,0.00013580246913580247,0.020761245674740483,0.03806228373702422,0.003567901234567901,0.12658227848101267,0.0004938271604938272,0.0039012345679012347,0.0652971240785299,0.0,0.010395061728395062,0.0,0.0,0.0,0.0,0.0,0.0,0.0,3.0,1.3266536811605498,4200.0,4000.0,4.0,5.419102049533408,6.70033914364367,6.771271912969076,5.312442601466293,1.8063673498444694,2.2334463812145566,2.2570906376563586,1.7708142004887644,1.0075622293139008,2.0197218869577043,1.5526570840156637,rate
obs_dhr_phys,7,0.2,0.0,1.0,2.0,pingpong,1,rate,3.0,3,6,3,True,0.00037037037037037035,0.0,0.01020408163265306,0.002777777777777778,0.009259259259259259,0.030246913580246913,0.0,0.0,8.641975308641975e-05,0.00018518518518518518,0.02258064516129032,0.04838709677419355,0.0038271604938271606,0.08895705521472393,0.0003580246913580247,0.004024691358024691,0.06592537885178242,0.0,0.009703703703703704,1.54320987654321e-05,7.71604938271605e-06,0.0,0.0,0.0,1.54320987654321e-05,0.0,2.9999876543209876,1.4046864503098921,4200.0,4000.0,4.0,5.383424795845213,6.673496064087732,6.81004897205412,5.169306173143329,1.7944749319484041,2.224498688029244,2.27001632401804,1.723102057714443,1.0055429184573565,2.0351554118662873,1.542905374953989,rate
obs_dhr_phys,8,0.2,0.0,1.0,2.0,pingpong,1,rate,3.0,3,6,3,True,0.0006790123456790123,0.007692307692307693,0.012422360248447204,0.003148148148148148,0.008024691358024692,0.029814814814814815,0.0,0.0,0.00014814814814814815,4.938271604938271e-05,0.04780876494023904,0.01593625498007968,0.0030987654320987655,0.09236947791164658,0.0002839506172839506,0.003074074074074074,0.05212523859513777,0.0,0.008148148148148147,0.0,0.0,0.0,0.0,0.0,0.0,0.0,3.0,1.3502940367084872,4200.0,4000.0,4.0,5.342133748207669,6.730275652280019,6.641696462294681,5.410083779039509,1.780711249402556,2.243425217426673,2.2138988207648937,1.803361259679836,0.9904300107142289,1.979999086479789,1.6518701249733567,rate
obs_dhr_phys,9,0.2,0.0,1.0,2.0,pingpong,1,rate,3.0,3,6,3,True,0.00030864197530864197,0.0,0.006633499170812604,0.003271604938271605,0.011234567901234569,0.03722222222222222,0.0,0.0,6.17283950617284e-05,0.0001234567901234568,0.0199203187250996,0.0398406374501992,0.0030987654320987655,0.15517241379310345,0.0005555555555555556,0.003580246913580247,0.06301957330313437,0.0,0.010543209876543209,0.0,0.0,0.0,0.0,0.0,0.0,0.0,3.0,1.4883703091999996,4200.0,4000.0,4.0,5.50262627293026,6.680349014660441,6.6804752937907805,5.535019675246978,1.83420875764342,2.226783004886814,2.22682509793026,1.8450065584156592,1.014685727788178,1.9822116159974164,1.4648205839912407,rate
obs_dhr_phys,0,0.2,10.0,0.0,2.0,pingpong,1,rate,3.0,3,6,3,False,0.0015432098765432098,0.005578462284744118,0.0028525787311729804,0.004629629629629629,0.25450617283950616,0.5409876543209876,0.0010493827160493827,0.0,0.00020987654320987656,0.0001234567901234568,0.058419243986254296,0.03436426116838488,0.0035925925925925925,0.17229729729729729,0.0006296296296296296,0.003654320987654321,0.07395637500465146,0.0,0.012234567901234568,0.0,0.0,0.0,0.0,0.0,0.0,0.0,2.9994938271604936,1.323289070209457,4200.0,4000.0,4.0,5.4022410175345605,6.7072641102632895,6.611276397879626,5.176871684720679,1.8007470058448536,2.2357547034210965,2.2037587992932086,1.725623894906893,0.9913975786089191,1.968167596164162,1.4362459999974817,rate
obs_dhr_phys,1,0.2,10.0,0.0,2.0,pingpong,1,rate,3.0,3,6,3,False,0.0017283950617283952,0.007261968800430339,0.0036716496197220037,0.0042592592592592595,0.22950617283950617,0.47074074074074074,0.0013580246913580246,0.0,0.00025925925925925926,0.00013580246913580247,0.06583072100313479,0.034482758620689655,0.0039382716049382715,0.15789473684210525,0.0006296296296296296,0.003987654320987654,0.07383033491443823,0.0,0.011962962962962963,0.0,0.0,0.0,0.0,0.0,0.0,0.0,2.9994074074074075,1.3181242595462612,4200.0,4000.0,4.0,5.437449187212554,6.692094400523338,6.793666293915166,5.408964210906127,1.8124830624041846,2.2306981335077793,2.2645554313050553,1.8029880703020424,0.9914552084452658,2.0359832688654342,1.5293897499796003,rate
obs_dhr_phys,2,0.2,10.0,0.0,2.0,pingpong,1,rate,3.0,3,6,3,False,0.0016049382716049382,0.006559958016268696,0.0035847235626637252,0.003950617283950617,0.2352469135802469,0.44771604938271603,0.0009876543209876543,0.0,0.0003580246913580247,0.00018518518518518518,0.09830508474576272,0.05084745762711865,0.0036419753086419752,0.18556701030927836,0.0006666666666666666,0.0035925925925925925,0.0745680567422766,0.0,0.012469135802469136,0.0,0.0,0.0,0.0,0.0,0.0,0.0,2.999604938271605,1.340016649812887,4200.0,4000.0,4.0,5.410939530614904,6.66728094640631,6.657121460672002,5.314134918188104,1.803646510204968,2.2224269821354365,2.2190404868906675,1.7713783060627013,0.986539725953694,1.9876820801061676,1.4273419579840265,rate
obs_dhr_phys,3,0.2,10.0,0.0,2.0,pingpong,1,rate,3.0,3,6,3,False,0.001851851851851852,0.00982640026203734,0.004359831419851766,0.005061728395061729,0.18845679012345679,0.42475308641975307,0.0011111111111111111,0.0,0.00022222222222222223,0.0001728395061728395,0.055384615384615386,0.043076923076923075,0.004012345679012346,0.15476190476190477,0.0006419753086419753,0.004148148148148148,0.08304837287526616,0.0,0.01282716049382716,0.0,0.0,0.0,0.0,0.0,0.0,0.0,2.9995555555555558,1.3558891171314666,4200.0,4000.0,4.0,5.478573007434363,6.732155763106547,6.914122030312857,5.340468799925379,1.826191002478121,2.2440519210355157,2.304707343437619,1.780156266641793,1.0001524018891992,2.0763841436233688,1.4164264160208404,rate
obs_dhr_phys,4,0.2,10.0,0.0,2.0,pingpong,1,rate,3.0,3,6,3,False,0.0017283950617283952,0.009774436090225564,0.0045654655144301325,0.004814814814814815,0.16419753086419753,0.3785802469135802,0.0016666666666666668,0.0,0.00032098765432098765,0.00018518518518518518,0.07784431137724551,0.04491017964071856,0.004123456790123456,0.15469613259668508,0.000691358024691358,0.004469135802469136,0.09648009407701272,0.0,0.01517283950617284,0.0,0.0,0.0,0.0,0.0,0.0,0.0,2.999296296296296,1.2733540477793617,4200.0,4000.0,4.0,5.343420394308609,6.695629379411383,6.557909729459217,5.254661472065715,1.781140131436203,2.2318764598037943,2.185969909819739,1.7515538240219048,0.9731164788038275,1.9574240126548357,1.431370334001258,rate
obs_dhr_phys,5,0.2,10.0,0.0,2.0,pingpong,1,rate,3.0,3,6,3,False,0.0012962962962962963,0.005980861244019139,0.003447709735675587,0.0033333333333333335,0.20641975308641974,0.37598765432098763,0.0016666666666666668,0.0,0.00016049382716049382,0.00013580246913580247,0.0456140350877193,0.03859649122807018,0.0035185185185185185,0.11355311355311355,0.00038271604938271603,0.0033703703703703704,0.05731150097644296,0.0,0.008666666666666666,0.0,0.0,0.0,0.0,0.0,0.0,0.0,2.9993333333333334,1.3513781416565527,4200.0,4000.0,4.0,5.374800108328285,6.728879187213453,6.613001050958819,5.3473887133150795,1.7916000361094282,2.242959729071151,2.2043336836529397,1.7824629044383598,1.000282397115589,1.964312122578189,1.6157412080210634,rate
obs_dhr_phys,6,0.2,10.0,0.0,2.0,pingpong,1,rate,3.0,3,6,3,False,0.0019135802469135803,0.006709741550695825,0.0045222465353756385,0.0049382716049382715,0.24839506172839507,0.42314814814814816,0.0015432098765432098,0.0,0.0002345679012345679,0.00014814814814814815,0.06209150326797386,0.0392156862745098,0.003777777777777778,0.14465408805031446,0.0005679012345679012,0.003925925925925926,0.07063351161688952,0.0,0.010950617283950618,0.0,0.0,0.0,0.0,0.0,0.0,0.0,2.9993086419753086,1.3263464550189468,4200.0,4000.0,4.0,5.419102049533408,6.70033914364367,6.771271912969076,5.312442601466293,1.8063673498444694,2.2334463812145566,2.2570906376563586,1.7708142004887644,1.0075622293139008,2.0197218869577043,1.430968041997403,rate
obs_dhr_phys,7,0.2,10.0,0.0,2.0,pingpong,1,rate,3.0,3,6,3,False,0.0011728395061728395,0.005724615848147032,0.003106097760340036,0.0038271604938271606,0.20487654320987655,0.3775925925925926,0.0015432098765432098,0.0,0.0002345679012345679,0.00019753086419753085,0.0581039755351682,0.04892966360856269,0.004037037037037037,0.10510510510510511,0.0004320987654320988,0.004111111111111111,0.07002968563186988,0.0,0.010333333333333333,1.54320987654321e-05,7.71604938271605e-06,0.0,0.0,0.0,1.54320987654321e-05,0.0,2.9993703703703702,1.4010115083879837,4200.0,4000.0,4.0,5.383424795845213,6.673496064087732,6.81004897205412,5.169306173143329,1.7944749319484041,2.224498688029244,2.27001632401804,1.723102057714443,1.0055429184573565,2.0351554118662873,1.4470620829961263,rate
obs_dhr_phys,8,0.2,10.0,0.0,2.0,pingpong,1,rate,3.0,3,6,3,False,0.0016049382716049382,0.007516228220020499,0.003978576893649579,0.003765432098765432,0.180679012345679,0.40339506172839507,0.0013580246913580246,0.0,0.0002469135802469136,7.407407407407407e-05,0.07662835249042145,0.022988505747126436,0.0032222222222222222,0.10330578512396695,0.00030864197530864197,0.002987654320987654,0.054645838794251916,0.0,0.008333333333333333,0.0,0.0,0.0,0.0,0.0,0.0,0.0,2.999469135802469,1.3517072307241664,4200.0,4000.0,4.0,5.342133748207669,6.730275652280019,6.641696462294681,5.410083779039509,1.780711249402556,2.243425217426673,2.2138988207648937,1.803361259679836,0.9904300107142289,1.979999086479789,1.4331795840407722,rate
obs_dhr_phys,9,0.2,10.0,0.0,2.0,pingpong,1,rate,3.0,3,6,3,False,0.0014814814814814814,0.006121313299944352,0.003286770747740345,0.004567901234567902,0.22185185185185186,0.4507407407407407,0.0006790123456790123,0.0,0.00018518518518518518,0.00013580246913580247,0.05514705882352941,0.04044117647058824,0.003358024691358025,0.2145214521452145,0.0008024691358024691,0.0037407407407407407,0.08105774950946942,0.0,0.013370370370370371,0.0,0.0,0.0,0.0,0.0,0.0,0.0,2.9997530864197532,1.4899771094826522,4200.0,4000.0,4.0,5.50262627293026,6.680349014660441,6.6804752937907805,5.535019675246978,1.83420875764342,2.226783004886814,2.22682509793026,1.8450065584156592,1.014685727788178,1.9822116159974164,1.4446314580272883,rate
obs_dhr_phys,0,0.2,10.0,1.0,2.0,pingpong,1,rate,3.0,3,6,3,True,0.0017283950617283952,0.00946611132146914,0.002824288884405891,0.004012345679012346,0.1630246913580247,0.6119753086419754,0.000925925925925926,0.0,0.0001728395061728395,8.641975308641975e-05,0.0498220640569395,0.02491103202846975,0.0034691358024691358,0.27439024390243905,0.0011111111111111111,0.004049382716049383,0.30445370576211184,0.0,0.04220987654320987,0.0,0.0,0.0,0.0,0.0,0.0,0.0,2.9995925925925926,1.2987083362548624,4200.0,4000.0,4.0,5.4022410175345605,6.7072641102632895,6.611276397879626,5.176871684720679,1.8007470058448536,2.2357547034210965,2.2037587992932086,1.725623894906893,0.9913975786089191,1.968167596164162,1.5444862080039456,rate
obs_dhr_phys,1,0.2,10.0,1.0,2.0,pingpong,1,rate,3.0,3,6,3,True,0.0014814814814814814,0.008307372793354102,0.0029600394671928957,0.003703703703703704,0.17833333333333334,0.5004938271604938,0.0013580246913580246,0.0,0.00022222222222222223,0.0001234567901234568,0.05806451612903226,0.03225806451612903,0.0038271604938271606,0.21597633136094674,0.0009012345679012346,0.004172839506172839,0.15892300969173745,0.0,0.022604938271604938,0.0,0.0,0.0,0.0,0.0,0.0,0.0,2.99941975308642,1.3108765901401593,4200.0,4000.0,4.0,5.437449187212554,6.692094400523338,6.793666293915166,5.408964210906127,1.8124830624041846,2.2306981335077793,2.2645554313050553,1.8029880703020424,0.9914552084452658,2.0359832688654342,1.4134615830262192,rate
obs_dhr_phys,2,0.2,10.0,1.0,2.0,pingpong,1,rate,3.0,3,6,3,True,0.0014814814814814814,0.007007921998781231,0.0032021347565043363,0.003271604938271605,0.2025925925925926,0.4626543209876543,0.0008641975308641976,0.0,0.0002839506172839506,0.0001728395061728395,0.08098591549295775,0.04929577464788732,0.003506172839506173,0.24437299035369775,0.0009382716049382716,0.003839506172839506,0.11880597239135532,0.0,0.017790123456790125,0.0,0.0,0.0,0.0,0.0,0.0,0.0,2.9996543209876543,1.3359058474046828,4200.0,4000.0,4.0,5.410939530614904,6.66728094640631,6.657121460672002,5.314134918188104,1.803646510204968,2.2224269821354365,2.2190404868906675,1.7713783060627013,0.986539725953694,1.9876820801061676,1.4547385000041686,rate
obs_dhr_phys,3,0.2,10.0,1.0,2.0,pingpong,1,rate,3.0,3,6,3,True,0.0017283950617283952,0.010347376201034738,0.003863134657836645,0.004074074074074074,0.16703703703703704,0.4474074074074074,0.0010493827160493827,0.0,0.00020987654320987656,0.00013580246913580247,0.05501618122977346,0.03559870550161812,0.0038148148148148147,0.2144927536231884,0.0009135802469135803,0.0042592592592592595,0.1452481495186319,0.0,0.019580246913580245,0.0,0.0,0.0,0.0,0.0,0.0,0.0,2.9995679012345677,1.3454943841890317,4200.0,4000.0,4.0,5.478573007434363,6.732155763106547,6.914122030312857,5.340468799925379,1.826191002478121,2.2440519210355157,2.304707343437619,1.780156266641793,1.0001524018891992,2.0763841436233688,1.4149696659878828,rate
obs_dhr_phys,4,0.2,10.0,1.0,2.0,pingpong,1,rate,3.0,3,6,3,True,0.0016049382716049382,0.013582342954159592,0.003720663995420721,0.003580246913580247,0.10907407407407407,0.43135802469135803,0.0016666666666666668,0.0,0.0002469135802469136,0.00014814814814814815,0.06369426751592357,0.03821656050955414,0.0038765432098765433,0.20596205962059622,0.0009382716049382716,0.004555555555555556,0.25620416666193,0.0,0.03425925925925926,0.0,0.0,0.0,0.0,0.0,0.0,0.0,2.9993333333333334,1.2452881925991561,4200.0,4000.0,4.0,5.343420394308609,6.695629379411383,6.557909729459217,5.254661472065715,1.781140131436203,2.2318764598037943,2.185969909819739,1.7515538240219048,0.9731164788038275,1.9574240126548357,1.4809223340125754,rate
obs_dhr_phys,5,0.2,10.0,1.0,2.0,pingpong,1,rate,3.0,3,6,3,True,0.001419753086419753,0.007723304231027535,0.0036473200126863306,0.003271604938271605,0.18382716049382716,0.38925925925925925,0.0016049382716049382,0.0,0.00014814814814814815,0.0001234567901234568,0.04225352112676056,0.035211267605633804,0.003506172839506173,0.16370106761565836,0.0005679012345679012,0.0034691358024691358,0.09849648893932438,0.0,0.013061728395061728,0.0,0.0,0.0,0.0,0.0,0.0,0.0,2.9993703703703702,1.3468160862857175,4200.0,4000.0,4.0,5.374800108328285,6.728879187213453,6.613001050958819,5.3473887133150795,1.7916000361094282,2.242959729071151,2.2043336836529397,1.7824629044383598,1.000282397115589,1.964312122578189,1.5042407080181874,rate
obs_dhr_phys,6,0.2,10.0,1.0,2.0,pingpong,1,rate,3.0,3,6,3,True,0.0017901234567901235,0.007921419518377694,0.0040082930200414655,0.004382716049382716,0.1948148148148148,0.4466049382716049,0.0015432098765432098,0.0,0.00018518518518518518,8.641975308641975e-05,0.050505050505050504,0.02356902356902357,0.0036666666666666666,0.226890756302521,0.001,0.004407407407407408,0.1523019754100445,0.0,0.020703703703703703,0.0,0.0,0.0,0.0,0.0,0.0,0.0,2.999345679012346,1.311961268580287,4200.0,4000.0,4.0,5.419102049533408,6.70033914364367,6.771271912969076,5.312442601466293,1.8063673498444694,2.2334463812145566,2.2570906376563586,1.7708142004887644,1.0075622293139008,2.0197218869577043,1.407036209013313,rate
obs_dhr_phys,7,0.2,10.0,1.0,2.0,pingpong,1,rate,3.0,3,6,3,True,0.000925925925925926,0.005479452054794521,0.0022512381809995496,0.0024074074074074076,0.15771604938271605,0.41129629629629627,0.0014814814814814814,0.0,0.0001728395061728395,0.0001728395061728395,0.046052631578947366,0.046052631578947366,0.0037530864197530866,0.1752873563218391,0.0007530864197530864,0.004296296296296296,0.16657558043625756,0.0,0.02237037037037037,1.54320987654321e-05,7.71604938271605e-06,0.0,0.0,0.0,1.54320987654321e-05,0.0,2.999432098765432,1.39132208066248,4200.0,4000.0,4.0,5.383424795845213,6.673496064087732,6.81004897205412,5.169306173143329,1.7944749319484041,2.224498688029244,2.27001632401804,1.723102057714443,1.0055429184573565,2.0351554118662873,1.4260642919689417,rate
obs_dhr_phys,8,0.2,10.0,1.0,2.0,pingpong,1,rate,3.0,3,6,3,True,0.001851851851851852,0.015051173991571343,0.00408997955010225,0.0033333333333333335,0.10253086419753087,0.4527777777777778,0.0012962962962962963,0.0,0.0002345679012345679,4.938271604938271e-05,0.07480314960629922,0.015748031496062992,0.0031358024691358023,0.23357664233576642,0.0007901234567901234,0.0033827160493827163,0.21372878348315116,0.0,0.02904938271604938,0.0,0.0,0.0,0.0,0.0,0.0,0.0,2.9995185185185185,1.347017881716192,4200.0,4000.0,4.0,5.342133748207669,6.730275652280019,6.641696462294681,5.410083779039509,1.780711249402556,2.243425217426673,2.2138988207648937,1.803361259679836,0.9904300107142289,1.979999086479789,1.4515423339908011,rate
obs_dhr_phys,9,0.2,10.0,1.0,2.0,pingpong,1,rate,3.0,3,6,3,True,0.0016049382716049382,0.00993676603432701,0.003395585738539898,0.003580246913580247,0.13666666666666666,0.4726543209876543,0.0006790123456790123,0.0,0.0001234567901234568,0.00016049382716049382,0.0390625,0.05078125,0.0031604938271604936,0.2818991097922849,0.0011728395061728395,0.004160493827160494,0.16439250963348612,0.0,0.023950617283950617,0.0,0.0,0.0,0.0,0.0,0.0,0.0,2.9997777777777777,1.483185182029032,4200.0,4000.0,4.0,5.50262627293026,6.680349014660441,6.6804752937907805,5.535019675246978,1.83420875764342,2.226783004886814,2.22682509793026,1.8450065584156592,1.014685727788178,1.9822116159974164,1.371971584041603,rate
obs_dhr_phys,0,0.2,0.0,0.0,2.0,pingpong,1,serving_reciprocity,3.0,3,6,3,False,0.0004938271604938272,0.0,0.015065913370998116,0.003271604938271605,0.011358024691358024,0.03277777777777778,0.0,0.0,6.17283950617284e-05,0.00011111111111111112,0.01858736059479554,0.03345724907063197,0.0033209876543209877,0.1423487544483986,0.0004938271604938272,0.0034691358024691358,0.060889447558592796,0.0,0.010135802469135802,0.0,0.0,0.0,0.0,0.0,0.0,0.0,3.0,1.3257896394313233,4200.0,4000.0,4.0,5.4022410175345605,6.7072641102632895,6.611276397879626,5.176871684720679,1.8007470058448536,2.2357547034210965,2.2037587992932086,1.725623894906893,0.9913975786089191,1.968167596164162,1.4027658330160193,serving
obs_dhr_phys,1,0.2,0.0,0.0,2.0,pingpong,1,serving_reciprocity,3.0,3,6,3,False,0.0008024691358024691,0.015306122448979591,0.015895953757225433,0.003765432098765432,0.012098765432098766,0.04271604938271605,0.0,0.0,0.00014814814814814815,0.00016049382716049382,0.03858520900321544,0.04180064308681672,0.003839506172839506,0.13636363636363635,0.0005555555555555556,0.004074074074074074,0.07139037680454004,0.0,0.01154320987654321,0.0,0.0,0.0,0.0,0.0,0.0,0.0,3.0,1.3205402631862686,4200.0,4000.0,4.0,5.437449187212554,6.692094400523338,6.793666293915166,5.408964210906127,1.8124830624041846,2.2306981335077793,2.2645554313050553,1.8029880703020424,0.9914552084452658,2.0359832688654342,1.418239458987955,serving
obs_dhr_phys,2,0.2,0.0,0.0,2.0,pingpong,1,serving_reciprocity,3.0,3,6,3,False,0.0004938271604938272,0.007194244604316547,0.011764705882352941,0.002962962962962963,0.008580246913580248,0.03148148148148148,0.0,0.0,0.00018518518518518518,0.0001728395061728395,0.053763440860215055,0.05017921146953405,0.0034444444444444444,0.17006802721088435,0.0006172839506172839,0.00362962962962963,0.06547709301687925,0.0,0.011024691358024691,0.0,0.0,0.0,0.0,0.0,0.0,0.0,3.0,1.3417163259354123,4200.0,4000.0,4.0,5.410939530614904,6.66728094640631,6.657121460672002,5.314134918188104,1.803646510204968,2.2224269821354365,2.2190404868906675,1.7713783060627013,0.986539725953694,1.9876820801061676,1.3941597910015844,serving
obs_dhr_phys,3,0.2,0.0,0.0,2.0,pingpong,1,serving_reciprocity,3.0,3,6,3,False,0.00037037037037037035,0.004975124378109453,0.007215007215007215,0.003950617283950617,0.012407407407407407,0.042777777777777776,0.0,0.0,6.17283950617284e-05,0.0001234567901234568,0.016286644951140065,0.03257328990228013,0.0037901234567901234,0.12874251497005987,0.0005308641975308642,0.004123456790123456,0.07248020028699897,0.0,0.011308641975308642,0.0,0.0,0.0,0.0,0.0,0.0,0.0,3.0,1.359971439511746,4200.0,4000.0,4.0,5.478573007434363,6.732155763106547,6.914122030312857,5.340468799925379,1.826191002478121,2.2440519210355157,2.304707343437619,1.780156266641793,1.0001524018891992,2.0763841436233688,1.4621591250179335,serving
obs_dhr_phys,4,0.2,0.0,0.0,2.0,pingpong,1,serving_reciprocity,3.0,3,6,3,False,0.0006790123456790123,0.0,0.011589403973509934,0.004012345679012346,0.011666666666666667,0.03728395061728395,0.0,0.0,0.00016049382716049382,0.00018518518518518518,0.040498442367601244,0.04672897196261682,0.003962962962962963,0.11204481792717087,0.0004938271604938272,0.004407407407407408,0.06643960625361515,0.0,0.01091358024691358,0.0,0.0,0.0,0.0,0.0,0.0,0.0,3.0,1.283836686779059,4200.0,4000.0,4.0,5.343420394308609,6.695629379411383,6.557909729459217,5.254661472065715,1.781140131436203,2.2318764598037943,2.185969909819739,1.7515538240219048,0.9731164788038275,1.9574240126548357,1.3669812500011176,serving
obs_dhr_phys,5,0.2,0.0,0.0,2.0,pingpong,1,serving_reciprocity,3.0,3,6,3,False,0.0005555555555555556,0.005780346820809248,0.014842300556586271,0.0030864197530864196,0.010679012345679013,0.0332716049382716,0.0,0.0,7.407407407407407e-05,0.0001234567901234568,0.021352313167259787,0.03558718861209965,0.0034691358024691358,0.10954063604240283,0.00038271604938271603,0.003493827160493827,0.058333355744170846,0.0,0.008839506172839505,0.0,0.0,0.0,0.0,0.0,0.0,0.0,3.0,1.3511808063449504,4200.0,4000.0,4.0,5.374800108328285,6.728879187213453,6.613001050958819,5.3473887133150795,1.7916000361094282,2.242959729071151,2.2043336836529397,1.7824629044383598,1.000282397115589,1.964312122578189,1.6587315839715302,serving
obs_dhr_phys,6,0.2,0.0,0.0,2.0,pingpong,1,serving_reciprocity,3.0,3,6,3,False,0.0006790123456790123,0.0,0.016722408026755852,0.0038888888888888888,0.00882716049382716,0.03691358024691358,0.0,0.0,7.407407407407407e-05,0.00013580246913580247,0.020761245674740483,0.03806228373702422,0.003567901234567901,0.12658227848101267,0.0004938271604938272,0.0039012345679012347,0.0652971240785299,0.0,0.010395061728395062,0.0,0.0,0.0,0.0,0.0,0.0,0.0,3.0,1.3266536811605498,4200.0,4000.0,4.0,5.419102049533408,6.70033914364367,6.771271912969076,5.312442601466293,1.8063673498444694,2.2334463812145566,2.2570906376563586,1.7708142004887644,1.0075622293139008,2.0197218869577043,1.3842124579823576,serving
obs_dhr_phys,7,0.2,0.0,0.0,2.0,pingpong,1,serving_reciprocity,3.0,3,6,3,False,0.00037037037037037035,0.0,0.01020408163265306,0.002777777777777778,0.009259259259259259,0.030246913580246913,0.0,0.0,8.641975308641975e-05,0.00018518518518518518,0.02258064516129032,0.04838709677419355,0.0038271604938271606,0.08895705521472393,0.0003580246913580247,0.004024691358024691,0.06592537885178242,0.0,0.009703703703703704,0.0,0.0,0.0,0.0,0.0,0.0,0.0,3.0,1.4046864503098921,4200.0,4000.0,4.0,5.383424795845213,6.673496064087732,6.81004897205412,5.169306173143329,1.7944749319484041,2.224498688029244,2.27001632401804,1.723102057714443,1.0055429184573565,2.0351554118662873,1.3907757499837317,serving
obs_dhr_phys,8,0.2,0.0,0.0,2.0,pingpong,1,serving_reciprocity,3.0,3,6,3,False,0.0006790123456790123,0.007692307692307693,0.012422360248447204,0.003148148148148148,0.008024691358024692,0.029814814814814815,0.0,0.0,0.00014814814814814815,4.938271604938271e-05,0.04780876494023904,0.01593625498007968,0.0030987654320987655,0.09236947791164658,0.0002839506172839506,0.003074074074074074,0.05212523859513777,0.0,0.008148148148148147,0.0,0.0,0.0,0.0,0.0,0.0,0.0,3.0,1.3502940367084872,4200.0,4000.0,4.0,5.342133748207669,6.730275652280019,6.641696462294681,5.410083779039509,1.780711249402556,2.243425217426673,2.2138988207648937,1.803361259679836,0.9904300107142289,1.979999086479789,1.570899999991525,serving
obs_dhr_phys,9,0.2,0.0,0.0,2.0,pingpong,1,serving_reciprocity,3.0,3,6,3,False,0.00030864197530864197,0.0,0.006633499170812604,0.003271604938271605,0.011234567901234569,0.03722222222222222,0.0,0.0,6.17283950617284e-05,0.0001234567901234568,0.0199203187250996,0.0398406374501992,0.0030987654320987655,0.15517241379310345,0.0005555555555555556,0.003580246913580247,0.06301957330313437,0.0,0.010543209876543209,0.0,0.0,0.0,0.0,0.0,0.0,0.0,3.0,1.4883703091999996,4200.0,4000.0,4.0,5.50262627293026,6.680349014660441,6.6804752937907805,5.535019675246978,1.83420875764342,2.226783004886814,2.22682509793026,1.8450065584156592,1.014685727788178,1.9822116159974164,1.3765740410308354,serving
obs_dhr_phys,0,0.2,0.0,1.0,2.0,pingpong,1,serving_reciprocity,3.0,3,6,3,True,0.0004938271604938272,0.0,0.015065913370998116,0.003271604938271605,0.011358024691358024,0.03277777777777778,0.0,0.0,6.17283950617284e-05,0.00011111111111111112,0.01858736059479554,0.03345724907063197,0.0033209876543209877,0.1423487544483986,0.0004938271604938272,0.0034691358024691358,0.060889447558592796,0.0,0.010135802469135802,0.0,0.0,0.0,0.0,0.0,0.0,0.0,3.0,1.3257896394313233,4200.0,4000.0,4.0,5.4022410175345605,6.7072641102632895,6.611276397879626,5.176871684720679,1.8007470058448536,2.2357547034210965,2.2037587992932086,1.725623894906893,0.9913975786089191,1.968167596164162,1.438042666995898,serving
obs_dhr_phys,1,0.2,0.0,1.0,2.0,pingpong,1,serving_reciprocity,3.0,3,6,3,True,0.0008024691358024691,0.015306122448979591,0.015895953757225433,0.003765432098765432,0.012098765432098766,0.04271604938271605,0.0,0.0,0.00014814814814814815,0.00016049382716049382,0.03858520900321544,0.04180064308681672,0.003839506172839506,0.13636363636363635,0.0005555555555555556,0.004074074074074074,0.07139037680454004,0.0,0.01154320987654321,0.0,0.0,0.0,0.0,0.0,0.0,0.0,3.0,1.3205402631862686,4200.0,4000.0,4.0,5.437449187212554,6.692094400523338,6.793666293915166,5.408964210906127,1.8124830624041846,2.2306981335077793,2.2645554313050553,1.8029880703020424,0.9914552084452658,2.0359832688654342,1.4245284589705989,serving
obs_dhr_phys,2,0.2,0.0,1.0,2.0,pingpong,1,serving_reciprocity,3.0,3,6,3,True,0.0004938271604938272,0.007194244604316547,0.011764705882352941,0.002962962962962963,0.008580246913580248,0.03148148148148148,0.0,0.0,0.00018518518518518518,0.0001728395061728395,0.053763440860215055,0.05017921146953405,0.0034444444444444444,0.17006802721088435,0.0006172839506172839,0.00362962962962963,0.06547709301687925,0.0,0.011024691358024691,0.0,0.0,0.0,0.0,0.0,0.0,0.0,3.0,1.3417163259354123,4200.0,4000.0,4.0,5.410939530614904,6.66728094640631,6.657121460672002,5.314134918188104,1.803646510204968,2.2224269821354365,2.2190404868906675,1.7713783060627013,0.986539725953694,1.9876820801061676,1.3981874579912983,serving
obs_dhr_phys,3,0.2,0.0,1.0,2.0,pingpong,1,serving_reciprocity,3.0,3,6,3,True,0.00037037037037037035,0.004975124378109453,0.007215007215007215,0.003950617283950617,0.012407407407407407,0.042777777777777776,0.0,0.0,6.17283950617284e-05,0.0001234567901234568,0.016286644951140065,0.03257328990228013,0.0037901234567901234,0.12874251497005987,0.0005308641975308642,0.004123456790123456,0.07248020028699897,0.0,0.011308641975308642,0.0,0.0,0.0,0.0,0.0,0.0,0.0,3.0,1.359971439511746,4200.0,4000.0,4.0,5.478573007434363,6.732155763106547,6.914122030312857,5.340468799925379,1.826191002478121,2.2440519210355157,2.304707343437619,1.780156266641793,1.0001524018891992,2.0763841436233688,1.3736668749479577,serving
obs_dhr_phys,4,0.2,0.0,1.0,2.0,pingpong,1,serving_reciprocity,3.0,3,6,3,True,0.0006790123456790123,0.0,0.011589403973509934,0.004012345679012346,0.011666666666666667,0.03728395061728395,0.0,0.0,0.00016049382716049382,0.00018518518518518518,0.040498442367601244,0.04672897196261682,0.003962962962962963,0.11204481792717087,0.0004938271604938272,0.004407407407407408,0.06643960625361515,0.0,0.01091358024691358,0.0,0.0,0.0,0.0,0.0,0.0,0.0,3.0,1.283836686779059,4200.0,4000.0,4.0,5.343420394308609,6.695629379411383,6.557909729459217,5.254661472065715,1.781140131436203,2.2318764598037943,2.185969909819739,1.7515538240219048,0.9731164788038275,1.9574240126548357,1.3894216670305468,serving
obs_dhr_phys,5,0.2,0.0,1.0,2.0,pingpong,1,serving_reciprocity,3.0,3,6,3,True,0.0005555555555555556,0.005780346820809248,0.014842300556586271,0.0030864197530864196,0.010679012345679013,0.0332716049382716,0.0,0.0,7.407407407407407e-05,0.0001234567901234568,0.021352313167259787,0.03558718861209965,0.0034691358024691358,0.10954063604240283,0.00038271604938271603,0.003493827160493827,0.058333355744170846,0.0,0.008839506172839505,0.0,0.0,0.0,0.0,0.0,0.0,0.0,3.0,1.3511808063449504,4200.0,4000.0,4.0,5.374800108328285,6.728879187213453,6.613001050958819,5.3473887133150795,1.7916000361094282,2.242959729071151,2.2043336836529397,1.7824629044383598,1.000282397115589,1.964312122578189,1.4258908749907278,serving
obs_dhr_phys,6,0.2,0.0,1.0,2.0,pingpong,1,serving_reciprocity,3.0,3,6,3,True,0.0006790123456790123,0.0,0.016722408026755852,0.0038888888888888888,0.00882716049382716,0.03691358024691358,0.0,0.0,7.407407407407407e-05,0.00013580246913580247,0.020761245674740483,0.03806228373702422,0.003567901234567901,0.12658227848101267,0.0004938271604938272,0.0039012345679012347,0.0652971240785299,0.0,0.010395061728395062,0.0,0.0,0.0,0.0,0.0,0.0,0.0,3.0,1.3266536811605498,4200.0,4000.0,4.0,5.419102049533408,6.70033914364367,6.771271912969076,5.312442601466293,1.8063673498444694,2.2334463812145566,2.2570906376563586,1.7708142004887644,1.0075622293139008,2.0197218869577043,1.4096656670444645,serving
obs_dhr_phys,7,0.2,0.0,1.0,2.0,pingpong,1,serving_reciprocity,3.0,3,6,3,True,0.00037037037037037035,0.0,0.01020408163265306,0.002777777777777778,0.009259259259259259,0.030246913580246913,0.0,0.0,8.641975308641975e-05,0.00018518518518518518,0.02258064516129032,0.04838709677419355,0.0038271604938271606,0.08895705521472393,0.0003580246913580247,0.004024691358024691,0.06592537885178242,0.0,0.009703703703703704,0.0,0.0,0.0,0.0,0.0,0.0,0.0,3.0,1.4046864503098921,4200.0,4000.0,4.0,5.383424795845213,6.673496064087732,6.81004897205412,5.169306173143329,1.7944749319484041,2.224498688029244,2.27001632401804,1.723102057714443,1.0055429184573565,2.0351554118662873,1.395007832965348,serving
obs_dhr_phys,8,0.2,0.0,1.0,2.0,pingpong,1,serving_reciprocity,3.0,3,6,3,True,0.0006790123456790123,0.007692307692307693,0.012422360248447204,0.003148148148148148,0.008024691358024692,0.029814814814814815,0.0,0.0,0.00014814814814814815,4.938271604938271e-05,0.04780876494023904,0.01593625498007968,0.0030987654320987655,0.09236947791164658,0.0002839506172839506,0.003074074074074074,0.05212523859513777,0.0,0.008148148148148147,0.0,0.0,0.0,0.0,0.0,0.0,0.0,3.0,1.3502940367084872,4200.0,4000.0,4.0,5.342133748207669,6.730275652280019,6.641696462294681,5.410083779039509,1.780711249402556,2.243425217426673,2.2138988207648937,1.803361259679836,0.9904300107142289,1.979999086479789,1.5659061669721268,serving
obs_dhr_phys,9,0.2,0.0,1.0,2.0,pingpong,1,serving_reciprocity,3.0,3,6,3,True,0.00030864197530864197,0.0,0.006633499170812604,0.003271604938271605,0.011234567901234569,0.03722222222222222,0.0,0.0,6.17283950617284e-05,0.0001234567901234568,0.0199203187250996,0.0398406374501992,0.0030987654320987655,0.15517241379310345,0.0005555555555555556,0.003580246913580247,0.06301957330313437,0.0,0.010543209876543209,0.0,0.0,0.0,0.0,0.0,0.0,0.0,3.0,1.4883703091999996,4200.0,4000.0,4.0,5.50262627293026,6.680349014660441,6.6804752937907805,5.535019675246978,1.83420875764342,2.226783004886814,2.22682509793026,1.8450065584156592,1.014685727788178,1.9822116159974164,1.322299083985854,serving
obs_dhr_phys,0,0.2,10.0,0.0,2.0,pingpong,1,serving_reciprocity,3.0,3,6,3,False,0.0004320987654320988,0.0011928429423459245,0.0007985398129135296,0.0030246913580246914,0.31049382716049384,0.5411111111111111,0.5262962962962963,0.9815109343936381,9.876543209876543e-05,8.641975308641975e-05,0.03018867924528302,0.026415094339622643,0.003271604938271605,0.20069204152249134,0.0007160493827160494,0.003567901234567901,0.07744006924115483,0.0,0.012888888888888889,0.0,0.0,0.0,0.0,0.0,0.0,0.0,2.894740740740741,1.3262988261181783,4200.0,4000.0,4.0,5.4022410175345605,6.7072641102632895,6.611276397879626,5.176871684720679,1.8007470058448536,2.2357547034210965,2.2037587992932086,1.725623894906893,0.9913975786089191,1.968167596164162,1.348413250001613,serving
obs_dhr_phys,1,0.2,10.0,0.0,2.0,pingpong,1,serving_reciprocity,3.0,3,6,3,False,0.00037037037037037035,0.001312910284463895,0.0007838014369693011,0.0032098765432098763,0.2820987654320988,0.4725308641975309,0.48358024691358026,0.973741794310722,0.00016049382716049382,0.00013580246913580247,0.04304635761589404,0.03642384105960265,0.003728395061728395,0.15178571428571427,0.0006296296296296296,0.004148148148148148,0.0817821513511087,0.0,0.013037037037037036,0.0,0.0,0.0,0.0,0.0,0.0,0.0,2.903283950617284,1.319977656864176,4200.0,4000.0,4.0,5.437449187212554,6.692094400523338,6.793666293915166,5.408964210906127,1.8124830624041846,2.2306981335077793,2.2645554313050553,1.8029880703020424,0.9914552084452658,2.0359832688654342,1.3800353750120848,serving
obs_dhr_phys,2,0.2,10.0,0.0,2.0,pingpong,1,serving_reciprocity,3.0,3,6,3,False,0.0004320987654320988,0.001517779705117086,0.0009618026930475406,0.002654320987654321,0.28469135802469137,0.44925925925925925,0.4875925925925926,0.9850390286209887,0.00018518518518518518,0.0001728395061728395,0.05474452554744526,0.051094890510948905,0.0033827160493827163,0.21122112211221122,0.0007901234567901234,0.0037407407407407407,0.0773104158259553,0.0,0.012925925925925926,0.0,0.0,0.0,0.0,0.0,0.0,0.0,2.9024814814814817,1.34207157731338,4200.0,4000.0,4.0,5.410939530614904,6.66728094640631,6.657121460672002,5.314134918188104,1.803646510204968,2.2224269821354365,2.2190404868906675,1.7713783060627013,0.986539725953694,1.9876820801061676,1.4346371659776196,serving
obs_dhr_phys,3,0.2,10.0,0.0,2.0,pingpong,1,serving_reciprocity,3.0,3,6,3,False,0.0004320987654320988,0.0017898235745333673,0.0010155229943420861,0.0038271604938271606,0.24141975308641975,0.42549382716049383,0.4841358024691358,0.9787778061876757,6.17283950617284e-05,0.0001234567901234568,0.01639344262295082,0.03278688524590164,0.003765432098765432,0.17191977077363896,0.0007407407407407407,0.004308641975308642,0.08884323205236447,0.0,0.013839506172839506,0.0,0.0,0.0,0.0,0.0,0.0,0.0,2.9031728395061727,1.3565558660355677,4200.0,4000.0,4.0,5.478573007434363,6.732155763106547,6.914122030312857,5.340468799925379,1.826191002478121,2.2440519210355157,2.304707343437619,1.780156266641793,1.0001524018891992,2.0763841436233688,1.3650957090430893,serving
obs_dhr_phys,4,0.2,10.0,0.0,2.0,pingpong,1,serving_reciprocity,3.0,3,6,3,False,0.0004938271604938272,0.001654715940430226,0.0013067624959163672,0.0032098765432098763,0.22382716049382717,0.37790123456790126,0.44969135802469135,0.9853833425261996,0.00014814814814814815,0.0001728395061728395,0.03896103896103896,0.045454545454545456,0.0038024691358024693,0.13850415512465375,0.0006172839506172839,0.00445679012345679,0.09119721545646922,0.0,0.014160493827160494,0.0,0.0,0.0,0.0,0.0,0.0,0.0,2.910061728395062,1.2762552646227945,4200.0,4000.0,4.0,5.343420394308609,6.695629379411383,6.557909729459217,5.254661472065715,1.781140131436203,2.2318764598037943,2.185969909819739,1.7515538240219048,0.9731164788038275,1.9574240126548357,1.3779743749764748,serving
obs_dhr_phys,5,0.2,10.0,0.0,2.0,pingpong,1,serving_reciprocity,3.0,3,6,3,False,0.00037037037037037035,0.001254390366281987,0.0009810333551340746,0.002777777777777778,0.24604938271604937,0.37753086419753085,0.4666666666666667,0.9771700953336678,6.17283950617284e-05,0.00013580246913580247,0.018115942028985508,0.03985507246376811,0.0034074074074074076,0.11846689895470383,0.0004197530864197531,0.00354320987654321,0.062257544144380055,0.0,0.00919753086419753,0.0,0.0,0.0,0.0,0.0,0.0,0.0,2.9066666666666667,1.3518851435992594,4200.0,4000.0,4.0,5.374800108328285,6.728879187213453,6.613001050958819,5.3473887133150795,1.7916000361094282,2.242959729071151,2.2043336836529397,1.7824629044383598,1.000282397115589,1.964312122578189,1.481210124969948,serving
obs_dhr_phys,6,0.2,10.0,0.0,2.0,pingpong,1,serving_reciprocity,3.0,3,6,3,False,0.0004320987654320988,0.0008252527336496802,0.0010196649672250546,0.0030864197530864196,0.29919753086419754,0.42376543209876544,0.47932098765432096,0.983288632143594,6.17283950617284e-05,0.00011111111111111112,0.018115942028985508,0.03260869565217391,0.0034074074074074076,0.16149068322981366,0.0006419753086419753,0.003975308641975308,0.07663603594429923,0.0,0.011975308641975308,0.0,0.0,0.0,0.0,0.0,0.0,0.0,2.9041234567901233,1.3282444488561802,4200.0,4000.0,4.0,5.419102049533408,6.70033914364367,6.771271912969076,5.312442601466293,1.8063673498444694,2.2334463812145566,2.2570906376563586,1.7708142004887644,1.0075622293139008,2.0197218869577043,1.4292377919773571,serving
obs_dhr_phys,7,0.2,10.0,0.0,2.0,pingpong,1,serving_reciprocity,3.0,3,6,3,False,0.0004938271604938272,0.002023779408044523,0.0013084723585214263,0.0025925925925925925,0.24401234567901234,0.3774074074074074,0.46055555555555555,0.9863394889956995,9.876543209876543e-05,0.00018518518518518518,0.026058631921824105,0.048859934853420196,0.0037901234567901234,0.11585365853658537,0.0004691358024691358,0.004049382716049383,0.0709010441897572,0.0,0.010395061728395062,0.0,0.0,0.0,0.0,0.0,0.0,0.0,2.907888888888889,1.4026089204548762,4200.0,4000.0,4.0,5.383424795845213,6.673496064087732,6.81004897205412,5.169306173143329,1.7944749319484041,2.224498688029244,2.27001632401804,1.723102057714443,1.0055429184573565,2.0351554118662873,1.4377588339848444,serving
obs_dhr_phys,8,0.2,10.0,0.0,2.0,pingpong,1,serving_reciprocity,3.0,3,6,3,False,0.0006172839506172839,0.0018186541958950377,0.0015239256324291375,0.002839506172839506,0.2375925925925926,0.4050617283950617,0.4573456790123457,0.9836321122369447,0.0001234567901234568,4.938271604938271e-05,0.04065040650406504,0.016260162601626018,0.003037037037037037,0.13438735177865613,0.0004197530864197531,0.003123456790123457,0.06400345292592796,0.0,0.00974074074074074,0.0,0.0,0.0,0.0,0.0,0.0,0.0,2.9085308641975307,1.348991196985975,4200.0,4000.0,4.0,5.342133748207669,6.730275652280019,6.641696462294681,5.410083779039509,1.780711249402556,2.243425217426673,2.2138988207648937,1.803361259679836,0.9904300107142289,1.979999086479789,1.4580061250017025,serving
obs_dhr_phys,9,0.2,10.0,0.0,2.0,pingpong,1,serving_reciprocity,3.0,3,6,3,False,0.00030864197530864197,0.0008232146532208273,0.0006840881105486386,0.0030864197530864196,0.29993827160493824,0.4511728395061728,0.5103086419753087,0.9833299032722782,6.17283950617284e-05,0.00014814814814814815,0.020161290322580645,0.04838709677419355,0.0030617283950617282,0.20270270270270271,0.0007407407407407407,0.003654320987654321,0.07868122373221642,0.0,0.012962962962962963,0.0,0.0,0.0,0.0,0.0,0.0,0.0,2.8979382716049384,1.4892644276856233,4200.0,4000.0,4.0,5.50262627293026,6.680349014660441,6.6804752937907805,5.535019675246978,1.83420875764342,2.226783004886814,2.22682509793026,1.8450065584156592,1.014685727788178,1.9822116159974164,1.3073035420384258,serving
obs_dhr_phys,0,0.2,10.0,1.0,2.0,pingpong,1,serving_reciprocity,3.0,3,6,3,True,0.0004938271604938272,0.0014655593551538837,0.0008477270318957296,0.002777777777777778,0.252716049382716,0.5825308641975309,0.4235185185185185,0.9763067904250122,8.641975308641975e-05,8.641975308641975e-05,0.02681992337164751,0.02681992337164751,0.0032222222222222222,0.2532467532467532,0.000962962962962963,0.0038024691358024693,0.2162360697808099,0.0,0.0315679012345679,0.0,0.0,0.0,0.0,0.0,0.0,0.0,2.9152962962962965,1.3097383210050955,4200.0,4000.0,4.0,5.4022410175345605,6.7072641102632895,6.611276397879626,5.176871684720679,1.8007470058448536,2.2357547034210965,2.2037587992932086,1.725623894906893,0.9913975786089191,1.968167596164162,1.466011915996205,serving
obs_dhr_phys,1,0.2,10.0,1.0,2.0,pingpong,1,serving_reciprocity,3.0,3,6,3,True,0.00037037037037037035,0.001483679525222552,0.000749063670411985,0.002962962962962963,0.24962962962962962,0.49444444444444446,0.4261111111111111,0.9715628090999011,0.00016049382716049382,0.0001234567901234568,0.0436241610738255,0.03355704697986577,0.0036790123456790125,0.1844380403458213,0.0007901234567901234,0.00428395061728395,0.14200251576936151,0.0,0.020617283950617283,0.0,0.0,0.0,0.0,0.0,0.0,0.0,2.9147777777777777,1.3161917647329602,4200.0,4000.0,4.0,5.437449187212554,6.692094400523338,6.793666293915166,5.408964210906127,1.8124830624041846,2.2306981335077793,2.2645554313050553,1.8029880703020424,0.9914552084452658,2.0359832688654342,1.380827999964822,serving
obs_dhr_phys,2,0.2,10.0,1.0,2.0,pingpong,1,serving_reciprocity,3.0,3,6,3,True,0.0005555555555555556,0.0021286660359508044,0.0012163805919718882,0.0024074074074074076,0.26098765432098764,0.4567283950617284,0.455,0.9813150425733207,0.00018518518518518518,0.00016049382716049382,0.05555555555555555,0.04814814814814815,0.0033333333333333335,0.24920127795527156,0.000962962962962963,0.0038641975308641974,0.10116591097697272,0.0,0.015901234567901233,0.0,0.0,0.0,0.0,0.0,0.0,0.0,2.909,1.3354647357186695,4200.0,4000.0,4.0,5.410939530614904,6.66728094640631,6.657121460672002,5.314134918188104,1.803646510204968,2.2224269821354365,2.2190404868906675,1.7713783060627013,0.986539725953694,1.9876820801061676,1.354219542001374,serving
obs_dhr_phys,3,0.2,10.0,1.0,2.0,pingpong,1,serving_reciprocity,3.0,3,6,3,True,0.0004938271604938272,0.002408187838651415,0.0011171624074849881,0.0030246913580246914,0.20506172839506173,0.44203703703703706,0.42993827160493825,0.9686935580975317,6.17283950617284e-05,0.0001234567901234568,0.017123287671232876,0.03424657534246575,0.0036049382716049384,0.21529745042492918,0.0009382716049382716,0.004358024691358025,0.13266278408375046,0.0,0.01891358024691358,0.0,0.0,0.0,0.0,0.0,0.0,0.0,2.914012345679012,1.34792479496031,4200.0,4000.0,4.0,5.478573007434363,6.732155763106547,6.914122030312857,5.340468799925379,1.826191002478121,2.2440519210355157,2.304707343437619,1.780156266641793,1.0001524018891992,2.0763841436233688,1.383966125024017,serving
obs_dhr_phys,4,0.2,10.0,1.0,2.0,pingpong,1,serving_reciprocity,3.0,3,6,3,True,0.0004938271604938272,0.0020127474002012745,0.0012202562538133007,0.002345679012345679,0.18401234567901234,0.40469135802469136,0.3772839506172839,0.9718215363971822,0.00014814814814814815,0.00016049382716049382,0.04081632653061224,0.04421768707482993,0.00362962962962963,0.1792717086834734,0.0007901234567901234,0.004407407407407408,0.1750962932499373,0.0,0.02432098765432099,0.0,0.0,0.0,0.0,0.0,0.0,0.0,2.924543209876543,1.2561970961728346,4200.0,4000.0,4.0,5.343420394308609,6.695629379411383,6.557909729459217,5.254661472065715,1.781140131436203,2.2318764598037943,2.185969909819739,1.7515538240219048,0.9731164788038275,1.9574240126548357,1.490661582967732,serving
obs_dhr_phys,5,0.2,10.0,1.0,2.0,pingpong,1,serving_reciprocity,3.0,3,6,3,True,0.0006790123456790123,0.0028826751225136927,0.0017541062031573912,0.002654320987654321,0.2141358024691358,0.38709876543209876,0.42006172839506173,0.962525223407322,6.17283950617284e-05,0.0001234567901234568,0.01824817518248175,0.0364963503649635,0.0033827160493827163,0.15916955017301038,0.0005679012345679012,0.003567901234567901,0.09230443821950463,0.0,0.012580246913580248,0.0,0.0,0.0,0.0,0.0,0.0,0.0,2.9159876543209875,1.3506578763998573,4200.0,4000.0,4.0,5.374800108328285,6.728879187213453,6.613001050958819,5.3473887133150795,1.7916000361094282,2.242959729071151,2.2043336836529397,1.7824629044383598,1.000282397115589,1.964312122578189,1.620814458001405,serving
obs_dhr_phys,6,0.2,10.0,1.0,2.0,pingpong,1,serving_reciprocity,3.0,3,6,3,True,0.0004320987654320988,0.001413094677343382,0.0009940357852882703,0.0030864197530864196,0.26209876543209876,0.43469135802469133,0.4283950617283951,0.9722091380122468,6.17283950617284e-05,8.641975308641975e-05,0.018115942028985508,0.025362318840579712,0.0034074074074074076,0.19584569732937684,0.0008148148148148148,0.004160493827160494,0.11645153390672609,0.0,0.016765432098765434,0.0,0.0,0.0,0.0,0.0,0.0,0.0,2.9143086419753086,1.32290752190556,4200.0,4000.0,4.0,5.419102049533408,6.70033914364367,6.771271912969076,5.312442601466293,1.8063673498444694,2.2334463812145566,2.2570906376563586,1.7708142004887644,1.0075622293139008,2.0197218869577043,1.4044159589684568,serving
obs_dhr_phys,7,0.2,10.0,1.0,2.0,pingpong,1,serving_reciprocity,3.0,3,6,3,True,0.00037037037037037035,0.0016887137630171687,0.0009426551453260016,0.002037037037037037,0.21932098765432098,0.3929012345679012,0.4162962962962963,0.9828314100759922,8.641975308641975e-05,0.00018518518518518518,0.02348993288590604,0.050335570469798654,0.0036790123456790125,0.15223880597014924,0.0006296296296296296,0.004135802469135802,0.11898387858884531,0.0,0.01674074074074074,0.0,0.0,0.0,0.0,0.0,0.0,0.0,2.9167407407407406,1.3986762522653722,4200.0,4000.0,4.0,5.383424795845213,6.673496064087732,6.81004897205412,5.169306173143329,1.7944749319484041,2.224498688029244,2.27001632401804,1.723102057714443,1.0055429184573565,2.0351554118662873,1.399730000004638,serving
obs_dhr_phys,8,0.2,10.0,1.0,2.0,pingpong,1,serving_reciprocity,3.0,3,6,3,True,0.0008641975308641976,0.0037537537537537537,0.0019698888419867736,0.002839506172839506,0.16444444444444445,0.4387037037037037,0.3417901234567901,0.9647147147147147,0.0001234567901234568,4.938271604938271e-05,0.04065040650406504,0.016260162601626018,0.003037037037037037,0.22142857142857142,0.0007654320987654321,0.0034567901234567903,0.17566746508413536,0.0,0.024395061728395062,0.0,0.0,0.0,0.0,0.0,0.0,0.0,2.931641975308642,1.353872360568445,4200.0,4000.0,4.0,5.342133748207669,6.730275652280019,6.641696462294681,5.410083779039509,1.780711249402556,2.243425217426673,2.2138988207648937,1.803361259679836,0.9904300107142289,1.979999086479789,1.4127164999954402,serving
obs_dhr_phys,9,0.2,10.0,1.0,2.0,pingpong,1,serving_reciprocity,3.0,3,6,3,True,0.0007407407407407407,0.002420135527589545,0.0016047071409467772,0.002839506172839506,0.25506172839506175,0.4616049382716049,0.45123456790123456,0.9721684414327202,6.17283950617284e-05,0.00016049382716049382,0.020491803278688523,0.05327868852459016,0.0030123456790123455,0.23934426229508196,0.0009012345679012346,0.003765432098765432,0.11214123552798451,0.0,0.01633333333333333,0.0,0.0,0.0,0.0,0.0,0.0,0.0,2.909753086419753,1.4901661184818331,4200.0,4000.0,4.0,5.50262627293026,6.680349014660441,6.6804752937907805,5.535019675246978,1.83420875764342,2.226783004886814,2.22682509793026,1.8450065584156592,1.014685727788178,1.9822116159974164,1.414684290997684,serving
