arm,seed,p,delta,rho,sigma_map,mode,ramp_slots,checks,z,persistence_slots,n_targets,n_voting_channels,majority_reachable,attack_success_attr,attack_success_opp,attack_success_opp_inst,attack_success,actionable_share,actionable_share_inst,detect_rate,detect_rate_actionable,wrong_handover_rate,pingpong_rate,wrong_handover_per_ho,pingpong_per_ho,handover_rate,missed_handover_rate,missed_handover_per_ue_slot,oracle_handover_rate,rsrp_deficit,outage_share,wrong_cell_share,false_exclusion_rate,false_exclusion_rate_ch,fe_serving_reciprocity,fe_neighbour_reciprocity,fe_map,fe_rate,fallback_rate,mean_voters,throughput,bytes_per_ue_s,bytes_ota_per_ue_s,compute_per_decision,thr_serving_reciprocity,thr_neighbour_reciprocity,thr_map,thr_rate,sigma_serving_recip_hat,sigma_neighbour_recip_hat,sigma_map_diff_hat,sigma_rate_hat,sigma_c1_hat,sigma_map_hat,runtime_seconds,check_set
cheap_phys,0,0.2,0.0,0.0,2.0,pingpong,1,serving_reciprocity+map+rate,3.0,3,6,2,False,0.0001234567901234568,0.0,0.00273224043715847,0.002777777777777778,0.02185185185185185,0.04518518518518518,0.0002469135802469136,0.0,3.7037037037037037e-05,3.7037037037037037e-05,0.012552301255230125,0.012552301255230125,0.0029506172839506174,0.2608695652173913,0.001037037037037037,0.003975308641975308,0.1204395614208065,0.0,0.018950617283950616,0.0015123456790123457,0.0007561728395061729,0.0,0.0,0.0015123456790123457,0.0,0.0012962962962962963,1.9987037037037036,1.3178518074809427,600.0,400.0,5.0,5.3975873028581836,6.7073246240154685,6.611276397879626,5.176871684720679,1.7991957676193946,2.2357748746718227,2.2037587992932086,1.725623894906893,0.9913975786089191,1.968167596164162,0.941599166020751,default
cheap_phys,1,0.2,0.0,0.0,2.0,pingpong,1,serving_reciprocity+map+rate,3.0,3,6,2,False,0.0004938271604938272,0.007168458781362007,0.009150326797385621,0.0030864197530864196,0.017222222222222222,0.04722222222222222,0.00030864197530864197,0.0,0.00011111111111111112,8.641975308641975e-05,0.03333333333333333,0.025925925925925925,0.0033333333333333335,0.20754716981132076,0.0009506172839506173,0.004580246913580247,0.11951178513834756,0.0,0.018629629629629628,0.0006944444444444445,0.00034722222222222224,0.0,0.0,0.0006944444444444445,0.0,0.0007160493827160494,1.999283950617284,1.3203582792643007,600.0,400.0,5.0,5.4032146769539295,6.695175157541227,6.793666293915166,5.408964210906127,1.801071558984643,2.231725052513742,2.2645554313050553,1.8029880703020424,0.9914552084452658,2.0359832688654342,0.9453438749769703,default
cheap_phys,2,0.2,0.0,0.0,2.0,pingpong,1,serving_reciprocity+map+rate,3.0,3,6,2,False,0.00030864197530864197,0.007633587786259542,0.00625,0.002654320987654321,0.01617283950617284,0.03950617283950617,0.0,0.0,8.641975308641975e-05,0.00011111111111111112,0.029045643153526972,0.03734439834024896,0.0029753086419753087,0.3244047619047619,0.001345679012345679,0.004148148148148148,0.12882975547361905,0.0,0.021419753086419753,0.0011574074074074073,0.0005787037037037037,0.0,0.0,0.0011574074074074073,0.0,0.000925925925925926,1.999074074074074,1.3388466141889237,600.0,400.0,5.0,5.412043864753278,6.681281438412865,6.657121460672002,5.314134918188104,1.8040146215844257,2.2270938128042883,2.2190404868906675,1.7713783060627013,0.986539725953694,1.9876820801061676,0.9203337500803173,default
cheap_phys,3,0.2,0.0,0.0,2.0,pingpong,1,serving_reciprocity+map+rate,3.0,3,6,2,False,0.00018518518518518518,0.0,0.0023446658851113715,0.003765432098765432,0.019320987654320988,0.052654320987654324,0.0001234567901234568,0.0,4.938271604938271e-05,6.17283950617284e-05,0.014652014652014652,0.018315018315018316,0.0033703703703703704,0.1989100817438692,0.0009012345679012346,0.004530864197530864,0.1159454556105842,0.0,0.01808641975308642,0.0005709876543209877,0.00028549382716049385,0.0,0.0,0.0005709876543209877,0.0,0.0004814814814814815,1.9995185185185185,1.355211648299977,600.0,400.0,5.0,5.406661549709966,6.7298243920753755,6.914122030312857,5.340468799925379,1.8022205165699887,2.2432747973584584,2.304707343437619,1.780156266641793,1.0001524018891992,2.0763841436233688,0.906601250055246,default
cheap_phys,4,0.2,0.0,0.0,2.0,pingpong,1,serving_reciprocity+map+rate,3.0,3,6,2,False,0.0004320987654320988,0.0,0.006309148264984227,0.003271604938271605,0.030185185185185186,0.0587037037037037,0.0014814814814814814,0.0,9.876543209876543e-05,0.00011111111111111112,0.029197080291970802,0.032846715328467155,0.0033827160493827163,0.2398989898989899,0.0011728395061728395,0.004888888888888889,0.14303432592762672,0.0,0.022037037037037036,0.0004938271604938272,0.0002469135802469136,0.0,0.0,0.0004938271604938272,0.0,0.0007037037037037037,1.9992962962962963,1.2768053293086998,600.0,400.0,5.0,5.396083349729672,6.69815555866086,6.557909729459217,5.254661472065715,1.7986944499098907,2.23271851955362,2.185969909819739,1.7515538240219048,0.9731164788038275,1.9574240126548357,0.8408775839488953,default
cheap_phys,5,0.2,0.0,0.0,2.0,pingpong,1,serving_reciprocity+map+rate,3.0,3,6,2,False,0.00037037037037037035,0.004291845493562232,0.006514657980456026,0.0030864197530864196,0.014382716049382717,0.03790123456790123,0.00037037037037037035,0.0,6.17283950617284e-05,9.876543209876543e-05,0.019011406844106463,0.030418250950570342,0.0032469135802469136,0.1853035143769968,0.0007160493827160494,0.0038641975308641974,0.09485123280480859,0.0,0.013888888888888888,0.0009722222222222222,0.0004861111111111111,0.0,0.0,0.0009722222222222222,0.0,0.0008518518518518519,1.9991481481481481,1.343009775721598,600.0,400.0,5.0,5.423335932850391,6.723089349387422,6.613001050958819,5.3473887133150795,1.8077786442834638,2.241029783129141,2.2043336836529397,1.7824629044383598,1.000282397115589,1.964312122578189,0.8962814159458503,default
cheap_phys,6,0.2,0.0,0.0,2.0,pingpong,1,serving_reciprocity+map+rate,3.0,3,6,2,False,0.0004938271604938272,0.0,0.008658008658008658,0.003703703703703704,0.013703703703703704,0.042777777777777776,6.17283950617284e-05,0.0,6.17283950617284e-05,4.938271604938271e-05,0.018726591760299626,0.0149812734082397,0.0032962962962962963,0.21068249258160238,0.0008765432098765433,0.004160493827160494,0.10291685274028968,0.0,0.01569135802469136,0.0006944444444444445,0.00034722222222222224,0.0,0.0,0.0006944444444444445,0.0,0.000691358024691358,1.9993086419753086,1.3237984629906567,600.0,400.0,5.0,5.4140534108651925,6.714858243582173,6.771271912969076,5.312442601466293,1.8046844702883975,2.2382860811940577,2.2570906376563586,1.7708142004887644,1.0075622293139008,2.0197218869577043,0.9066595420008525,default
cheap_phys,7,0.2,0.0,0.0,2.0,pingpong,1,serving_reciprocity+map+rate,3.0,3,6,2,False,0.0001234567901234568,0.0,0.004024144869215292,0.0024691358024691358,0.009876543209876543,0.030679012345679012,0.0,0.0,3.7037037037037037e-05,0.00011111111111111112,0.010830324909747292,0.032490974729241874,0.003419753086419753,0.18696883852691218,0.0008148148148148148,0.004358024691358025,0.09942056529665157,0.0,0.014790123456790124,0.0006018518518518519,0.00030092592592592595,0.0,0.0,0.0005864197530864197,1.54320987654321e-05,0.0004938271604938272,1.9995061728395063,1.4041847293087022,600.0,400.0,5.0,5.403742565189801,6.6848746272912685,6.81004897205412,5.169306173143329,1.8012475217299337,2.228291542430423,2.27001632401804,1.723102057714443,1.0055429184573565,2.0351554118662873,0.9200745839625597,default
cheap_phys,8,0.2,0.0,0.0,2.0,pingpong,1,serving_reciprocity+map+rate,3.0,3,6,2,False,0.00030864197530864197,0.004545454545454545,0.003355704697986577,0.002839506172839506,0.013580246913580247,0.03679012345679012,0.0009876543209876543,0.0,9.876543209876543e-05,1.2345679012345678e-05,0.036036036036036036,0.0045045045045045045,0.0027407407407407406,0.2,0.000728395061728395,0.0036419753086419752,0.09367930437782676,0.0,0.014901234567901234,0.0012808641975308641,0.0006404320987654321,0.0,0.0,0.0012808641975308641,0.0,0.0012222222222222222,1.9987777777777778,1.3466720039013118,600.0,400.0,5.0,5.393690921572083,6.716062985529939,6.641696462294681,5.410083779039509,1.797896973857361,2.238687661843313,2.2138988207648937,1.803361259679836,0.9904300107142289,1.979999086479789,0.9016534161055461,default
cheap_phys,9,0.2,0.0,0.0,2.0,pingpong,1,serving_reciprocity+map+rate,3.0,3,6,2,False,0.00018518518518518518,0.0,0.0026702269692923898,0.003271604938271605,0.019444444444444445,0.04623456790123457,0.0,0.0,6.17283950617284e-05,0.0001234567901234568,0.021929824561403508,0.043859649122807015,0.0028148148148148147,0.27076923076923076,0.0010864197530864198,0.004012345679012346,0.11172308603392515,0.0,0.01754320987654321,0.0006790123456790123,0.00033950617283950616,0.0,0.0,0.0006790123456790123,0.0,0.0005432098765432099,1.9994567901234568,1.4884979364075346,600.0,400.0,5.0,5.422415322598476,6.696291088574371,6.6804752937907805,5.535019675246978,1.807471774199492,2.2320970295247906,2.22682509793026,1.8450065584156592,1.014685727788178,1.9822116159974164,0.9896777919493616,default
cheap_phys,0,0.2,6.0,0.0,2.0,pingpong,1,serving_reciprocity+map+rate,3.0,3,6,2,False,0.0012962962962962963,0.011118378024852845,0.004063467492260062,0.003703703703703704,0.09438271604938271,0.3190123456790123,0.2030246913580247,0.40680183126226294,0.0001728395061728395,3.7037037037037037e-05,0.05511811023622047,0.011811023622047244,0.0031358024691358023,0.3074626865671642,0.001271604938271605,0.004135802469135802,0.16276600465839028,0.0,0.02502469135802469,0.0015123456790123457,0.0007561728395061729,0.0,0.0,0.0015123456790123457,0.0,0.042,1.958,1.3131374174105834,600.0,400.0,5.0,5.3975873028581836,6.7073246240154685,6.611276397879626,5.176871684720679,1.7991957676193946,2.2357748746718227,2.2037587992932086,1.725623894906893,0.9913975786089191,1.968167596164162,0.8225461250403896,default
cheap_phys,1,0.2,6.0,0.0,2.0,pingpong,1,serving_reciprocity+map+rate,3.0,3,6,2,False,0.0017901234567901235,0.012087912087912088,0.006383447061413163,0.004074074074074074,0.11234567901234568,0.2804320987654321,0.21518518518518517,0.4950549450549451,0.00025925925925925926,0.00011111111111111112,0.07342657342657342,0.03146853146853147,0.0035308641975308644,0.24250681198910082,0.0010987654320987654,0.004530864197530864,0.14801203254012404,0.0,0.022740740740740742,0.0006944444444444445,0.00034722222222222224,0.0,0.0,0.0006944444444444445,0.0,0.043925925925925924,1.956074074074074,1.312209054062603,600.0,400.0,5.0,5.4032146769539295,6.695175157541227,6.793666293915166,5.408964210906127,1.801071558984643,2.231725052513742,2.2645554313050553,1.8029880703020424,0.9914552084452658,2.0359832688654342,0.9155842079780996,default
cheap_phys,2,0.2,6.0,0.0,2.0,pingpong,1,serving_reciprocity+map+rate,3.0,3,6,2,False,0.001419753086419753,0.015111695137976347,0.005198915009041591,0.0033333333333333335,0.09395061728395061,0.2730864197530864,0.18376543209876542,0.4375821287779238,0.00020987654320987656,0.0001234567901234568,0.06746031746031746,0.03968253968253968,0.003111111111111111,0.3861671469740634,0.0016543209876543209,0.00428395061728395,0.15680623553702974,0.0,0.025419753086419753,0.0011574074074074073,0.0005787037037037037,0.0,0.0,0.0011574074074074073,0.0,0.03777777777777778,1.9622222222222223,1.3300889662862183,600.0,400.0,5.0,5.412043864753278,6.681281438412865,6.657121460672002,5.314134918188104,1.8040146215844257,2.2270938128042883,2.2190404868906675,1.7713783060627013,0.986539725953694,1.9876820801061676,0.9159131669439375,default
cheap_phys,3,0.2,6.0,0.0,2.0,pingpong,1,serving_reciprocity+map+rate,3.0,3,6,2,False,0.0015432098765432098,0.017770597738287562,0.006693440428380187,0.004506172839506173,0.07641975308641975,0.23055555555555557,0.18703703703703703,0.36187399030694667,0.00019753086419753085,7.407407407407407e-05,0.056140350877192984,0.021052631578947368,0.0035185185185185185,0.2299168975069252,0.0010246913580246914,0.00445679012345679,0.12827766637069032,0.0,0.01954320987654321,0.0005709876543209877,0.00028549382716049385,0.0,0.0,0.0005709876543209877,0.0,0.03802469135802469,1.9619753086419753,1.3508843048000145,600.0,400.0,5.0,5.406661549709966,6.7298243920753755,6.914122030312857,5.340468799925379,1.8022205165699887,2.2432747973584584,2.304707343437619,1.780156266641793,1.0001524018891992,2.0763841436233688,0.9168775830185041,default
cheap_phys,4,0.2,6.0,0.0,2.0,pingpong,1,serving_reciprocity+map+rate,3.0,3,6,2,False,0.0016049382716049382,0.014054813773717497,0.006637732958897115,0.004135802469135802,0.0878395061728395,0.24179012345679013,0.17888888888888888,0.46872803935347856,0.00025925925925925926,8.641975308641975e-05,0.07291666666666667,0.024305555555555556,0.0035555555555555557,0.2807017543859649,0.001382716049382716,0.004925925925925926,0.17534361693611747,0.0,0.02659259259259259,0.0004938271604938272,0.0002469135802469136,0.0,0.0,0.0004938271604938272,0.0,0.03639506172839506,1.963604938271605,1.2630482053205832,600.0,400.0,5.0,5.396083349729672,6.69815555866086,6.557909729459217,5.254661472065715,1.7986944499098907,2.23271851955362,2.185969909819739,1.7515538240219048,0.9731164788038275,1.9574240126548357,0.86461141705513,default
cheap_phys,5,0.2,6.0,0.0,2.0,pingpong,1,serving_reciprocity+map+rate,3.0,3,6,2,False,0.001419753086419753,0.013503909026297086,0.00708128078817734,0.0033950617283950617,0.08685185185185185,0.20049382716049383,0.1814814814814815,0.3845060412224591,0.00014814814814814815,0.00011111111111111112,0.04477611940298507,0.033582089552238806,0.0033086419753086418,0.20735785953177258,0.0007654320987654321,0.003691358024691358,0.09997839000655454,0.0,0.01428395061728395,0.0009722222222222222,0.0004861111111111111,0.0,0.0,0.0009722222222222222,0.0,0.03722222222222222,1.9627777777777777,1.3418791154277288,600.0,400.0,5.0,5.423335932850391,6.723089349387422,6.613001050958819,5.3473887133150795,1.8077786442834638,2.241029783129141,2.2043336836529397,1.7824629044383598,1.000282397115589,1.964312122578189,0.9969686249969527,default
cheap_phys,6,0.2,6.0,0.0,2.0,pingpong,1,serving_reciprocity+map+rate,3.0,3,6,2,False,0.0016049382716049382,0.011229314420803783,0.006413418845584608,0.004753086419753087,0.10444444444444445,0.2502469135802469,0.2091358024691358,0.4734042553191489,0.00019753086419753085,3.7037037037037037e-05,0.056338028169014086,0.01056338028169014,0.003506172839506173,0.2514450867052023,0.001074074074074074,0.0042716049382716045,0.11858475457847963,0.0,0.01734567901234568,0.0006944444444444445,0.00034722222222222224,0.0,0.0,0.0006944444444444445,0.0,0.04269135802469136,1.9573086419753087,1.323394987968838,600.0,400.0,5.0,5.4140534108651925,6.714858243582173,6.771271912969076,5.312442601466293,1.8046844702883975,2.2382860811940577,2.2570906376563586,1.7708142004887644,1.0075622293139008,2.0197218869577043,0.9237589170224965,default
cheap_phys,7,0.2,6.0,0.0,2.0,pingpong,1,serving_reciprocity+map+rate,3.0,3,6,2,False,0.0012345679012345679,0.010893246187363835,0.005421523448088913,0.0034567901234567903,0.085,0.22771604938271606,0.15771604938271605,0.37254901960784315,0.00018518518518518518,0.00013580246913580247,0.051194539249146756,0.03754266211604096,0.003617283950617284,0.22969187675070027,0.0010123456790123457,0.004407407407407408,0.12787533112423569,0.0,0.018444444444444444,0.0006018518518518519,0.00030092592592592595,0.0,0.0,0.0005864197530864197,1.54320987654321e-05,0.03219753086419753,1.9678024691358025,1.3932997925848243,600.0,400.0,5.0,5.403742565189801,6.6848746272912685,6.81004897205412,5.169306173143329,1.8012475217299337,2.228291542430423,2.27001632401804,1.723102057714443,1.0055429184573565,2.0351554118662873,0.9353454160736874,default
cheap_phys,8,0.2,6.0,0.0,2.0,pingpong,1,serving_reciprocity+map+rate,3.0,3,6,2,False,0.0014814814814814814,0.01632302405498282,0.006427423674343867,0.0033950617283950617,0.07185185185185185,0.23049382716049382,0.18296296296296297,0.40463917525773196,0.0002345679012345679,2.4691358024691357e-05,0.08225108225108226,0.008658008658008658,0.002851851851851852,0.23776223776223776,0.0008395061728395062,0.0035308641975308644,0.11064744522600932,0.0,0.017222222222222222,0.0012808641975308641,0.0006404320987654321,0.0,0.0,0.0012808641975308641,0.0,0.037765432098765435,1.9622345679012345,1.3472427997112046,600.0,400.0,5.0,5.393690921572083,6.716062985529939,6.641696462294681,5.410083779039509,1.797896973857361,2.238687661843313,2.2138988207648937,1.803361259679836,0.9904300107142289,1.979999086479789,0.9044664999237284,default
cheap_phys,9,0.2,6.0,0.0,2.0,pingpong,1,serving_reciprocity+map+rate,3.0,3,6,2,False,0.0015432098765432098,0.01173563928350834,0.005274261603375527,0.004197530864197531,0.09993827160493828,0.29259259259259257,0.17839506172839506,0.4502779493514515,0.00016049382716049382,0.00013580246913580247,0.053497942386831275,0.04526748971193416,0.003,0.3333333333333333,0.0014444444444444444,0.004333333333333333,0.15426850465057465,0.0,0.024037037037037037,0.0006790123456790123,0.00033950617283950616,0.0,0.0,0.0006790123456790123,0.0,0.0362962962962963,1.9637037037037037,1.4833881323149283,600.0,400.0,5.0,5.422415322598476,6.696291088574371,6.6804752937907805,5.535019675246978,1.807471774199492,2.2320970295247906,2.22682509793026,1.8450065584156592,1.014685727788178,1.9822116159974164,0.9760944589506835,default
cheap_phys,0,0.2,10.0,0.0,2.0,pingpong,1,serving_reciprocity+map+rate,3.0,3,6,2,False,0.0015432098765432098,0.004488330341113106,0.002834467120181406,0.004197530864197531,0.2750617283950617,0.5444444444444444,0.6044444444444445,0.9764362657091562,0.00019753086419753085,6.17283950617284e-05,0.061068702290076333,0.019083969465648856,0.0032345679012345677,0.27647058823529413,0.0011604938271604938,0.004197530864197531,0.13660315010992985,0.0,0.021222222222222222,0.0015123456790123457,0.0007561728395061729,0.0,0.0,0.0015123456790123457,0.0,0.1224320987654321,1.8775679012345678,1.3155084213473376,600.0,400.0,5.0,5.3975873028581836,6.7073246240154685,6.611276397879626,5.176871684720679,1.7991957676193946,2.2357748746718227,2.2037587992932086,1.725623894906893,0.9913975786089191,1.968167596164162,0.9250868330709636,default
cheap_phys,1,0.2,10.0,0.0,2.0,pingpong,1,serving_reciprocity+map+rate,3.0,3,6,2,False,0.0022222222222222222,0.0065116279069767444,0.004686889727900013,0.004506172839506173,0.2654320987654321,0.4741358024691358,0.5988888888888889,0.9806976744186047,0.00032098765432098765,0.00011111111111111112,0.08873720136518772,0.030716723549488054,0.003617283950617284,0.2184873949579832,0.000962962962962963,0.004407407407407408,0.12145975222648166,0.0,0.01865432098765432,0.0006944444444444445,0.00034722222222222224,0.0,0.0,0.0006944444444444445,0.0,0.12085185185185185,1.8791481481481482,1.3170154444162652,600.0,400.0,5.0,5.4032146769539295,6.695175157541227,6.793666293915166,5.408964210906127,1.801071558984643,2.231725052513742,2.2645554313050553,1.8029880703020424,0.9914552084452658,2.0359832688654342,0.854375833994709,default
cheap_phys,2,0.2,10.0,0.0,2.0,pingpong,1,serving_reciprocity+map+rate,3.0,3,6,2,False,0.0016666666666666668,0.0066309614894159655,0.0036986301369863013,0.003950617283950617,0.24203703703703705,0.4506172839506173,0.5299382716049382,0.9729660800816118,0.0002962962962962963,0.00014814814814814815,0.0916030534351145,0.04580152671755725,0.0032345679012345677,0.34545454545454546,0.0014074074074074073,0.004074074074074074,0.13744054647145013,0.0,0.0225679012345679,0.0011574074074074073,0.0005787037037037037,0.0,0.0,0.0011574074074074073,0.0,0.10712345679012346,1.8928765432098766,1.3358366549979075,600.0,400.0,5.0,5.412043864753278,6.681281438412865,6.657121460672002,5.314134918188104,1.8040146215844257,2.2270938128042883,2.2190404868906675,1.7713783060627013,0.986539725953694,1.9876820801061676,0.9349962089909241,default
cheap_phys,3,0.2,10.0,0.0,2.0,pingpong,1,serving_reciprocity+map+rate,3.0,3,6,2,False,0.0019135802469135803,0.007990529742527374,0.004457225017972682,0.00537037037037037,0.20858024691358024,0.429320987654321,0.5620987654320988,0.9828351583308671,0.00022222222222222223,0.00014814814814814815,0.06020066889632107,0.04013377926421405,0.003691358024691358,0.2122905027932961,0.0009382716049382716,0.004419753086419753,0.12642727929924938,0.0,0.018925925925925926,0.0005709876543209877,0.00028549382716049385,0.0,0.0,0.0005709876543209877,0.0,0.11313580246913581,1.8868641975308642,1.3516502278028666,600.0,400.0,5.0,5.406661549709966,6.7298243920753755,6.914122030312857,5.340468799925379,1.8022205165699887,2.2432747973584584,2.304707343437619,1.780156266641793,1.0001524018891992,2.0763841436233688,0.9911778339883313,default
cheap_phys,4,0.2,10.0,0.0,2.0,pingpong,1,serving_reciprocity+map+rate,3.0,3,6,2,False,0.0019135802469135803,0.007009345794392523,0.00497991967871486,0.0042592592592592595,0.18493827160493828,0.38425925925925924,0.4991358024691358,0.9786381842456608,0.00030864197530864197,0.00011111111111111112,0.08620689655172414,0.03103448275862069,0.003580246913580247,0.2653061224489796,0.0012839506172839506,0.004839506172839506,0.15309234496251192,0.0,0.02350617283950617,0.0004938271604938272,0.0002469135802469136,0.0,0.0,0.0004938271604938272,0.0,0.10064197530864198,1.899358024691358,1.268817112648467,600.0,400.0,5.0,5.396083349729672,6.69815555866086,6.557909729459217,5.254661472065715,1.7986944499098907,2.23271851955362,2.185969909819739,1.7515538240219048,0.9731164788038275,1.9574240126548357,0.8280685419449583,default
cheap_phys,5,0.2,10.0,0.0,2.0,pingpong,1,serving_reciprocity+map+rate,3.0,3,6,2,False,0.0014814814814814814,0.00541002277904328,0.003935071323167732,0.003580246913580247,0.21679012345679013,0.3764814814814815,0.501358024691358,0.979498861047836,0.00016049382716049382,0.00013580246913580247,0.04797047970479705,0.04059040590405904,0.003345679012345679,0.1939799331103679,0.0007160493827160494,0.003691358024691358,0.09201939220551492,0.0,0.0134320987654321,0.0009722222222222222,0.0004861111111111111,0.0,0.0,0.0009722222222222222,0.0,0.10138271604938272,1.8986172839506172,1.3439515588455606,600.0,400.0,5.0,5.423335932850391,6.723089349387422,6.613001050958819,5.3473887133150795,1.8077786442834638,2.241029783129141,2.2043336836529397,1.7824629044383598,1.000282397115589,1.964312122578189,0.9054067499237135,default
cheap_phys,6,0.2,10.0,0.0,2.0,pingpong,1,serving_reciprocity+map+rate,3.0,3,6,2,False,0.0021604938271604936,0.005105762217359592,0.005085730892182505,0.005061728395061729,0.2538888888888889,0.4248148148148148,0.5115432098765432,0.9912472647702407,0.0002469135802469136,6.17283950617284e-05,0.06920415224913495,0.01730103806228374,0.003567901234567901,0.2132132132132132,0.0008765432098765433,0.004111111111111111,0.1057419454550594,0.0,0.015592592592592592,0.0006944444444444445,0.00034722222222222224,0.0,0.0,0.0006944444444444445,0.0,0.10338271604938272,1.8966172839506172,1.3240759262465818,600.0,400.0,5.0,5.4140534108651925,6.714858243582173,6.771271912969076,5.312442601466293,1.8046844702883975,2.2382860811940577,2.2570906376563586,1.7708142004887644,1.0075622293139008,2.0197218869577043,0.9467341660056263,default
cheap_phys,7,0.2,10.0,0.0,2.0,pingpong,1,serving_reciprocity+map+rate,3.0,3,6,2,False,0.0014814814814814814,0.0047875523638539795,0.003915810083210965,0.0036419753086419752,0.20629629629629628,0.37833333333333335,0.5159259259259259,0.9940155595451825,0.00022222222222222223,0.00013580246913580247,0.060810810810810814,0.037162162162162164,0.003654320987654321,0.1988472622478386,0.0008518518518518519,0.00428395061728395,0.1038970106660437,0.0,0.015222222222222222,0.0006018518518518519,0.00030092592592592595,0.0,0.0,0.0005864197530864197,1.54320987654321e-05,0.10398765432098765,1.8960123456790123,1.3968814057095595,600.0,400.0,5.0,5.403742565189801,6.6848746272912685,6.81004897205412,5.169306173143329,1.8012475217299337,2.228291542430423,2.27001632401804,1.723102057714443,1.0055429184573565,2.0351554118662873,0.8704838340636343,default
cheap_phys,8,0.2,10.0,0.0,2.0,pingpong,1,serving_reciprocity+map+rate,3.0,3,6,2,False,0.0016049382716049382,0.005736714975845411,0.003968253968253968,0.003580246913580247,0.20444444444444446,0.40444444444444444,0.5240123456790123,0.9876207729468599,0.0002469135802469136,3.7037037037037037e-05,0.08547008547008547,0.01282051282051282,0.0028888888888888888,0.21071428571428572,0.000728395061728395,0.0034567901234567903,0.09241722865088099,0.0,0.014530864197530864,0.0012808641975308641,0.0006404320987654321,0.0,0.0,0.0012808641975308641,0.0,0.10611111111111111,1.893888888888889,1.3495307844339972,600.0,400.0,5.0,5.393690921572083,6.716062985529939,6.641696462294681,5.410083779039509,1.797896973857361,2.238687661843313,2.2138988207648937,1.803361259679836,0.9904300107142289,1.979999086479789,0.867762167006731,default
cheap_phys,9,0.2,10.0,0.0,2.0,pingpong,1,serving_reciprocity+map+rate,3.0,3,6,2,False,0.0017901234567901235,0.005099562894609034,0.003947189328977814,0.004629629629629629,0.25419753086419755,0.45351851851851854,0.543395061728395,0.9808159300631375,0.00019753086419753085,0.0001234567901234568,0.064,0.04,0.0030864197530864196,0.31952662721893493,0.0013333333333333333,0.004172839506172839,0.13197628027295624,0.0,0.020592592592592593,0.0006790123456790123,0.00033950617283950616,0.0,0.0,0.0006790123456790123,0.0,0.10934567901234568,1.8906543209876543,1.4860279810513028,600.0,400.0,5.0,5.422415322598476,6.696291088574371,6.6804752937907805,5.535019675246978,1.807471774199492,2.2320970295247906,2.22682509793026,1.8450065584156592,1.014685727788178,1.9822116159974164,0.9504212500760332,default
cheap_phys,0,0.2,15.0,0.0,2.0,pingpong,1,serving_reciprocity+map+rate,3.0,3,6,2,False,0.0015432098765432098,0.002592016588906169,0.002061515626288447,0.004197530864197531,0.4762962962962963,0.7485802469135803,0.6381481481481481,0.9875583203732504,0.00019753086419753085,6.17283950617284e-05,0.061068702290076333,0.019083969465648856,0.0032345679012345677,0.27647058823529413,0.0011604938271604938,0.004197530864197531,0.1290272630513169,0.0,0.020296296296296295,0.0015123456790123457,0.0007561728395061729,0.0,0.0,0.0015123456790123457,0.0,0.12917283950617284,1.8708271604938271,1.3158075274943537,600.0,400.0,5.0,5.3975873028581836,6.7073246240154685,6.611276397879626,5.176871684720679,1.7991957676193946,2.2357748746718227,2.2037587992932086,1.725623894906893,0.9913975786089191,1.968167596164162,0.9491618749452755,default
cheap_phys,1,0.2,15.0,0.0,2.0,pingpong,1,serving_reciprocity+map+rate,3.0,3,6,2,False,0.0022222222222222222,0.003827751196172249,0.003271537622682661,0.004506172839506173,0.45154320987654323,0.6792592592592592,0.6133333333333333,0.9915242652084757,0.00032098765432098765,0.00011111111111111112,0.08873720136518772,0.030716723549488054,0.003617283950617284,0.21568627450980393,0.0009506172839506173,0.004407407407407408,0.11931382433763223,0.0,0.018444444444444444,0.0006944444444444445,0.00034722222222222224,0.0,0.0,0.0006944444444444445,0.0,0.12374074074074073,1.8762592592592593,1.317350312659695,600.0,400.0,5.0,5.4032146769539295,6.695175157541227,6.793666293915166,5.408964210906127,1.801071558984643,2.231725052513742,2.2645554313050553,1.8029880703020424,0.9914552084452658,2.0359832688654342,0.967649833066389,default
cheap_phys,2,0.2,15.0,0.0,2.0,pingpong,1,serving_reciprocity+map+rate,3.0,3,6,2,False,0.0016666666666666668,0.0037297374838617127,0.002631066068992399,0.003950617283950617,0.43030864197530866,0.6334567901234568,0.555,0.987376273131545,0.0002962962962962963,0.00014814814814814815,0.0916030534351145,0.04580152671755725,0.0032345679012345677,0.3424242424242424,0.0013950617283950617,0.004074074074074074,0.1353800131226517,0.0,0.02239506172839506,0.0011574074074074073,0.0005787037037037037,0.0,0.0,0.0011574074074074073,0.0,0.11214814814814815,1.887851851851852,1.3360125166527466,600.0,400.0,5.0,5.412043864753278,6.681281438412865,6.657121460672002,5.314134918188104,1.8040146215844257,2.2270938128042883,2.2190404868906675,1.7713783060627013,0.986539725953694,1.9876820801061676,0.8747090420220047,default
cheap_phys,3,0.2,15.0,0.0,2.0,pingpong,1,serving_reciprocity+map+rate,3.0,3,6,2,False,0.0019135802469135803,0.003883215878038257,0.002851099052699347,0.00537037037037037,0.42919753086419754,0.6711728395061728,0.5948765432098766,0.9943909103983892,0.00022222222222222223,0.00013580246913580247,0.06020066889632107,0.03678929765886288,0.003691358024691358,0.21008403361344538,0.000925925925925926,0.004407407407407408,0.11804963039157446,0.0,0.01814814814814815,0.0005709876543209877,0.00028549382716049385,0.0,0.0,0.0005709876543209877,0.0,0.11969135802469136,1.8803086419753086,1.3535931540818462,600.0,400.0,5.0,5.406661549709966,6.7298243920753755,6.914122030312857,5.340468799925379,1.8022205165699887,2.2432747973584584,2.304707343437619,1.780156266641793,1.0001524018891992,2.0763841436233688,0.8439782090717927,default
cheap_phys,4,0.2,15.0,0.0,2.0,pingpong,1,serving_reciprocity+map+rate,3.0,3,6,2,False,0.0019753086419753087,0.0035065349059611095,0.003246753246753247,0.004382716049382716,0.38728395061728393,0.6083950617283951,0.5408641975308642,0.9926681542875359,0.00032098765432098765,0.0001234567901234568,0.08904109589041095,0.03424657534246575,0.0036049382716049384,0.2602040816326531,0.0012592592592592592,0.004839506172839506,0.14074469181115498,0.0,0.022160493827160493,0.0004938271604938272,0.0002469135802469136,0.0,0.0,0.0004938271604938272,0.0,0.109,1.891,1.2712191199655434,600.0,400.0,5.0,5.396083349729672,6.69815555866086,6.557909729459217,5.254661472065715,1.7986944499098907,2.23271851955362,2.185969909819739,1.7515538240219048,0.9731164788038275,1.9574240126548357,0.9012410839786753,default
cheap_phys,5,0.2,15.0,0.0,2.0,pingpong,1,serving_reciprocity+map+rate,3.0,3,6,2,False,0.0014814814814814814,0.0028169014084507044,0.002447730749617542,0.003580246913580247,0.416358024691358,0.605246913580247,0.5172839506172839,0.9928836174944403,0.00016049382716049382,0.00013580246913580247,0.04797047970479705,0.04059040590405904,0.003345679012345679,0.1939799331103679,0.0007160493827160494,0.003691358024691358,0.0905567416095804,0.0,0.013271604938271606,0.0009722222222222222,0.0004861111111111111,0.0,0.0,0.0009722222222222222,0.0,0.1045679012345679,1.895432098765432,1.3439526205575536,600.0,400.0,5.0,5.423335932850391,6.723089349387422,6.613001050958819,5.3473887133150795,1.8077786442834638,2.241029783129141,2.2043336836529397,1.7824629044383598,1.000282397115589,1.964312122578189,0.9857253329828382,default
cheap_phys,6,0.2,15.0,0.0,2.0,pingpong,1,serving_reciprocity+map+rate,3.0,3,6,2,False,0.0021604938271604936,0.003108348134991119,0.0036075036075036075,0.0051234567901234564,0.41703703703703704,0.5988888888888889,0.5191358024691358,0.9960035523978685,0.00025925925925925926,7.407407407407407e-05,0.07241379310344828,0.020689655172413793,0.003580246913580247,0.2072072072072072,0.0008518518518518519,0.004111111111111111,0.10268736913354275,0.0,0.015382716049382716,0.0006944444444444445,0.00034722222222222224,0.0,0.0,0.0006944444444444445,0.0,0.10490123456790124,1.8950987654320988,1.3238608012005628,600.0,400.0,5.0,5.4140534108651925,6.714858243582173,6.771271912969076,5.312442601466293,1.8046844702883975,2.2382860811940577,2.2570906376563586,1.7708142004887644,1.0075622293139008,2.0197218869577043,1.0911928749410436,default
cheap_phys,7,0.2,15.0,0.0,2.0,pingpong,1,serving_reciprocity+map+rate,3.0,3,6,2,False,0.0015432098765432098,0.0026109660574412533,0.002579446966570367,0.003765432098765432,0.4019135802469136,0.5982716049382716,0.537283950617284,0.9983105513745968,0.00022222222222222223,0.00013580246913580247,0.06040268456375839,0.03691275167785235,0.0036790123456790125,0.19596541786743515,0.0008395061728395062,0.00428395061728395,0.10037023377577921,0.0,0.014876543209876544,0.0006018518518518519,0.00030092592592592595,0.0,0.0,0.0005864197530864197,1.54320987654321e-05,0.10825925925925926,1.8917407407407407,1.397871586511035,600.0,400.0,5.0,5.403742565189801,6.6848746272912685,6.81004897205412,5.169306173143329,1.8012475217299337,2.228291542430423,2.27001632401804,1.723102057714443,1.0055429184573565,2.0351554118662873,0.9323994589503855,default
cheap_phys,8,0.2,15.0,0.0,2.0,pingpong,1,serving_reciprocity+map+rate,3.0,3,6,2,False,0.0016049382716049382,0.0028670590010562848,0.0025230470645317806,0.003580246913580247,0.4090740740740741,0.6361111111111111,0.5330864197530865,0.9953221668930134,0.0002469135802469136,3.7037037037037037e-05,0.08547008547008547,0.01282051282051282,0.0028888888888888888,0.20714285714285716,0.0007160493827160494,0.0034567901234567903,0.09215730162512073,0.0,0.014506172839506172,0.0012808641975308641,0.0006404320987654321,0.0,0.0,0.0012808641975308641,0.0,0.10793827160493827,1.8920617283950618,1.349552110137801,600.0,400.0,5.0,5.393690921572083,6.716062985529939,6.641696462294681,5.410083779039509,1.797896973857361,2.238687661843313,2.2138988207648937,1.803361259679836,0.9904300107142289,1.979999086479789,1.0002549999626353,default
cheap_phys,9,0.2,15.0,0.0,2.0,pingpong,1,serving_reciprocity+map+rate,3.0,3,6,2,False,0.001851851851851852,0.003025302530253025,0.002813203300825206,0.004753086419753087,0.4488888888888889,0.6582716049382716,0.5737654320987654,0.9910616061606161,0.00020987654320987656,0.0001234567901234568,0.06746031746031746,0.03968253968253968,0.003111111111111111,0.31952662721893493,0.0013333333333333333,0.004172839506172839,0.12925774328489228,0.0,0.020185185185185184,0.0006790123456790123,0.00033950617283950616,0.0,0.0,0.0006790123456790123,0.0,0.1154320987654321,1.884567901234568,1.4864734097666088,600.0,400.0,5.0,5.422415322598476,6.696291088574371,6.6804752937907805,5.535019675246978,1.807471774199492,2.2320970295247906,2.22682509793026,1.8450065584156592,1.014685727788178,1.9822116159974164,0.9802400839980692,default
cheap_phys,0,0.2,0.0,0.0,4.0,pingpong,1,serving_reciprocity+map+rate,3.0,3,6,2,False,0.0001234567901234568,0.0,0.0018450184501845018,0.0022222222222222222,0.042839506172839506,0.06691358024691359,0.0021604938271604936,0.0,0.00013580246913580247,3.7037037037037037e-05,0.05263157894736842,0.014354066985645933,0.002580246913580247,0.4289855072463768,0.0018271604938271606,0.0042592592592592595,0.3249204969531119,0.0,0.04259259259259259,0.0044907407407407405,0.0022453703703703702,0.0,0.0,0.0044907407407407405,0.0,0.004148148148148148,1.9958518518518518,1.3001120187975497,600.0,400.0,5.0,5.3975873028581836,6.7073246240154685,12.171151480112101,5.176871684720679,1.7991957676193946,2.2357748746718227,4.0570504933707,1.725623894906893,0.9913975786089191,3.9340551021672048,0.9220199580304325,default
cheap_phys,1,0.2,0.0,0.0,4.0,pingpong,1,serving_reciprocity+map+rate,3.0,3,6,2,False,0.0004938271604938272,0.0017543859649122807,0.0056657223796034,0.002962962962962963,0.03518518518518519,0.06537037037037037,0.0012345679012345679,0.0,0.00019753086419753085,7.407407407407407e-05,0.06274509803921569,0.023529411764705882,0.003148148148148148,0.3553921568627451,0.0017901234567901235,0.005037037037037037,0.2644974558112643,0.0,0.036333333333333336,0.002854938271604938,0.001427469135802469,0.0,0.0,0.002854938271604938,0.0,0.0028024691358024692,1.9971975308641976,1.304299775747548,600.0,400.0,5.0,5.4032146769539295,6.695175157541227,12.541231516982435,5.408964210906127,1.801071558984643,2.231725052513742,4.180410505660812,1.8029880703020424,0.9914552084452658,4.06113882617746,0.8934077080339193,default
cheap_phys,2,0.2,0.0,0.0,4.0,pingpong,1,serving_reciprocity+map+rate,3.0,3,6,2,False,0.0004938271604938272,0.007782101167315175,0.0077951002227171495,0.0024691358024691358,0.03172839506172839,0.0554320987654321,0.0001234567901234568,0.0,0.00011111111111111112,7.407407407407407e-05,0.04072398190045249,0.027149321266968326,0.002728395061728395,0.4807692307692308,0.0021604938271604936,0.004493827160493827,0.28059126753280106,0.0,0.03662962962962963,0.004104938271604938,0.002052469135802469,0.0,0.0,0.004104938271604938,0.0,0.0035555555555555557,1.9964444444444445,1.32930330704913,600.0,400.0,5.0,5.412043864753278,6.681281438412865,12.25903809593457,5.314134918188104,1.8040146215844257,2.2270938128042883,4.086346031978191,1.7713783060627013,0.986539725953694,3.965471379568779,0.8267899999627843,default
cheap_phys,3,0.2,0.0,0.0,4.0,pingpong,1,serving_reciprocity+map+rate,3.0,3,6,2,False,0.00018518518518518518,0.0,0.0028763183125599234,0.003271604938271605,0.031296296296296294,0.06438271604938271,0.0002469135802469136,0.0,0.00013580246913580247,3.7037037037037037e-05,0.04247104247104247,0.011583011583011582,0.003197530864197531,0.3582089552238806,0.0017777777777777779,0.004962962962962963,0.2449950747126125,0.0,0.03097530864197531,0.0026697530864197533,0.0013348765432098766,0.0,0.0,0.0026697530864197533,0.0,0.002185185185185185,1.9978148148148147,1.3402450958441694,600.0,400.0,5.0,5.406661549709966,6.7298243920753755,12.806652208402646,5.340468799925379,1.8022205165699887,2.2432747973584584,4.268884069467549,1.780156266641793,1.0001524018891992,4.150068236975036,0.917065666988492,default
cheap_phys,4,0.2,0.0,0.0,4.0,pingpong,1,serving_reciprocity+map+rate,3.0,3,6,2,False,0.0005555555555555556,0.001075268817204301,0.004261363636363636,0.0034567901234567903,0.05740740740740741,0.08691358024691358,0.004320987654320987,0.04408602150537634,0.0001728395061728395,8.641975308641975e-05,0.051094890510948905,0.025547445255474453,0.0033827160493827163,0.3797752808988764,0.0020864197530864196,0.005493827160493827,0.32807002322725126,0.0,0.042666666666666665,0.0021141975308641976,0.0010570987654320988,0.0,0.0,0.0021141975308641976,0.0,0.0026790123456790125,1.997320987654321,1.2538377039127735,600.0,400.0,5.0,5.396083349729672,6.69815555866086,12.059178058753435,5.254661472065715,1.7986944499098907,2.23271851955362,4.019726019584478,1.7515538240219048,0.9731164788038275,3.900159175111307,0.9849405420245603,default
cheap_phys,5,0.2,0.0,0.0,4.0,pingpong,1,serving_reciprocity+map+rate,3.0,3,6,2,False,0.0004938271604938272,0.007462686567164179,0.007547169811320755,0.002839506172839506,0.024814814814814814,0.049074074074074076,0.0017901234567901235,0.0024875621890547263,9.876543209876543e-05,0.00011111111111111112,0.03347280334728033,0.03765690376569038,0.0029506172839506174,0.3609467455621302,0.0015061728395061728,0.004172839506172839,0.21500788323084113,0.0,0.028395061728395062,0.004537037037037037,0.0022685185185185187,0.0,0.0,0.004537037037037037,0.0,0.004111111111111111,1.9958888888888888,1.3353155574303934,600.0,400.0,5.0,5.423335932850391,6.723089349387422,12.156760576332136,5.3473887133150795,1.8077786442834638,2.241029783129141,4.052253525444045,1.7824629044383598,1.000282397115589,3.9268554544946492,0.8815104169771075,default
cheap_phys,6,0.2,0.0,0.0,4.0,pingpong,1,serving_reciprocity+map+rate,3.0,3,6,2,False,0.0004938271604938272,0.004454342984409799,0.007268951194184839,0.0030246913580246914,0.02771604938271605,0.059444444444444446,0.0004320987654320988,0.004454342984409799,7.407407407407407e-05,3.7037037037037037e-05,0.026785714285714284,0.013392857142857142,0.002765432098765432,0.38904109589041097,0.0017530864197530865,0.004506172839506173,0.20157640511889827,0.0,0.027753086419753086,0.002993827160493827,0.0014969135802469136,0.0,0.0,0.002993827160493827,0.0,0.0028641975308641974,1.997135802469136,1.3226601462735659,600.0,400.0,5.0,5.4140534108651925,6.714858243582173,12.513146674460101,5.312442601466293,1.8046844702883975,2.2382860811940577,4.1710488914867,1.7708142004887644,1.0075622293139008,4.047526060352476,0.9305617089848965,default
cheap_phys,7,0.2,0.0,0.0,4.0,pingpong,1,serving_reciprocity+map+rate,3.0,3,6,2,False,0.00018518518518518518,0.0,0.0033444816053511705,0.0024074074074074076,0.015864197530864196,0.03691358024691358,0.0008024691358024691,0.0,0.00011111111111111112,7.407407407407407e-05,0.03435114503816794,0.022900763358778626,0.0032345679012345677,0.34293193717277487,0.0016172839506172839,0.00471604938271605,0.19930278018583583,0.0,0.02722222222222222,0.002021604938271605,0.0010108024691358026,0.0,0.0,0.002006172839506173,1.54320987654321e-05,0.001814814814814815,1.9981851851851853,1.3861382909639361,600.0,400.0,5.0,5.403742565189801,6.6848746272912685,12.615731826096777,5.169306173143329,1.8012475217299337,2.228291542430423,4.205243942032259,1.723102057714443,1.0055429184573565,4.083253610925885,0.9344184999354184,default
cheap_phys,8,0.2,0.0,0.0,4.0,pingpong,1,serving_reciprocity+map+rate,3.0,3,6,2,False,0.0004320987654320988,0.00625,0.004561003420752566,0.0029012345679012346,0.02962962962962963,0.0541358024691358,0.002345679012345679,0.0020833333333333333,0.00016049382716049382,1.2345679012345678e-05,0.05855855855855856,0.0045045045045045045,0.0027407407407407406,0.34870317002881845,0.001493827160493827,0.00428395061728395,0.2021815732026261,0.0,0.027444444444444445,0.004166666666666667,0.0020833333333333333,0.0,0.0,0.004166666666666667,0.0,0.0038765432098765433,1.9961234567901234,1.337880298363992,600.0,400.0,5.0,5.393690921572083,6.716062985529939,12.242460990456756,5.410083779039509,1.797896973857361,2.238687661843313,4.080820330152252,1.803361259679836,0.9904300107142289,3.9588057493214475,0.8878442500717938,default
cheap_phys,9,0.2,0.0,0.0,4.0,pingpong,1,serving_reciprocity+map+rate,3.0,3,6,2,False,0.00037037037037037035,0.0020408163265306124,0.004338394793926247,0.0030246913580246914,0.030246913580246913,0.05691358024691358,0.0011728395061728395,0.00816326530612245,0.00014814814814814815,8.641975308641975e-05,0.05581395348837209,0.03255813953488372,0.002654320987654321,0.3848396501457726,0.0016296296296296295,0.004234567901234568,0.21833897041435688,0.0,0.029518518518518517,0.0035956790123456792,0.0017978395061728396,0.0,0.0,0.0035956790123456792,0.0,0.003259259259259259,1.9967407407407407,1.4764817776536785,600.0,400.0,5.0,5.422415322598476,6.696291088574371,12.308225098843337,5.535019675246978,1.807471774199492,2.2320970295247906,4.1027416996144455,1.8450065584156592,1.014685727788178,3.9752864459782273,0.8841944159939885,default
cheap_phys,0,0.2,6.0,0.0,4.0,pingpong,1,serving_reciprocity+map+rate,3.0,3,6,2,False,0.0020987654320987655,0.013084112149532711,0.004086765168186105,0.0042592592592592595,0.09907407407407408,0.39271604938271604,0.10351851851851852,0.21744548286604362,0.0004814814814814815,7.407407407407407e-05,0.16115702479338842,0.024793388429752067,0.002987654320987654,0.5074257425742574,0.0025308641975308644,0.004987654320987654,0.4509606020754127,0.0,0.059876543209876544,0.0044907407407407405,0.0022453703703703702,0.0,0.0,0.0044907407407407405,0.0,0.024555555555555556,1.9754444444444443,1.2820917961905645,600.0,400.0,5.0,5.3975873028581836,6.7073246240154685,12.171151480112101,5.176871684720679,1.7991957676193946,2.2357748746718227,4.0570504933707,1.725623894906893,0.9913975786089191,3.9340551021672048,0.9367082080570981,default
cheap_phys,1,0.2,6.0,0.0,4.0,pingpong,1,serving_reciprocity+map+rate,3.0,3,6,2,False,0.0022222222222222222,0.016613418530351438,0.006495987772258311,0.004320987654320987,0.09660493827160493,0.32308641975308644,0.1041358024691358,0.23706070287539935,0.0005432098765432099,8.641975308641975e-05,0.1588447653429603,0.02527075812274368,0.003419753086419753,0.4396355353075171,0.0023827160493827162,0.005419753086419753,0.34311983224083364,0.0,0.04644444444444444,0.002854938271604938,0.001427469135802469,0.0,0.0,0.002854938271604938,0.0,0.023567901234567902,1.976432098765432,1.2954315347722616,600.0,400.0,5.0,5.4032146769539295,6.695175157541227,12.541231516982435,5.408964210906127,1.801071558984643,2.231725052513742,4.180410505660812,1.8029880703020424,0.9914552084452658,4.06113882617746,0.93102799996268,default
cheap_phys,2,0.2,6.0,0.0,4.0,pingpong,1,serving_reciprocity+map+rate,3.0,3,6,2,False,0.0019753086419753087,0.017603249830737983,0.005418422636965683,0.004012345679012346,0.09117283950617285,0.3075925925925926,0.10555555555555556,0.28029790115098174,0.0003580246913580247,0.00014814814814814815,0.11788617886178862,0.04878048780487805,0.003037037037037037,0.524547803617571,0.002506172839506173,0.0047777777777777775,0.3289627555925225,0.0,0.043493827160493825,0.004104938271604938,0.002052469135802469,0.0,0.0,0.004104938271604938,0.0,0.02474074074074074,1.9752592592592593,1.3164810826924431,600.0,400.0,5.0,5.412043864753278,6.681281438412865,12.25903809593457,5.314134918188104,1.8040146215844257,2.2270938128042883,4.086346031978191,1.7713783060627013,0.986539725953694,3.965471379568779,0.8388294590404257,default
cheap_phys,3,0.2,6.0,0.0,4.0,pingpong,1,serving_reciprocity+map+rate,3.0,3,6,2,False,0.0019753086419753087,0.016813450760608487,0.005907372400756144,0.004876543209876543,0.07709876543209876,0.26123456790123456,0.1028395061728395,0.18254603682946358,0.0004320987654320988,9.876543209876543e-05,0.12280701754385964,0.028070175438596492,0.0035185185185185185,0.4142857142857143,0.002148148148148148,0.005185185185185185,0.28066504630219574,0.0,0.03576543209876543,0.0026697530864197533,0.0013348765432098766,0.0,0.0,0.0026697530864197533,0.0,0.022851851851851852,1.977148148148148,1.3316725296538856,600.0,400.0,5.0,5.406661549709966,6.7298243920753755,12.806652208402646,5.340468799925379,1.8022205165699887,2.2432747973584584,4.268884069467549,1.780156266641793,1.0001524018891992,4.150068236975036,0.8893739999039099,default
cheap_phys,4,0.2,6.0,0.0,4.0,pingpong,1,serving_reciprocity+map+rate,3.0,3,6,2,False,0.0019135802469135803,0.01076555023923445,0.004828889355448247,0.004074074074074074,0.10320987654320987,0.29401234567901235,0.09283950617283951,0.2242822966507177,0.0004074074074074074,8.641975308641975e-05,0.11619718309859155,0.02464788732394366,0.003506172839506173,0.44124168514412415,0.0024567901234567903,0.005567901234567902,0.40091769836639685,0.0,0.05250617283950617,0.0021141975308641976,0.0010570987654320988,0.0,0.0,0.0021141975308641976,0.0,0.02051851851851852,1.9794814814814814,1.2317075444729773,600.0,400.0,5.0,5.396083349729672,6.69815555866086,12.059178058753435,5.254661472065715,1.7986944499098907,2.23271851955362,4.019726019584478,1.7515538240219048,0.9731164788038275,3.900159175111307,0.918341499986127,default
cheap_phys,5,0.2,6.0,0.0,4.0,pingpong,1,serving_reciprocity+map+rate,3.0,3,6,2,False,0.0017901234567901235,0.013750954927425516,0.006379585326953748,0.003765432098765432,0.08080246913580247,0.23222222222222222,0.09913580246913581,0.19327731092436976,0.00027160493827160494,0.00011111111111111112,0.08661417322834646,0.03543307086614173,0.0031358024691358023,0.40058479532163743,0.0016913580246913581,0.004222222222222222,0.25520887505955525,0.0,0.03333333333333333,0.004537037037037037,0.0022685185185185187,0.0,0.0,0.004537037037037037,0.0,0.023728395061728396,1.9762716049382716,1.3281285894206047,600.0,400.0,5.0,5.423335932850391,6.723089349387422,12.156760576332136,5.3473887133150795,1.8077786442834638,2.241029783129141,4.052253525444045,1.7824629044383598,1.000282397115589,3.9268554544946492,0.8812752499943599,default
cheap_phys,6,0.2,6.0,0.0,4.0,pingpong,1,serving_reciprocity+map+rate,3.0,3,6,2,False,0.001851851851851852,0.011937059142702116,0.006621004566210046,0.004012345679012346,0.11376543209876543,0.27037037037037037,0.12623456790123458,0.2892023874118285,0.00030864197530864197,6.17283950617284e-05,0.10416666666666667,0.020833333333333332,0.002962962962962963,0.4255874673629243,0.0020123456790123455,0.004728395061728395,0.22374089421250265,0.0,0.03025925925925926,0.002993827160493827,0.0014969135802469136,0.0,0.0,0.002993827160493827,0.0,0.028209876543209878,1.97179012345679,1.3151550660293383,600.0,400.0,5.0,5.4140534108651925,6.714858243582173,12.513146674460101,5.312442601466293,1.8046844702883975,2.2382860811940577,4.1710488914867,1.7708142004887644,1.0075622293139008,4.047526060352476,0.952864499995485,default
cheap_phys,7,0.2,6.0,0.0,4.0,pingpong,1,serving_reciprocity+map+rate,3.0,3,6,2,False,0.0013580246913580246,0.01224177505738332,0.0049813200498132005,0.0034567901234567903,0.08067901234567901,0.2478395061728395,0.09512345679012346,0.2180566182096404,0.00030864197530864197,9.876543209876543e-05,0.08960573476702509,0.02867383512544803,0.0034444444444444444,0.3879093198992443,0.0019012345679012346,0.004901234567901235,0.24743413480277057,0.0,0.03353086419753087,0.002021604938271605,0.0010108024691358026,0.0,0.0,0.002006172839506173,1.54320987654321e-05,0.020839506172839507,1.9791604938271605,1.3768982658491538,600.0,400.0,5.0,5.403742565189801,6.6848746272912685,12.615731826096777,5.169306173143329,1.8012475217299337,2.228291542430423,4.205243942032259,1.723102057714443,1.0055429184573565,4.083253610925885,0.8515046660322696,default
cheap_phys,8,0.2,6.0,0.0,4.0,pingpong,1,serving_reciprocity+map+rate,3.0,3,6,2,False,0.0019135802469135803,0.015187849720223821,0.0057251908396946565,0.0038271604938271606,0.07722222222222222,0.2911111111111111,0.10648148148148148,0.23341326938449242,0.00037037037037037035,1.2345679012345678e-05,0.12658227848101267,0.004219409282700422,0.002925925925925926,0.3907103825136612,0.0017654320987654322,0.004518518518518519,0.2913524060013951,0.0,0.03888888888888889,0.004166666666666667,0.0020833333333333333,0.0,0.0,0.004166666666666667,0.0,0.024777777777777777,1.9752222222222222,1.338621258747381,600.0,400.0,5.0,5.393690921572083,6.716062985529939,12.242460990456756,5.410083779039509,1.797896973857361,2.238687661843313,4.080820330152252,1.803361259679836,0.9904300107142289,3.9588057493214475,0.9455394999822602,default
cheap_phys,9,0.2,6.0,0.0,4.0,pingpong,1,serving_reciprocity+map+rate,3.0,3,6,2,False,0.002283950617283951,0.015968063872255488,0.0051896921975662135,0.0049382716049382715,0.09277777777777778,0.3449382716049383,0.0958641975308642,0.2109115103127079,0.0004691358024691358,8.641975308641975e-05,0.15447154471544716,0.028455284552845527,0.003037037037037037,0.4838709677419355,0.0024074074074074076,0.004975308641975308,0.3408138884476445,0.0,0.04522222222222222,0.0035956790123456792,0.0017978395061728396,0.0,0.0,0.0035956790123456792,0.0,0.02225925925925926,1.9777407407407408,1.4644749832635733,600.0,400.0,5.0,5.422415322598476,6.696291088574371,12.308225098843337,5.535019675246978,1.807471774199492,2.2320970295247906,4.1027416996144455,1.8450065584156592,1.014685727788178,3.9752864459782273,0.9405018329853192,default
cheap_phys,0,0.2,10.0,0.0,4.0,pingpong,1,serving_reciprocity+map+rate,3.0,3,6,2,False,0.0024074074074074076,0.008547008547008548,0.003597861842105263,0.0044444444444444444,0.21666666666666667,0.6004938271604938,0.36228395061728397,0.8826210826210826,0.0005432098765432099,4.938271604938271e-05,0.17959183673469387,0.0163265306122449,0.0030246913580246914,0.5169902912621359,0.0026296296296296298,0.00508641975308642,0.5096369149589004,0.0,0.06470370370370371,0.0044907407407407405,0.0022453703703703702,0.0,0.0,0.0044907407407407405,0.0,0.0764567901234568,1.9235432098765433,1.2760741974591625,600.0,400.0,5.0,5.3975873028581836,6.7073246240154685,12.171151480112101,5.176871684720679,1.7991957676193946,2.2357748746718227,4.0570504933707,1.725623894906893,0.9913975786089191,3.9340551021672048,0.9131799580063671,default
cheap_phys,1,0.2,10.0,0.0,4.0,pingpong,1,serving_reciprocity+map+rate,3.0,3,6,2,False,0.0025925925925925925,0.00904977375565611,0.005104521147301896,0.004567901234567902,0.2182716049382716,0.5079012345679013,0.38320987654320987,0.879524886877828,0.0005802469135802469,0.00011111111111111112,0.16725978647686832,0.03202846975088968,0.0034691358024691358,0.4409090909090909,0.0023950617283950617,0.005432098765432099,0.3635306306894999,0.0,0.0484320987654321,0.002854938271604938,0.001427469135802469,0.0,0.0,0.002854938271604938,0.0,0.07945679012345679,1.9205432098765431,1.292357918920129,600.0,400.0,5.0,5.4032146769539295,6.695175157541227,12.541231516982435,5.408964210906127,1.801071558984643,2.231725052513742,4.180410505660812,1.8029880703020424,0.9914552084452658,4.06113882617746,0.9114485420286655,default
cheap_phys,2,0.2,10.0,0.0,4.0,pingpong,1,serving_reciprocity+map+rate,3.0,3,6,2,False,0.0020987654320987655,0.009017412935323384,0.0042296846962317355,0.003765432098765432,0.1985185185185185,0.48160493827160494,0.36950617283950615,0.9151119402985075,0.00037037037037037035,0.00013580246913580247,0.12396694214876033,0.045454545454545456,0.002987654320987654,0.5297157622739018,0.0025308641975308644,0.0047777777777777775,0.3649374651008371,0.0,0.04682716049382716,0.004104938271604938,0.002052469135802469,0.0,0.0,0.004104938271604938,0.0,0.07760493827160495,1.9223950617283951,1.3113241550023198,600.0,400.0,5.0,5.412043864753278,6.681281438412865,12.25903809593457,5.314134918188104,1.8040146215844257,2.2270938128042883,4.086346031978191,1.7713783060627013,0.986539725953694,3.965471379568779,0.9281919160857797,default
cheap_phys,3,0.2,10.0,0.0,4.0,pingpong,1,serving_reciprocity+map+rate,3.0,3,6,2,False,0.002283950617283951,0.009433962264150943,0.0044552450384771165,0.0051234567901234564,0.1832098765432099,0.4572222222222222,0.4024074074074074,0.9130727762803235,0.0004814814814814815,6.17283950617284e-05,0.13494809688581316,0.01730103806228374,0.003567901234567901,0.4380952380952381,0.002271604938271605,0.005185185185185185,0.33118383676733004,0.0,0.04014814814814815,0.0026697530864197533,0.0013348765432098766,0.0,0.0,0.0026697530864197533,0.0,0.08281481481481481,1.917185185185185,1.32794006766105,600.0,400.0,5.0,5.406661549709966,6.7298243920753755,12.806652208402646,5.340468799925379,1.8022205165699887,2.2432747973584584,4.268884069467549,1.780156266641793,1.0001524018891992,4.150068236975036,0.7954881669720635,default
cheap_phys,4,0.2,10.0,0.0,4.0,pingpong,1,serving_reciprocity+map+rate,3.0,3,6,2,False,0.002345679012345679,0.008236615499812805,0.004390176979009466,0.004629629629629629,0.16487654320987655,0.44993827160493827,0.3026543209876543,0.8229127667540247,0.0004814814814814815,0.00011111111111111112,0.13310580204778158,0.030716723549488054,0.003617283950617284,0.44849785407725323,0.002580246913580247,0.005753086419753087,0.5122334421139001,0.0,0.065,0.0021141975308641976,0.0010570987654320988,0.0,0.0,0.0021141975308641976,0.0,0.06260493827160493,1.937395061728395,1.2174837633736726,600.0,400.0,5.0,5.396083349729672,6.69815555866086,12.059178058753435,5.254661472065715,1.7986944499098907,2.23271851955362,4.019726019584478,1.7515538240219048,0.9731164788038275,3.900159175111307,0.9582837499910966,default
cheap_phys,5,0.2,10.0,0.0,4.0,pingpong,1,serving_reciprocity+map+rate,3.0,3,6,2,False,0.0021604938271604936,0.007053051211284882,0.005306695801467145,0.0042592592592592595,0.2012962962962963,0.3954938271604938,0.4054938271604938,0.9156700398650721,0.00030864197530864197,0.00013580246913580247,0.09541984732824428,0.04198473282442748,0.0032345679012345677,0.39067055393586003,0.0016543209876543209,0.004234567901234568,0.26980811376292685,0.0,0.03454320987654321,0.004537037037037037,0.0022685185185185187,0.0,0.0,0.004537037037037037,0.0,0.08519753086419753,1.9148024691358025,1.3270511992590435,600.0,400.0,5.0,5.423335932850391,6.723089349387422,12.156760576332136,5.3473887133150795,1.8077786442834638,2.241029783129141,4.052253525444045,1.7824629044383598,1.000282397115589,3.9268554544946492,0.9480660000117496,default
cheap_phys,6,0.2,10.0,0.0,4.0,pingpong,1,serving_reciprocity+map+rate,3.0,3,6,2,False,0.002283950617283951,0.0069124423963133645,0.005121107266435986,0.0044444444444444444,0.2411111111111111,0.44598765432098764,0.40413580246913583,0.9170506912442397,0.000345679012345679,3.7037037037037037e-05,0.11336032388663968,0.012145748987854251,0.0030493827160493828,0.43291139240506327,0.002111111111111111,0.004876543209876543,0.28435641047304794,0.0,0.03501234567901235,0.002993827160493827,0.0014969135802469136,0.0,0.0,0.002993827160493827,0.0,0.08396296296296296,1.916037037037037,1.3124633040364573,600.0,400.0,5.0,5.4140534108651925,6.714858243582173,12.513146674460101,5.312442601466293,1.8046844702883975,2.2382860811940577,4.1710488914867,1.7708142004887644,1.0075622293139008,4.047526060352476,0.9672437920235097,default
cheap_phys,7,0.2,10.0,0.0,4.0,pingpong,1,serving_reciprocity+map+rate,3.0,3,6,2,False,0.0016049382716049382,0.005680025244556642,0.0040511062636335304,0.0034567901234567903,0.19561728395061728,0.3961728395061728,0.3882716049382716,0.9507731145471757,0.0003580246913580247,9.876543209876543e-05,0.1039426523297491,0.02867383512544803,0.0034444444444444444,0.39845758354755784,0.0019135802469135803,0.004802469135802469,0.2575695846870688,0.0,0.033777777777777775,0.002021604938271605,0.0010108024691358026,0.0,0.0,0.002006172839506173,1.54320987654321e-05,0.07959259259259259,1.9204074074074073,1.371645765013283,600.0,400.0,5.0,5.403742565189801,6.6848746272912685,12.615731826096777,5.169306173143329,1.8012475217299337,2.228291542430423,4.205243942032259,1.723102057714443,1.0055429184573565,4.083253610925885,0.9458642080426216,default
cheap_phys,8,0.2,10.0,0.0,4.0,pingpong,1,serving_reciprocity+map+rate,3.0,3,6,2,False,0.0021604938271604936,0.011824324324324325,0.004774246351111717,0.004074074074074074,0.14617283950617285,0.45253086419753086,0.3295679012345679,0.8999155405405406,0.0004320987654320988,1.2345679012345678e-05,0.14522821576763487,0.004149377593360996,0.0029753086419753087,0.3978201634877384,0.0018024691358024692,0.004530864197530864,0.33368234119764467,0.0,0.04359259259259259,0.004166666666666667,0.0020833333333333333,0.0,0.0,0.004166666666666667,0.0,0.06951851851851852,1.9304814814814815,1.3343588074734367,600.0,400.0,5.0,5.393690921572083,6.716062985529939,12.242460990456756,5.410083779039509,1.797896973857361,2.238687661843313,4.080820330152252,1.803361259679836,0.9904300107142289,3.9588057493214475,0.9684165000217035,default
cheap_phys,9,0.2,10.0,0.0,4.0,pingpong,1,serving_reciprocity+map+rate,3.0,3,6,2,False,0.002777777777777778,0.01088101088101088,0.005426069798988778,0.005493827160493827,0.17586419753086419,0.5005555555555555,0.3191358024691358,0.8346788346788346,0.0005185185185185185,0.00013580246913580247,0.16470588235294117,0.043137254901960784,0.003148148148148148,0.5023364485981309,0.002654320987654321,0.0052839506172839504,0.4121206619163937,0.0,0.053098765432098766,0.0035956790123456792,0.0017978395061728396,0.0,0.0,0.0035956790123456792,0.0,0.06696296296296296,1.933037037037037,1.4592959137469415,600.0,400.0,5.0,5.422415322598476,6.696291088574371,12.308225098843337,5.535019675246978,1.807471774199492,2.2320970295247906,4.1027416996144455,1.8450065584156592,1.014685727788178,3.9752864459782273,0.8941767920041457,default
cheap_phys,0,0.2,15.0,0.0,4.0,pingpong,1,serving_reciprocity+map+rate,3.0,3,6,2,False,0.002654320987654321,0.005314303067112056,0.003497925648743187,0.005,0.4065432098765432,0.7588271604938271,0.4866666666666667,0.9561190403887033,0.0005925925925925926,0.00013580246913580247,0.1889763779527559,0.04330708661417323,0.0031358024691358023,0.49754901960784315,0.002506172839506173,0.005037037037037037,0.46446793046181895,0.0,0.05882716049382716,0.0044907407407407405,0.0022453703703703702,0.0,0.0,0.0044907407407407405,0.0,0.10133333333333333,1.8986666666666667,1.2809764555307395,600.0,400.0,5.0,5.3975873028581836,6.7073246240154685,12.171151480112101,5.176871684720679,1.7991957676193946,2.2357748746718227,4.0570504933707,1.725623894906893,0.9913975786089191,3.9340551021672048,0.9297924590064213,default
cheap_phys,1,0.2,15.0,0.0,4.0,pingpong,1,serving_reciprocity+map+rate,3.0,3,6,2,False,0.0035185185185185185,0.006039325842696629,0.0051144010767160165,0.005679012345679012,0.43950617283950616,0.687962962962963,0.5371604938271605,0.951123595505618,0.0007160493827160494,0.00014814814814814815,0.1939799331103679,0.04013377926421405,0.003691358024691358,0.4367816091954023,0.002345679012345679,0.00537037037037037,0.361653323366114,0.0,0.04651851851851852,0.002854938271604938,0.001427469135802469,0.0,0.0,0.002854938271604938,0.0,0.11025925925925927,1.8897407407407407,1.289267962423021,600.0,400.0,5.0,5.4032146769539295,6.695175157541227,12.541231516982435,5.408964210906127,1.801071558984643,2.231725052513742,4.180410505660812,1.8029880703020424,0.9914552084452658,4.06113882617746,1.0169858330627903,default
cheap_phys,2,0.2,15.0,0.0,4.0,pingpong,1,serving_reciprocity+map+rate,3.0,3,6,2,False,0.0025308641975308644,0.005765035836709256,0.003962501208079636,0.004629629629629629,0.3961728395061728,0.6387037037037037,0.47759259259259257,0.9693050794640075,0.0004691358024691358,0.00013580246913580247,0.1484375,0.04296875,0.0031604938271604936,0.5092838196286472,0.0023703703703703703,0.004654320987654321,0.3280872491188571,0.0,0.042604938271604935,0.004104938271604938,0.002052469135802469,0.0,0.0,0.004104938271604938,0.0,0.09924691358024691,1.900753086419753,1.318110370291533,600.0,400.0,5.0,5.412043864753278,6.681281438412865,12.25903809593457,5.314134918188104,1.8040146215844257,2.2270938128042883,4.086346031978191,1.7713783060627013,0.986539725953694,3.965471379568779,0.7922553330427036,default
cheap_phys,3,0.2,15.0,0.0,4.0,pingpong,1,serving_reciprocity+map+rate,3.0,3,6,2,False,0.0030246913580246914,0.005713403335392217,0.004454140532678848,0.005802469135802469,0.3997530864197531,0.679074074074074,0.4901234567901235,0.9739036442248301,0.0005308641975308642,7.407407407407407e-05,0.14333333333333334,0.02,0.003703703703703704,0.41504854368932037,0.002111111111111111,0.00508641975308642,0.31518077762033087,0.0,0.03851851851851852,0.0026697530864197533,0.0013348765432098766,0.0,0.0,0.0026697530864197533,0.0,0.10037037037037037,1.8996296296296296,1.3298807068312384,600.0,400.0,5.0,5.406661549709966,6.7298243920753755,12.806652208402646,5.340468799925379,1.8022205165699887,2.2432747973584584,4.268884069467549,1.780156266641793,1.0001524018891992,4.150068236975036,0.8897974160499871,default
cheap_phys,4,0.2,15.0,0.0,4.0,pingpong,1,serving_reciprocity+map+rate,3.0,3,6,2,False,0.0025925925925925925,0.006102212051868803,0.004217714400482024,0.004876543209876543,0.3237037037037037,0.6146913580246913,0.38117283950617287,0.8901601830663616,0.0005308641975308642,0.0001234567901234568,0.1447811447811448,0.03367003367003367,0.0036666666666666666,0.4396551724137931,0.0025185185185185185,0.005728395061728395,0.5004826831724081,0.0,0.062135802469135804,0.0021141975308641976,0.0010570987654320988,0.0,0.0,0.0021141975308641976,0.0,0.07835802469135802,1.921641975308642,1.2195773210227205,600.0,400.0,5.0,5.396083349729672,6.69815555866086,12.059178058753435,5.254661472065715,1.7986944499098907,2.23271851955362,4.019726019584478,1.7515538240219048,0.9731164788038275,3.900159175111307,0.938674584031105,default
cheap_phys,5,0.2,15.0,0.0,4.0,pingpong,1,serving_reciprocity+map+rate,3.0,3,6,2,False,0.0022222222222222222,0.0042762115932847644,0.0036228237898762203,0.0042592592592592595,0.3897530864197531,0.6133950617283951,0.4498765432098765,0.9809946151409566,0.00030864197530864197,0.0001234567901234568,0.09541984732824428,0.03816793893129771,0.0032345679012345677,0.3857566765578635,0.0016049382716049382,0.004160493827160494,0.2696977252318527,0.0,0.03392592592592593,0.004537037037037037,0.0022685185185185187,0.0,0.0,0.004537037037037037,0.0,0.09406172839506173,1.9059382716049382,1.3280126530460588,600.0,400.0,5.0,5.423335932850391,6.723089349387422,12.156760576332136,5.3473887133150795,1.8077786442834638,2.241029783129141,4.052253525444045,1.7824629044383598,1.000282397115589,3.9268554544946492,0.8903505420312285,default
cheap_phys,6,0.2,15.0,0.0,4.0,pingpong,1,serving_reciprocity+map+rate,3.0,3,6,2,False,0.002962962962962963,0.005194419709112497,0.004939287919324964,0.005185185185185185,0.4159259259259259,0.5998765432098765,0.4812962962962963,0.9838230929059067,0.0004197530864197531,8.641975308641975e-05,0.13127413127413126,0.02702702702702703,0.003197530864197531,0.4090909090909091,0.001888888888888889,0.004617283950617284,0.2299609059321144,0.0,0.03014814814814815,0.002993827160493827,0.0014969135802469136,0.0,0.0,0.002993827160493827,0.0,0.09941975308641976,1.9005802469135802,1.3188003094686562,600.0,400.0,5.0,5.4140534108651925,6.714858243582173,12.513146674460101,5.312442601466293,1.8046844702883975,2.2382860811940577,4.1710488914867,1.7708142004887644,1.0075622293139008,4.047526060352476,0.9733162090415135,default
cheap_phys,7,0.2,15.0,0.0,4.0,pingpong,1,serving_reciprocity+map+rate,3.0,3,6,2,False,0.001851851851851852,0.0036502142517060784,0.003084832904884319,0.004012345679012346,0.38895061728395064,0.6003086419753086,0.4717901234567901,0.9906364069195366,0.0003950617283950617,0.00016049382716049382,0.1111111111111111,0.04513888888888889,0.0035555555555555557,0.37270341207349084,0.0017530864197530865,0.004703703703703704,0.23131378068261396,0.0,0.030506172839506174,0.002021604938271605,0.0010108024691358026,0.0,0.0,0.002006172839506173,1.54320987654321e-05,0.09632098765432098,1.903679012345679,1.3756094190089576,600.0,400.0,5.0,5.403742565189801,6.6848746272912685,12.615731826096777,5.169306173143329,1.8012475217299337,2.228291542430423,4.205243942032259,1.723102057714443,1.0055429184573565,4.083253610925885,1.0595824589254335,default
cheap_phys,8,0.2,15.0,0.0,4.0,pingpong,1,serving_reciprocity+map+rate,3.0,3,6,2,False,0.0024691358024691358,0.005669737774627924,0.003830316958728335,0.0044444444444444444,0.3483950617283951,0.6446296296296297,0.43777777777777777,0.969702338766832,0.00045679012345679014,2.4691358024691357e-05,0.14979757085020243,0.008097165991902834,0.0030493827160493828,0.3865546218487395,0.0017037037037037038,0.004407407407407408,0.2877249276507226,0.0,0.03741975308641975,0.004166666666666667,0.0020833333333333333,0.0,0.0,0.004166666666666667,0.0,0.09119753086419753,1.9088024691358025,1.3339791901721891,600.0,400.0,5.0,5.393690921572083,6.716062985529939,12.242460990456756,5.410083779039509,1.797896973857361,2.238687661843313,4.080820330152252,1.803361259679836,0.9904300107142289,3.9588057493214475,0.8527337079867721,default
cheap_phys,9,0.2,15.0,0.0,4.0,pingpong,1,serving_reciprocity+map+rate,3.0,3,6,2,False,0.003148148148148148,0.006301502666020358,0.004732300269091584,0.006296296296296296,0.38203703703703706,0.6652469135802469,0.46512345679012346,0.9555663273549847,0.0005802469135802469,0.00016049382716049382,0.17537313432835822,0.048507462686567165,0.0033086419753086418,0.4625,0.002283950617283951,0.0049382716049382715,0.3344288957236056,0.0,0.043382716049382715,0.0035956790123456792,0.0017978395061728396,0.0,0.0,0.0035956790123456792,0.0,0.09616049382716049,1.9038395061728395,1.4652553663872365,600.0,400.0,5.0,5.422415322598476,6.696291088574371,12.308225098843337,5.535019675246978,1.807471774199492,2.2320970295247906,4.1027416996144455,1.8450065584156592,1.014685727788178,3.9752864459782273,1.0405870000831783,default
cheap_phys,0,0.2,0.0,0.0,6.0,pingpong,1,serving_reciprocity+map+rate,3.0,3,6,2,False,0.00018518518518518518,0.0013477088948787063,0.0026064291920069507,0.0020987654320987655,0.04580246913580247,0.07104938271604938,0.0025308641975308644,0.0,0.00016049382716049382,1.2345679012345678e-05,0.06735751295336788,0.0051813471502590676,0.0023827160493827162,0.46839080459770116,0.0020123456790123455,0.004296296296296296,0.40614287304003416,0.0,0.04914814814814815,0.0066049382716049385,0.0033024691358024692,0.0,0.0,0.0066049382716049385,0.0,0.005925925925925926,1.994074074074074,1.286808565667233,600.0,400.0,5.0,5.3975873028581836,6.7073246240154685,17.948274443470986,5.176871684720679,1.7991957676193946,2.2357748746718227,5.982758147823661,1.725623894906893,0.9913975786089191,5.900044567329876,0.8992899999720976,default
cheap_phys,1,0.2,0.0,0.0,6.0,pingpong,1,serving_reciprocity+map+rate,3.0,3,6,2,False,0.00030864197530864197,0.0009615384615384616,0.0033090668431502318,0.0024074074074074076,0.06419753086419754,0.09327160493827161,0.0022222222222222222,0.0038461538461538464,0.00018518518518518518,6.17283950617284e-05,0.06302521008403361,0.02100840336134454,0.0029382716049382715,0.461038961038961,0.0026296296296296298,0.005703703703703704,0.5326789867402179,0.0,0.061592592592592595,0.004799382716049383,0.0023996913580246913,0.0,0.0,0.004799382716049383,0.0,0.004740740740740741,1.9952592592592593,1.2860267322670071,600.0,400.0,5.0,5.4032146769539295,6.695175157541227,18.505083162734675,5.408964210906127,1.801071558984643,2.231725052513742,6.168361054244891,1.8029880703020424,0.9914552084452658,6.088160203638855,0.9663930420065299,default
cheap_phys,2,0.2,0.0,0.0,6.0,pingpong,1,serving_reciprocity+map+rate,3.0,3,6,2,False,0.0004938271604938272,0.005625879043600563,0.006422018348623854,0.0024074074074074076,0.04388888888888889,0.06728395061728396,0.00037037037037037035,0.0014064697609001407,0.0001728395061728395,3.7037037037037037e-05,0.06666666666666667,0.014285714285714285,0.0025925925925925925,0.5527638190954773,0.0027160493827160493,0.004913580246913581,0.5064989360793403,0.0,0.0582962962962963,0.00779320987654321,0.003896604938271605,0.0,0.0,0.00779320987654321,0.0,0.0070987654320987656,1.9929012345679011,1.3102167038681156,600.0,400.0,5.0,5.412043864753278,6.681281438412865,18.07938173559875,5.314134918188104,1.8040146215844257,2.2270938128042883,6.026460578532918,1.7713783060627013,0.986539725953694,5.945163284025639,0.9241510829888284,default
cheap_phys,3,0.2,0.0,0.0,6.0,pingpong,1,serving_reciprocity+map+rate,3.0,3,6,2,False,6.17283950617284e-05,0.0,0.0008291873963515755,0.002839506172839506,0.041790123456790125,0.07444444444444444,0.0006172839506172839,0.0,0.00018518518518518518,3.7037037037037037e-05,0.06382978723404255,0.01276595744680851,0.0029012345679012346,0.46547884187082406,0.002580246913580247,0.00554320987654321,0.46729538898712913,0.0,0.0504320987654321,0.0038425925925925928,0.0019212962962962964,0.0,0.0,0.0038425925925925928,0.0,0.003197530864197531,1.9968024691358024,1.3232652332885788,600.0,400.0,5.0,5.406661549709966,6.7298243920753755,18.911030086404743,5.340468799925379,1.8022205165699887,2.2432747973584584,6.303676695468248,1.780156266641793,1.0001524018891992,6.223828006459108,1.1015140840318054,default
cheap_phys,4,0.2,0.0,0.0,6.0,pingpong,1,serving_reciprocity+map+rate,3.0,3,6,2,False,0.0006172839506172839,0.0009760858955588092,0.0027184466019417475,0.003271604938271605,0.12648148148148147,0.15895061728395063,0.00537037037037037,0.038555392874572963,0.0002345679012345679,6.17283950617284e-05,0.07251908396946564,0.019083969465648856,0.0032345679012345677,0.46830265848670755,0.0028271604938271606,0.006037037037037037,0.60421712233295,0.0,0.07024691358024691,0.003256172839506173,0.0016280864197530864,0.0,0.0,0.003256172839506173,0.0,0.0038148148148148147,1.9961851851851853,1.220536782340335,600.0,400.0,5.0,5.396083349729672,6.69815555866086,17.781647069646844,5.254661472065715,1.7986944499098907,2.23271851955362,5.927215689882281,1.7515538240219048,0.9731164788038275,5.846788020192552,0.8940280410461128,default
cheap_phys,5,0.2,0.0,0.0,6.0,pingpong,1,serving_reciprocity+map+rate,3.0,3,6,2,False,0.0004320987654320988,0.005504587155963303,0.005330490405117271,0.0025925925925925925,0.03364197530864198,0.057901234567901236,0.002345679012345679,0.011009174311926606,0.00014814814814814815,6.17283950617284e-05,0.05217391304347826,0.021739130434782608,0.002839506172839506,0.43243243243243246,0.0019753086419753087,0.004567901234567902,0.3903918189724605,0.0,0.04253086419753086,0.006635802469135803,0.0033179012345679014,0.0,0.0,0.006635802469135803,0.0,0.006037037037037037,1.993962962962963,1.3255811269827338,600.0,400.0,5.0,5.423335932850391,6.723089349387422,17.92060369767293,5.3473887133150795,1.8077786442834638,2.241029783129141,5.973534565890977,1.7824629044383598,1.000282397115589,5.889189276625008,0.9884942079661414,default
cheap_phys,6,0.2,0.0,0.0,6.0,pingpong,1,serving_reciprocity+map+rate,3.0,3,6,2,False,0.0004320987654320988,0.0031007751937984496,0.00618921308576481,0.0027160493827160493,0.03981481481481482,0.06981481481481482,0.0011728395061728395,0.004651162790697674,0.0001234567901234568,3.7037037037037037e-05,0.046511627906976744,0.013953488372093023,0.002654320987654321,0.4936708860759494,0.0024074074074074076,0.004876543209876543,0.3709459794750714,0.0,0.042493827160493824,0.005169753086419753,0.0025848765432098767,0.0,0.0,0.005169753086419753,0.0,0.005012345679012346,1.9949876543209877,1.3135893942892554,600.0,400.0,5.0,5.4140534108651925,6.714858243582173,18.471768212114295,5.312442601466293,1.8046844702883975,2.2382860811940577,6.157256070704765,1.7708142004887644,1.0075622293139008,6.07425885802463,0.9048740410944447,default
cheap_phys,7,0.2,0.0,0.0,6.0,pingpong,1,serving_reciprocity+map+rate,3.0,3,6,2,False,0.00018518518518518518,0.0,0.002849002849002849,0.002037037037037037,0.023703703703703703,0.043333333333333335,0.002345679012345679,0.0,0.0001234567901234568,6.17283950617284e-05,0.0411522633744856,0.0205761316872428,0.003,0.46731234866828086,0.0023827160493827162,0.0050987654320987655,0.31307416298284796,0.0,0.03730864197530864,0.0030246913580246914,0.0015123456790123457,0.0,0.0,0.0030092592592592593,1.54320987654321e-05,0.0029506172839506174,1.9970493827160494,1.3684920506143892,600.0,400.0,5.0,5.403742565189801,6.6848746272912685,18.63755061236489,5.169306173143329,1.8012475217299337,2.228291542430423,6.212516870788297,1.723102057714443,1.0055429184573565,6.130599424931422,1.0523206669604406,default
cheap_phys,8,0.2,0.0,0.0,6.0,pingpong,1,serving_reciprocity+map+rate,3.0,3,6,2,False,0.0004938271604938272,0.005673758865248227,0.004528985507246377,0.0024691358024691358,0.04351851851851852,0.06814814814814815,0.003703703703703704,0.018439716312056736,0.00027160493827160494,4.938271604938271e-05,0.10185185185185185,0.018518518518518517,0.0026666666666666666,0.4582278481012658,0.002234567901234568,0.004876543209876543,0.34897400535344797,0.0,0.040839506172839504,0.006095679012345679,0.0030478395061728394,0.0,0.0,0.006095679012345679,0.0,0.005950617283950617,1.9940493827160495,1.3326413047969012,600.0,400.0,5.0,5.393690921572083,6.716062985529939,18.062246950046628,5.410083779039509,1.797896973857361,2.238687661843313,6.020748983348876,1.803361259679836,0.9904300107142289,5.93872601778977,0.8566005000611767,default
cheap_phys,9,0.2,0.0,0.0,6.0,pingpong,1,serving_reciprocity+map+rate,3.0,3,6,2,False,0.0006790123456790123,0.004509582863585118,0.004507888805409466,0.0029012345679012346,0.054753086419753086,0.0821604938271605,0.003765432098765432,0.03494926719278467,0.00022222222222222223,6.17283950617284e-05,0.0861244019138756,0.023923444976076555,0.002580246913580247,0.47043010752688175,0.0021604938271604936,0.0045925925925925926,0.419800739733349,0.0,0.04749382716049383,0.005941358024691358,0.002970679012345679,0.0,0.0,0.005941358024691358,0.0,0.005691358024691358,1.9943086419753087,1.4664388078810302,600.0,400.0,5.0,5.422415322598476,6.696291088574371,18.15485461267199,5.535019675246978,1.807471774199492,2.2320970295247906,6.051618204223996,1.8450065584156592,1.014685727788178,5.965944666481431,0.8646195000037551,default
cheap_phys,0,0.2,6.0,0.0,6.0,pingpong,1,serving_reciprocity+map+rate,3.0,3,6,2,False,0.002345679012345679,0.008221993833504625,0.0031772344246442877,0.004567901234567902,0.12012345679012346,0.44685185185185183,0.07728395061728395,0.12076053442959918,0.0005679012345679012,2.4691358024691357e-05,0.19742489270386265,0.008583690987124463,0.0028765432098765433,0.5612009237875288,0.003,0.005345679012345679,0.6572682269370543,0.0,0.07796296296296296,0.0066049382716049385,0.0033024691358024692,0.0,0.0,0.0066049382716049385,0.0,0.021012345679012345,1.9789876543209877,1.256639522746028,600.0,400.0,5.0,5.3975873028581836,6.7073246240154685,17.948274443470986,5.176871684720679,1.7991957676193946,2.2357748746718227,5.982758147823661,1.725623894906893,0.9913975786089191,5.900044567329876,0.9429141669534147,default
cheap_phys,1,0.2,6.0,0.0,6.0,pingpong,1,serving_reciprocity+map+rate,3.0,3,6,2,False,0.0024074074074074076,0.011194029850746268,0.004836369498629695,0.004567901234567902,0.13234567901234567,0.38290123456790126,0.08092592592592593,0.13526119402985073,0.0005925925925925926,6.17283950617284e-05,0.17582417582417584,0.018315018315018316,0.0033703703703703704,0.5487571701720841,0.00354320987654321,0.00645679012345679,0.6828568142803512,0.0,0.07883950617283951,0.004799382716049383,0.0023996913580246913,0.0,0.0,0.004799382716049383,0.0,0.020617283950617283,1.9793827160493827,1.2610244168107705,600.0,400.0,5.0,5.4032146769539295,6.695175157541227,18.505083162734675,5.408964210906127,1.801071558984643,2.231725052513742,6.168361054244891,1.8029880703020424,0.9914552084452658,6.088160203638855,1.0309410829795524,default
cheap_phys,2,0.2,6.0,0.0,6.0,pingpong,1,serving_reciprocity+map+rate,3.0,3,6,2,False,0.0024074074074074076,0.01101206082852648,0.00425531914893617,0.0044444444444444444,0.11771604938271604,0.3771604938271605,0.07987654320987654,0.18668065023597274,0.0005432098765432099,8.641975308641975e-05,0.18032786885245902,0.028688524590163935,0.0030123456790123455,0.5943600867678959,0.0033827160493827163,0.005691358024691358,0.6648890081530986,0.0,0.07706172839506173,0.00779320987654321,0.003896604938271605,0.0,0.0,0.00779320987654321,0.0,0.023074074074074073,1.976925925925926,1.2828283508508318,600.0,400.0,5.0,5.412043864753278,6.681281438412865,18.07938173559875,5.314134918188104,1.8040146215844257,2.2270938128042883,6.026460578532918,1.7713783060627013,0.986539725953694,5.945163284025639,0.9608367080800235,default
cheap_phys,3,0.2,6.0,0.0,6.0,pingpong,1,serving_reciprocity+map+rate,3.0,3,6,2,False,0.0024691358024691358,0.013480392156862746,0.005680622764569746,0.00537037037037037,0.10074074074074074,0.2933950617283951,0.09240740740740741,0.1409313725490196,0.0005308641975308642,8.641975308641975e-05,0.15579710144927536,0.025362318840579712,0.0034074074074074076,0.53125,0.003148148148148148,0.005925925925925926,0.5707216338266647,0.0,0.06017283950617284,0.0038425925925925928,0.0019212962962962964,0.0,0.0,0.0038425925925925928,0.0,0.021691358024691357,1.9783086419753086,1.30791817851938,600.0,400.0,5.0,5.406661549709966,6.7298243920753755,18.911030086404743,5.340468799925379,1.8022205165699887,2.2432747973584584,6.303676695468248,1.780156266641793,1.0001524018891992,6.223828006459108,0.8520525000058115,default
cheap_phys,4,0.2,6.0,0.0,6.0,pingpong,1,serving_reciprocity+map+rate,3.0,3,6,2,False,0.0022222222222222222,0.007518796992481203,0.0035644847699287103,0.004382716049382716,0.15598765432098766,0.38098765432098763,0.0671604938271605,0.12188365650969529,0.0005185185185185185,4.938271604938271e-05,0.15,0.014285714285714285,0.0034567901234567903,0.5211267605633803,0.003197530864197531,0.006135802469135802,0.7693906800809756,0.0,0.08419753086419753,0.003256172839506173,0.0016280864197530864,0.0,0.0,0.003256172839506173,0.0,0.01617283950617284,1.9838271604938271,1.1950617836040778,600.0,400.0,5.0,5.396083349729672,6.69815555866086,17.781647069646844,5.254661472065715,1.7986944499098907,2.23271851955362,5.927215689882281,1.7515538240219048,0.9731164788038275,5.846788020192552,0.8838594999397174,default
cheap_phys,5,0.2,6.0,0.0,6.0,pingpong,1,serving_reciprocity+map+rate,3.0,3,6,2,False,0.0022222222222222222,0.012811867835468645,0.005168539325842696,0.004629629629629629,0.09154320987654321,0.27469135802469136,0.07993827160493827,0.13283884018880648,0.00045679012345679014,8.641975308641975e-05,0.14068441064638784,0.026615969581749048,0.0032469135802469136,0.5036319612590799,0.002567901234567901,0.0050987654320987655,0.5049883612621611,0.0,0.0555679012345679,0.006635802469135803,0.0033179012345679014,0.0,0.0,0.006635802469135803,0.0,0.02167901234567901,1.978320987654321,1.312294180825541,600.0,400.0,5.0,5.423335932850391,6.723089349387422,17.92060369767293,5.3473887133150795,1.8077786442834638,2.241029783129141,5.973534565890977,1.7824629044383598,1.000282397115589,5.889189276625008,0.7787559580756351,default
cheap_phys,6,0.2,6.0,0.0,6.0,pingpong,1,serving_reciprocity+map+rate,3.0,3,6,2,False,0.002345679012345679,0.010327022375215147,0.005701926858041683,0.004876543209876543,0.1434567901234568,0.31395061728395063,0.10672839506172839,0.22590361445783133,0.0005061728395061728,4.938271604938271e-05,0.164,0.016,0.0030864197530864196,0.5523385300668151,0.0030617283950617282,0.00554320987654321,0.4827742696879416,0.0,0.052222222222222225,0.005169753086419753,0.0025848765432098767,0.0,0.0,0.005169753086419753,0.0,0.02628395061728395,1.973716049382716,1.294351528622703,600.0,400.0,5.0,5.4140534108651925,6.714858243582173,18.471768212114295,5.312442601466293,1.8046844702883975,2.2382860811940577,6.157256070704765,1.7708142004887644,1.0075622293139008,6.07425885802463,0.9218819580273703,default
cheap_phys,7,0.2,6.0,0.0,6.0,pingpong,1,serving_reciprocity+map+rate,3.0,3,6,2,False,0.0016666666666666668,0.0076282940360610264,0.004067796610169492,0.0035185185185185185,0.08901234567901234,0.27314814814814814,0.08882716049382716,0.20943134535367544,0.00038271604938271603,7.407407407407407e-05,0.11610486891385768,0.02247191011235955,0.0032962962962962963,0.5,0.0027407407407407406,0.005481481481481481,0.3870710265597989,0.0,0.046530864197530865,0.0030246913580246914,0.0015123456790123457,0.0,0.0,0.0030092592592592593,1.54320987654321e-05,0.02040740740740741,1.9795925925925926,1.3570522595350178,600.0,400.0,5.0,5.403742565189801,6.6848746272912685,18.63755061236489,5.169306173143329,1.8012475217299337,2.228291542430423,6.212516870788297,1.723102057714443,1.0055429184573565,6.130599424931422,1.0537248329492286,default
cheap_phys,8,0.2,6.0,0.0,6.0,pingpong,1,serving_reciprocity+map+rate,3.0,3,6,2,False,0.0022222222222222222,0.01242603550295858,0.004170444242973708,0.004135802469135802,0.10432098765432099,0.3404320987654321,0.08666666666666667,0.18461538461538463,0.0005555555555555556,7.407407407407407e-05,0.18518518518518517,0.024691358024691357,0.003,0.5113636363636364,0.002777777777777778,0.005432098765432099,0.5157193870403309,0.0,0.060049382716049385,0.006095679012345679,0.0030478395061728394,0.0,0.0,0.006095679012345679,0.0,0.022617283950617285,1.9773827160493826,1.3242514601294524,600.0,400.0,5.0,5.393690921572083,6.716062985529939,18.062246950046628,5.410083779039509,1.797896973857361,2.238687661843313,6.020748983348876,1.803361259679836,0.9904300107142289,5.93872601778977,0.9243258750066161,default
cheap_phys,9,0.2,6.0,0.0,6.0,pingpong,1,serving_reciprocity+map+rate,3.0,3,6,2,False,0.003148148148148148,0.012575177692728267,0.004626060138781804,0.005555555555555556,0.11290123456790123,0.40030864197530863,0.07753086419753086,0.15910333515582287,0.0006296296296296296,8.641975308641975e-05,0.20238095238095238,0.027777777777777776,0.003111111111111111,0.5509761388286334,0.0031358024691358023,0.005691358024691358,0.5868843598574048,0.0,0.06995061728395062,0.005941358024691358,0.002970679012345679,0.0,0.0,0.005941358024691358,0.0,0.020493827160493826,1.9795061728395063,1.454225262010261,600.0,400.0,5.0,5.422415322598476,6.696291088574371,18.15485461267199,5.535019675246978,1.807471774199492,2.2320970295247906,6.051618204223996,1.8450065584156592,1.014685727788178,5.965944666481431,0.9589393750065938,default
cheap_phys,0,0.2,10.0,0.0,6.0,pingpong,1,serving_reciprocity+map+rate,3.0,3,6,2,False,0.0025925925925925925,0.01048951048951049,0.003524816614270744,0.004629629629629629,0.1765432098765432,0.647962962962963,0.23290123456790124,0.6555944055944056,0.0005555555555555556,3.7037037037037037e-05,0.19230769230769232,0.01282051282051282,0.0028888888888888888,0.5704697986577181,0.003148148148148148,0.005518518518518518,0.779314567705842,0.0,0.09079012345679012,0.0066049382716049385,0.0033024691358024692,0.0,0.0,0.0066049382716049385,0.0,0.05225925925925926,1.9477407407407408,1.2434603264470967,600.0,400.0,5.0,5.3975873028581836,6.7073246240154685,17.948274443470986,5.176871684720679,1.7991957676193946,2.2357748746718227,5.982758147823661,1.725623894906893,0.9913975786089191,5.900044567329876,0.6801526671042666,default
cheap_phys,1,0.2,10.0,0.0,6.0,pingpong,1,serving_reciprocity+map+rate,3.0,3,6,2,False,0.0024691358024691358,0.007449856733524355,0.004076086956521739,0.0044444444444444444,0.2154320987654321,0.5451851851851852,0.3138888888888889,0.7504297994269341,0.0005925925925925926,7.407407407407407e-05,0.17712177121771217,0.02214022140221402,0.003345679012345679,0.5399610136452242,0.003419753086419753,0.006333333333333333,0.6981756926026982,0.0,0.07946913580246913,0.004799382716049383,0.0023996913580246913,0.0,0.0,0.004799382716049383,0.0,0.06728395061728396,1.932716049382716,1.2609589026547425,600.0,400.0,5.0,5.4032146769539295,6.695175157541227,18.505083162734675,5.408964210906127,1.801071558984643,2.231725052513742,6.168361054244891,1.8029880703020424,0.9914552084452658,6.088160203638855,0.9179444999899715,default
cheap_phys,2,0.2,10.0,0.0,6.0,pingpong,1,serving_reciprocity+map+rate,3.0,3,6,2,False,0.002839506172839506,0.008730901153726224,0.00435447805107685,0.004876543209876543,0.19796296296296295,0.5245061728395062,0.29987654320987656,0.8157156220767072,0.0006049382716049383,8.641975308641975e-05,0.1952191235059761,0.027888446215139442,0.0030987654320987655,0.6050955414012739,0.0035185185185185185,0.005814814814814815,0.7036782773347926,0.0,0.07981481481481481,0.00779320987654321,0.003896604938271605,0.0,0.0,0.00779320987654321,0.0,0.0671604938271605,1.9328395061728396,1.276753297850541,600.0,400.0,5.0,5.412043864753278,6.681281438412865,18.07938173559875,5.314134918188104,1.8040146215844257,2.2270938128042883,6.026460578532918,1.7713783060627013,0.986539725953694,5.945163284025639,0.9195892499992624,default
cheap_phys,3,0.2,10.0,0.0,6.0,pingpong,1,serving_reciprocity+map+rate,3.0,3,6,2,False,0.002962962962962963,0.011434511434511435,0.004832761032684726,0.005987654320987654,0.17814814814814814,0.4853703703703704,0.3326543209876543,0.7671517671517671,0.0005802469135802469,6.17283950617284e-05,0.16433566433566432,0.017482517482517484,0.0035308641975308644,0.5568862275449101,0.0034444444444444444,0.006185185185185185,0.6681813951854825,0.0,0.06928395061728396,0.0038425925925925928,0.0019212962962962964,0.0,0.0,0.0038425925925925928,0.0,0.06980246913580247,1.9301975308641974,1.294378614840353,600.0,400.0,5.0,5.406661549709966,6.7298243920753755,18.911030086404743,5.340468799925379,1.8022205165699887,2.2432747973584584,6.303676695468248,1.780156266641793,1.0001524018891992,6.223828006459108,0.9273522500880063,default
cheap_phys,4,0.2,10.0,0.0,6.0,pingpong,1,serving_reciprocity+map+rate,3.0,3,6,2,False,0.0025925925925925925,0.00967741935483871,0.004271356783919598,0.004691358024691358,0.15308641975308643,0.49135802469135803,0.2204320987654321,0.5721774193548387,0.0005679012345679012,8.641975308641975e-05,0.16140350877192983,0.02456140350877193,0.0035185185185185185,0.5354330708661418,0.003358024691358025,0.006271604938271605,0.8331142686097308,0.0,0.09092592592592592,0.003256172839506173,0.0016280864197530864,0.0,0.0,0.003256172839506173,0.0,0.04696296296296296,1.9530370370370371,1.1894408731603965,600.0,400.0,5.0,5.396083349729672,6.69815555866086,17.781647069646844,5.254661472065715,1.7986944499098907,2.23271851955362,5.927215689882281,1.7515538240219048,0.9731164788038275,5.846788020192552,0.9221467500319704,default
cheap_phys,5,0.2,10.0,0.0,6.0,pingpong,1,serving_reciprocity+map+rate,3.0,3,6,2,False,0.0025925925925925925,0.012025554302893648,0.00499001996007984,0.004567901234567902,0.16425925925925927,0.43296296296296294,0.30666666666666664,0.8090943254415633,0.00044444444444444447,8.641975308641975e-05,0.13740458015267176,0.026717557251908396,0.0032345679012345677,0.49627791563275436,0.0024691358024691358,0.004975308641975308,0.5499252325053802,0.0,0.05930864197530864,0.006635802469135803,0.0033179012345679014,0.0,0.0,0.006635802469135803,0.0,0.06717283950617284,1.9328271604938272,1.303527354346982,600.0,400.0,5.0,5.423335932850391,6.723089349387422,17.92060369767293,5.3473887133150795,1.8077786442834638,2.241029783129141,5.973534565890977,1.7824629044383598,1.000282397115589,5.889189276625008,0.934734542039223,default
cheap_phys,6,0.2,10.0,0.0,6.0,pingpong,1,serving_reciprocity+map+rate,3.0,3,6,2,False,0.002839506172839506,0.007722969606377678,0.005589496945274925,0.005308641975308642,0.2477777777777778,0.47487654320987654,0.3417901234567901,0.7927254608868959,0.0005555555555555556,3.7037037037037037e-05,0.17509727626459143,0.011673151750972763,0.0031728395061728395,0.5634408602150538,0.0032345679012345677,0.005740740740740741,0.5649925330439991,0.0,0.05885185185185185,0.005169753086419753,0.0025848765432098767,0.0,0.0,0.005169753086419753,0.0,0.07346913580246914,1.926530864197531,1.2875173975590466,600.0,400.0,5.0,5.4140534108651925,6.714858243582173,18.471768212114295,5.312442601466293,1.8046844702883975,2.2382860811940577,6.157256070704765,1.7708142004887644,1.0075622293139008,6.07425885802463,0.9272470410214737,default
cheap_phys,7,0.2,10.0,0.0,6.0,pingpong,1,serving_reciprocity+map+rate,3.0,3,6,2,False,0.0024074074074074076,0.008895478131949592,0.004738655944859276,0.004074074074074074,0.1665432098765432,0.42987654320987656,0.3141358024691358,0.9040029651593773,0.00045679012345679014,6.17283950617284e-05,0.13405797101449277,0.018115942028985508,0.0034074074074074076,0.5133333333333333,0.002851851851851852,0.005555555555555556,0.46144156395423785,0.0,0.053209876543209876,0.0030246913580246914,0.0015123456790123457,0.0,0.0,0.0030092592592592593,1.54320987654321e-05,0.06558024691358025,1.9344197530864198,1.3465569648358948,600.0,400.0,5.0,5.403742565189801,6.6848746272912685,18.63755061236489,5.169306173143329,1.8012475217299337,2.228291542430423,6.212516870788297,1.723102057714443,1.0055429184573565,6.130599424931422,0.8927255419548601,default
cheap_phys,8,0.2,10.0,0.0,6.0,pingpong,1,serving_reciprocity+map+rate,3.0,3,6,2,False,0.0027160493827160493,0.012113055181695828,0.00476130810675354,0.004629629629629629,0.1375925925925926,0.4926543209876543,0.25265432098765433,0.7137729923732615,0.0006296296296296296,8.641975308641975e-05,0.20318725099601595,0.027888446215139442,0.0030987654320987655,0.5222222222222223,0.0029012345679012346,0.005555555555555556,0.6053313263948676,0.0,0.06934567901234567,0.006095679012345679,0.0030478395061728394,0.0,0.0,0.006095679012345679,0.0,0.05588888888888889,1.9441111111111111,1.3145886066718417,600.0,400.0,5.0,5.393690921572083,6.716062985529939,18.062246950046628,5.410083779039509,1.797896973857361,2.238687661843313,6.020748983348876,1.803361259679836,0.9904300107142289,5.93872601778977,0.9193110830383375,default
cheap_phys,9,0.2,10.0,0.0,6.0,pingpong,1,serving_reciprocity+map+rate,3.0,3,6,2,False,0.0033333333333333335,0.014218009478672985,0.005278861602019738,0.005802469135802469,0.1562962962962963,0.5379012345679013,0.23314814814814816,0.65086887835703,0.000654320987654321,8.641975308641975e-05,0.20703125,0.02734375,0.0031604938271604936,0.5784114052953157,0.003506172839506173,0.006061728395061729,0.7028294843554599,0.0,0.07990123456790124,0.005941358024691358,0.002970679012345679,0.0,0.0,0.005941358024691358,0.0,0.05165432098765432,1.9483456790123457,1.4450478078297482,600.0,400.0,5.0,5.422415322598476,6.696291088574371,18.15485461267199,5.535019675246978,1.807471774199492,2.2320970295247906,6.051618204223996,1.8450065584156592,1.014685727788178,5.965944666481431,0.882466624956578,default
cheap_phys,0,0.2,15.0,0.0,6.0,pingpong,1,serving_reciprocity+map+rate,3.0,3,6,2,False,0.002777777777777778,0.0072507552870090634,0.0035587188612099642,0.004691358024691358,0.30648148148148147,0.7805555555555556,0.2954938271604938,0.8479355488418933,0.0005679012345679012,2.4691358024691357e-05,0.19574468085106383,0.00851063829787234,0.0029012345679012346,0.5691609977324263,0.0030987654320987655,0.0054444444444444445,0.7850770262286175,0.0,0.08891358024691358,0.0066049382716049385,0.0033024691358024692,0.0,0.0,0.0066049382716049385,0.0,0.06475308641975308,1.9352469135802468,1.24372327077312,600.0,400.0,5.0,5.3975873028581836,6.7073246240154685,17.948274443470986,5.176871684720679,1.7991957676193946,2.2357748746718227,5.982758147823661,1.725623894906893,0.9913975786089191,5.900044567329876,0.848259084043093,default
cheap_phys,1,0.2,15.0,0.0,6.0,pingpong,1,serving_reciprocity+map+rate,3.0,3,6,2,False,0.0027160493827160493,0.0054366292898402994,0.0038411174159755563,0.004506172839506173,0.36333333333333334,0.7070987654320988,0.3493827160493827,0.871219843696908,0.0006296296296296296,8.641975308641975e-05,0.1875,0.025735294117647058,0.003358024691358025,0.5372549019607843,0.0033827160493827163,0.006296296296296296,0.7540591758878012,0.0,0.0851358024691358,0.004799382716049383,0.0023996913580246913,0.0,0.0,0.004799382716049383,0.0,0.07435802469135802,1.925641975308642,1.2531943557610759,600.0,400.0,5.0,5.4032146769539295,6.695175157541227,18.505083162734675,5.408964210906127,1.801071558984643,2.231725052513742,6.168361054244891,1.8029880703020424,0.9914552084452658,6.088160203638855,0.8708603329723701,default
cheap_phys,2,0.2,15.0,0.0,6.0,pingpong,1,serving_reciprocity+map+rate,3.0,3,6,2,False,0.0027160493827160493,0.00712223291626564,0.004148595134829342,0.004691358024691358,0.320679012345679,0.6546913580246914,0.32179012345679014,0.9049085659287777,0.0005679012345679012,9.876543209876543e-05,0.18548387096774194,0.03225806451612903,0.0030617283950617282,0.605543710021322,0.003506172839506173,0.005790123456790123,0.728433958153812,0.0,0.08188888888888889,0.00779320987654321,0.003896604938271605,0.0,0.0,0.00779320987654321,0.0,0.07151851851851852,1.9284814814814815,1.2736632950349716,600.0,400.0,5.0,5.412043864753278,6.681281438412865,18.07938173559875,5.314134918188104,1.8040146215844257,2.2270938128042883,6.026460578532918,1.7713783060627013,0.986539725953694,5.945163284025639,0.9101376660401002,default
cheap_phys,3,0.2,15.0,0.0,6.0,pingpong,1,serving_reciprocity+map+rate,3.0,3,6,2,False,0.003148148148148148,0.007471557140431313,0.004500926661371459,0.005802469135802469,0.3635185185185185,0.6994444444444444,0.37450617283950616,0.9147563253523519,0.0005925925925925926,8.641975308641975e-05,0.1696113074204947,0.024734982332155476,0.003493827160493827,0.5463917525773195,0.003271604938271605,0.005987654320987654,0.7002991807196236,0.0,0.07034567901234567,0.0038425925925925928,0.0019212962962962964,0.0,0.0,0.0038425925925925928,0.0,0.07814814814814815,1.921851851851852,1.2988159052297121,600.0,400.0,5.0,5.406661549709966,6.7298243920753755,18.911030086404743,5.340468799925379,1.8022205165699887,2.2432747973584584,6.303676695468248,1.780156266641793,1.0001524018891992,6.223828006459108,0.8976559579605237,default
cheap_phys,4,0.2,15.0,0.0,6.0,pingpong,1,serving_reciprocity+map+rate,3.0,3,6,2,False,0.002654320987654321,0.007112068965517242,0.004077761972498814,0.004691358024691358,0.28641975308641976,0.6509259259259259,0.263641975308642,0.8140086206896552,0.0005432098765432099,6.17283950617284e-05,0.1543859649122807,0.017543859649122806,0.0035185185185185185,0.5315487571701721,0.003432098765432099,0.00645679012345679,0.9166890380920684,0.0,0.09793827160493827,0.003256172839506173,0.0016280864197530864,0.0,0.0,0.003256172839506173,0.0,0.055580246913580246,1.9444197530864198,1.1708345112798757,600.0,400.0,5.0,5.396083349729672,6.69815555866086,17.781647069646844,5.254661472065715,1.7986944499098907,2.23271851955362,5.927215689882281,1.7515538240219048,0.9731164788038275,5.846788020192552,0.9155311669455841,default
cheap_phys,5,0.2,15.0,0.0,6.0,pingpong,1,serving_reciprocity+map+rate,3.0,3,6,2,False,0.002839506172839506,0.006237747282124399,0.00451068837026868,0.004753086419753087,0.346358024691358,0.6295061728395062,0.35561728395061726,0.924255925859918,0.0005061728395061728,9.876543209876543e-05,0.15471698113207547,0.03018867924528302,0.003271604938271605,0.48894348894348894,0.0024567901234567903,0.005024691358024691,0.5966697449845084,0.0,0.06320987654320988,0.006635802469135803,0.0033179012345679014,0.0,0.0,0.006635802469135803,0.0,0.07697530864197531,1.9230246913580247,1.2984090416377325,600.0,400.0,5.0,5.423335932850391,6.723089349387422,17.92060369767293,5.3473887133150795,1.8077786442834638,2.241029783129141,5.973534565890977,1.7824629044383598,1.000282397115589,5.889189276625008,0.8961322919931263,default
cheap_phys,6,0.2,15.0,0.0,6.0,pingpong,1,serving_reciprocity+map+rate,3.0,3,6,2,False,0.0032098765432098763,0.007397665625513727,0.005197920831667333,0.005740740740740741,0.37549382716049384,0.6175308641975309,0.37549382716049384,0.8872266973532796,0.0005555555555555556,8.641975308641975e-05,0.17045454545454544,0.026515151515151516,0.003259259259259259,0.5545851528384279,0.0031358024691358023,0.005654320987654321,0.5639569763914091,0.0,0.058012345679012346,0.005169753086419753,0.0025848765432098767,0.0,0.0,0.005169753086419753,0.0,0.08019753086419754,1.9198024691358024,1.286797849932726,600.0,400.0,5.0,5.4140534108651925,6.714858243582173,18.471768212114295,5.312442601466293,1.8046844702883975,2.2382860811940577,6.157256070704765,1.7708142004887644,1.0075622293139008,6.07425885802463,1.025695416959934,default
cheap_phys,7,0.2,15.0,0.0,6.0,pingpong,1,serving_reciprocity+map+rate,3.0,3,6,2,False,0.0024074074074074076,0.005560704355885079,0.0038891104906262465,0.0042592592592592595,0.3330246913580247,0.6190123456790123,0.3478395061728395,0.9551436515291937,0.0004814814814814815,7.407407407407407e-05,0.13978494623655913,0.021505376344086023,0.0034444444444444444,0.5179372197309418,0.002851851851851852,0.005506172839506173,0.48248249522442166,0.0,0.05291358024691358,0.0030246913580246914,0.0015123456790123457,0.0,0.0,0.0030092592592592593,1.54320987654321e-05,0.07233333333333333,1.9276666666666666,1.3442309231366496,600.0,400.0,5.0,5.403742565189801,6.6848746272912685,18.63755061236489,5.169306173143329,1.8012475217299337,2.228291542430423,6.212516870788297,1.723102057714443,1.0055429184573565,6.130599424931422,1.0154587080469355,default
cheap_phys,8,0.2,15.0,0.0,6.0,pingpong,1,serving_reciprocity+map+rate,3.0,3,6,2,False,0.002654320987654321,0.007706727765048948,0.003982587755858109,0.004753086419753087,0.296358024691358,0.6664814814814815,0.29012345679012347,0.8791918350343678,0.000654320987654321,7.407407407407407e-05,0.20948616600790515,0.023715415019762844,0.003123456790123457,0.5202702702702703,0.002851851851851852,0.005481481481481481,0.6426068867256282,0.0,0.06988888888888889,0.006095679012345679,0.0030478395061728394,0.0,0.0,0.006095679012345679,0.0,0.06340740740740741,1.9365925925925926,1.3074558897973445,600.0,400.0,5.0,5.393690921572083,6.716062985529939,18.062246950046628,5.410083779039509,1.797896973857361,2.238687661843313,6.020748983348876,1.803361259679836,0.9904300107142289,5.93872601778977,0.9845694169634953,default
cheap_phys,9,0.2,15.0,0.0,6.0,pingpong,1,serving_reciprocity+map+rate,3.0,3,6,2,False,0.0038888888888888888,0.009788254095085897,0.005645667174478,0.006481481481481481,0.30901234567901237,0.6888271604938272,0.2916666666666667,0.848381941669996,0.0007407407407407407,7.407407407407407e-05,0.2247191011235955,0.02247191011235955,0.0032962962962962963,0.5644820295983086,0.0032962962962962963,0.005839506172839506,0.7683422696218489,0.0,0.08355555555555555,0.005941358024691358,0.002970679012345679,0.0,0.0,0.005941358024691358,0.0,0.06334567901234568,1.9366543209876543,1.432723240557953,600.0,400.0,5.0,5.422415322598476,6.696291088574371,18.15485461267199,5.535019675246978,1.807471774199492,2.2320970295247906,6.051618204223996,1.8450065584156592,1.014685727788178,5.965944666481431,0.8711365000344813,default
cheap_phys,0,0.2,0.0,0.0,2.0,trap,1,serving_reciprocity+map+rate,3.0,3,6,2,False,0.0001234567901234568,0.0,0.00398406374501992,0.0021604938271604936,0.013148148148148148,0.030987654320987653,0.0002469135802469136,0.0,3.7037037037037037e-05,3.7037037037037037e-05,0.012552301255230125,0.012552301255230125,0.0029506172839506174,0.2608695652173913,0.001037037037037037,0.003975308641975308,0.1204395614208065,0.0,0.018950617283950616,0.0015123456790123457,0.0007561728395061729,0.0,0.0,0.0015123456790123457,0.0,0.0012962962962962963,1.9987037037037036,1.3178518074809427,600.0,400.0,5.0,5.3975873028581836,6.7073246240154685,6.611276397879626,5.176871684720679,1.7991957676193946,2.2357748746718227,2.2037587992932086,1.725623894906893,0.9913975786089191,1.968167596164162,0.7033398749772459,default
cheap_phys,1,0.2,0.0,0.0,2.0,trap,1,serving_reciprocity+map+rate,3.0,3,6,2,False,0.00037037037037037035,0.004761904761904762,0.008605851979345954,0.0016666666666666668,0.012962962962962963,0.0358641975308642,0.00030864197530864197,0.0,0.00011111111111111112,8.641975308641975e-05,0.03333333333333333,0.025925925925925925,0.0033333333333333335,0.20754716981132076,0.0009506172839506173,0.004580246913580247,0.11951178513834756,0.0,0.018629629629629628,0.0006944444444444445,0.00034722222222222224,0.0,0.0,0.0006944444444444445,0.0,0.0007160493827160494,1.999283950617284,1.3203582792643007,600.0,400.0,5.0,5.4032146769539295,6.695175157541227,6.793666293915166,5.408964210906127,1.801071558984643,2.231725052513742,2.2645554313050553,1.8029880703020424,0.9914552084452658,2.0359832688654342,0.6757995000807568,default
cheap_phys,2,0.2,0.0,0.0,2.0,trap,1,serving_reciprocity+map+rate,3.0,3,6,2,False,0.0002469135802469136,0.005494505494505495,0.006342494714587738,0.0017901234567901235,0.011234567901234569,0.029197530864197532,0.0,0.0,8.641975308641975e-05,0.00011111111111111112,0.029045643153526972,0.03734439834024896,0.0029753086419753087,0.3244047619047619,0.001345679012345679,0.004148148148148148,0.12882975547361905,0.0,0.021419753086419753,0.0011574074074074073,0.0005787037037037037,0.0,0.0,0.0011574074074074073,0.0,0.000925925925925926,1.999074074074074,1.3388466141889237,600.0,400.0,5.0,5.412043864753278,6.681281438412865,6.657121460672002,5.314134918188104,1.8040146215844257,2.2270938128042883,2.2190404868906675,1.7713783060627013,0.986539725953694,1.9876820801061676,0.8359757079742849,default
cheap_phys,3,0.2,0.0,0.0,2.0,trap,1,serving_reciprocity+map+rate,3.0,3,6,2,False,6.17283950617284e-05,0.0,0.0,0.0024074074074074076,0.016790123456790124,0.04524691358024691,0.0001234567901234568,0.0,4.938271604938271e-05,6.17283950617284e-05,0.014652014652014652,0.018315018315018316,0.0033703703703703704,0.1989100817438692,0.0009012345679012346,0.004530864197530864,0.1159454556105842,0.0,0.01808641975308642,0.0005709876543209877,0.00028549382716049385,0.0,0.0,0.0005709876543209877,0.0,0.0004814814814814815,1.9995185185185185,1.355211648299977,600.0,400.0,5.0,5.406661549709966,6.7298243920753755,6.914122030312857,5.340468799925379,1.8022205165699887,2.2432747973584584,2.304707343437619,1.780156266641793,1.0001524018891992,2.0763841436233688,0.8023503749864176,default
cheap_phys,4,0.2,0.0,0.0,2.0,trap,1,serving_reciprocity+map+rate,3.0,3,6,2,False,0.00030864197530864197,0.0,0.006963788300835654,0.0022222222222222222,0.02080246913580247,0.044320987654320985,0.0014814814814814814,0.0,9.876543209876543e-05,0.00011111111111111112,0.029197080291970802,0.032846715328467155,0.0033827160493827163,0.2398989898989899,0.0011728395061728395,0.004888888888888889,0.14303432592762672,0.0,0.022037037037037036,0.0004938271604938272,0.0002469135802469136,0.0,0.0,0.0004938271604938272,0.0,0.0007037037037037037,1.9992962962962963,1.2768053293086998,600.0,400.0,5.0,5.396083349729672,6.69815555866086,6.557909729459217,5.254661472065715,1.7986944499098907,2.23271851955362,2.185969909819739,1.7515538240219048,0.9731164788038275,1.9574240126548357,0.9061228750506416,default
cheap_phys,5,0.2,0.0,0.0,2.0,trap,1,serving_reciprocity+map+rate,3.0,3,6,2,False,0.00018518518518518518,0.0,0.005681818181818182,0.0017901234567901235,0.006419753086419753,0.021728395061728394,0.00037037037037037035,0.0,6.17283950617284e-05,9.876543209876543e-05,0.019011406844106463,0.030418250950570342,0.0032469135802469136,0.1853035143769968,0.0007160493827160494,0.0038641975308641974,0.09485123280480859,0.0,0.013888888888888888,0.0009722222222222222,0.0004861111111111111,0.0,0.0,0.0009722222222222222,0.0,0.0008518518518518519,1.9991481481481481,1.343009775721598,600.0,400.0,5.0,5.423335932850391,6.723089349387422,6.613001050958819,5.3473887133150795,1.8077786442834638,2.241029783129141,2.2043336836529397,1.7824629044383598,1.000282397115589,1.964312122578189,0.8709860000526533,default
cheap_phys,6,0.2,0.0,0.0,2.0,trap,1,serving_reciprocity+map+rate,3.0,3,6,2,False,0.0004320987654320988,0.0,0.01,0.0024691358024691358,0.009753086419753086,0.030864197530864196,6.17283950617284e-05,0.0,6.17283950617284e-05,4.938271604938271e-05,0.018726591760299626,0.0149812734082397,0.0032962962962962963,0.21068249258160238,0.0008765432098765433,0.004160493827160494,0.10291685274028968,0.0,0.01569135802469136,0.0006944444444444445,0.00034722222222222224,0.0,0.0,0.0006944444444444445,0.0,0.000691358024691358,1.9993086419753086,1.3237984629906567,600.0,400.0,5.0,5.4140534108651925,6.714858243582173,6.771271912969076,5.312442601466293,1.8046844702883975,2.2382860811940577,2.2570906376563586,1.7708142004887644,1.0075622293139008,2.0197218869577043,0.8882077500456944,default
cheap_phys,7,0.2,0.0,0.0,2.0,trap,1,serving_reciprocity+map+rate,3.0,3,6,2,False,0.0,0.0,0.0,0.0013580246913580246,0.006728395061728395,0.02104938271604938,0.0,0.0,3.7037037037037037e-05,0.00011111111111111112,0.010830324909747292,0.032490974729241874,0.003419753086419753,0.18696883852691218,0.0008148148148148148,0.004358024691358025,0.09942056529665157,0.0,0.014790123456790124,0.0006018518518518519,0.00030092592592592595,0.0,0.0,0.0005864197530864197,1.54320987654321e-05,0.0004938271604938272,1.9995061728395063,1.4041847293087022,600.0,400.0,5.0,5.403742565189801,6.6848746272912685,6.81004897205412,5.169306173143329,1.8012475217299337,2.228291542430423,2.27001632401804,1.723102057714443,1.0055429184573565,2.0351554118662873,0.9368725420208648,default
cheap_phys,8,0.2,0.0,0.0,2.0,trap,1,serving_reciprocity+map+rate,3.0,3,6,2,False,0.0002469135802469136,0.006172839506172839,0.004739336492890996,0.0016049382716049382,0.01,0.026049382716049382,0.0009876543209876543,0.0,9.876543209876543e-05,1.2345679012345678e-05,0.036036036036036036,0.0045045045045045045,0.0027407407407407406,0.2,0.000728395061728395,0.0036419753086419752,0.09367930437782676,0.0,0.014901234567901234,0.0012808641975308641,0.0006404320987654321,0.0,0.0,0.0012808641975308641,0.0,0.0012222222222222222,1.9987777777777778,1.3466720039013118,600.0,400.0,5.0,5.393690921572083,6.716062985529939,6.641696462294681,5.410083779039509,1.797896973857361,2.238687661843313,2.2138988207648937,1.803361259679836,0.9904300107142289,1.979999086479789,0.9375669590663165,default
cheap_phys,9,0.2,0.0,0.0,2.0,trap,1,serving_reciprocity+map+rate,3.0,3,6,2,False,0.0001234567901234568,0.0,0.00199203187250996,0.0019135802469135803,0.012962962962962963,0.030987654320987653,0.0,0.0,6.17283950617284e-05,0.0001234567901234568,0.021929824561403508,0.043859649122807015,0.0028148148148148147,0.27076923076923076,0.0010864197530864198,0.004012345679012346,0.11172308603392515,0.0,0.01754320987654321,0.0006790123456790123,0.00033950617283950616,0.0,0.0,0.0006790123456790123,0.0,0.0005432098765432099,1.9994567901234568,1.4884979364075346,600.0,400.0,5.0,5.422415322598476,6.696291088574371,6.6804752937907805,5.535019675246978,1.807471774199492,2.2320970295247906,2.22682509793026,1.8450065584156592,1.014685727788178,1.9822116159974164,0.9232271250803024,default
cheap_phys,0,0.2,0.0,0.5,2.0,trap,1,serving_reciprocity+map+rate,3.0,3,6,2,False,0.0001234567901234568,0.0,0.00398406374501992,0.0021604938271604936,0.013148148148148148,0.030987654320987653,0.0002469135802469136,0.0,3.7037037037037037e-05,3.7037037037037037e-05,0.012552301255230125,0.012552301255230125,0.0029506172839506174,0.2608695652173913,0.001037037037037037,0.003975308641975308,0.1204395614208065,0.0,0.018950617283950616,0.0015123456790123457,0.0007561728395061729,0.0,0.0,0.0015123456790123457,0.0,0.0012962962962962963,1.9987037037037036,1.3178518074809427,600.0,400.0,5.0,5.3975873028581836,6.7073246240154685,6.611276397879626,5.176871684720679,1.7991957676193946,2.2357748746718227,2.2037587992932086,1.725623894906893,0.9913975786089191,1.968167596164162,0.7773583329981193,default
cheap_phys,1,0.2,0.0,0.5,2.0,trap,1,serving_reciprocity+map+rate,3.0,3,6,2,False,0.00037037037037037035,0.004761904761904762,0.008605851979345954,0.0016666666666666668,0.012962962962962963,0.0358641975308642,0.00030864197530864197,0.0,0.00011111111111111112,8.641975308641975e-05,0.03333333333333333,0.025925925925925925,0.0033333333333333335,0.20754716981132076,0.0009506172839506173,0.004580246913580247,0.11951178513834756,0.0,0.018629629629629628,0.0006944444444444445,0.00034722222222222224,0.0,0.0,0.0006944444444444445,0.0,0.0007160493827160494,1.999283950617284,1.3203582792643007,600.0,400.0,5.0,5.4032146769539295,6.695175157541227,6.793666293915166,5.408964210906127,1.801071558984643,2.231725052513742,2.2645554313050553,1.8029880703020424,0.9914552084452658,2.0359832688654342,0.7813961670035496,default
cheap_phys,2,0.2,0.0,0.5,2.0,trap,1,serving_reciprocity+map+rate,3.0,3,6,2,False,0.0002469135802469136,0.005494505494505495,0.006342494714587738,0.0017901234567901235,0.011234567901234569,0.029197530864197532,0.0,0.0,8.641975308641975e-05,0.00011111111111111112,0.029045643153526972,0.03734439834024896,0.0029753086419753087,0.3244047619047619,0.001345679012345679,0.004148148148148148,0.12882975547361905,0.0,0.021419753086419753,0.0011574074074074073,0.0005787037037037037,0.0,0.0,0.0011574074074074073,0.0,0.000925925925925926,1.999074074074074,1.3388466141889237,600.0,400.0,5.0,5.412043864753278,6.681281438412865,6.657121460672002,5.314134918188104,1.8040146215844257,2.2270938128042883,2.2190404868906675,1.7713783060627013,0.986539725953694,1.9876820801061676,0.8511027910280973,default
cheap_phys,3,0.2,0.0,0.5,2.0,trap,1,serving_reciprocity+map+rate,3.0,3,6,2,False,6.17283950617284e-05,0.0,0.0,0.0024074074074074076,0.016790123456790124,0.04524691358024691,0.0001234567901234568,0.0,4.938271604938271e-05,6.17283950617284e-05,0.014652014652014652,0.018315018315018316,0.0033703703703703704,0.1989100817438692,0.0009012345679012346,0.004530864197530864,0.1159454556105842,0.0,0.01808641975308642,0.0005709876543209877,0.00028549382716049385,0.0,0.0,0.0005709876543209877,0.0,0.0004814814814814815,1.9995185185185185,1.355211648299977,600.0,400.0,5.0,5.406661549709966,6.7298243920753755,6.914122030312857,5.340468799925379,1.8022205165699887,2.2432747973584584,2.304707343437619,1.780156266641793,1.0001524018891992,2.0763841436233688,0.9455005419440567,default
cheap_phys,4,0.2,0.0,0.5,2.0,trap,1,serving_reciprocity+map+rate,3.0,3,6,2,False,0.00030864197530864197,0.0,0.006963788300835654,0.0022222222222222222,0.02080246913580247,0.044320987654320985,0.0014814814814814814,0.0,9.876543209876543e-05,0.00011111111111111112,0.029197080291970802,0.032846715328467155,0.0033827160493827163,0.2398989898989899,0.0011728395061728395,0.004888888888888889,0.14303432592762672,0.0,0.022037037037037036,0.0004938271604938272,0.0002469135802469136,0.0,0.0,0.0004938271604938272,0.0,0.0007037037037037037,1.9992962962962963,1.2768053293086998,600.0,400.0,5.0,5.396083349729672,6.69815555866086,6.557909729459217,5.254661472065715,1.7986944499098907,2.23271851955362,2.185969909819739,1.7515538240219048,0.9731164788038275,1.9574240126548357,0.7934975000098348,default
cheap_phys,5,0.2,0.0,0.5,2.0,trap,1,serving_reciprocity+map+rate,3.0,3,6,2,False,0.00018518518518518518,0.0,0.005681818181818182,0.0017901234567901235,0.006419753086419753,0.021728395061728394,0.00037037037037037035,0.0,6.17283950617284e-05,9.876543209876543e-05,0.019011406844106463,0.030418250950570342,0.0032469135802469136,0.1853035143769968,0.0007160493827160494,0.0038641975308641974,0.09485123280480859,0.0,0.013888888888888888,0.0009722222222222222,0.0004861111111111111,0.0,0.0,0.0009722222222222222,0.0,0.0008518518518518519,1.9991481481481481,1.343009775721598,600.0,400.0,5.0,5.423335932850391,6.723089349387422,6.613001050958819,5.3473887133150795,1.8077786442834638,2.241029783129141,2.2043336836529397,1.7824629044383598,1.000282397115589,1.964312122578189,0.8966718749143183,default
cheap_phys,6,0.2,0.0,0.5,2.0,trap,1,serving_reciprocity+map+rate,3.0,3,6,2,False,0.0004320987654320988,0.0,0.01,0.0024691358024691358,0.009753086419753086,0.030864197530864196,6.17283950617284e-05,0.0,6.17283950617284e-05,4.938271604938271e-05,0.018726591760299626,0.0149812734082397,0.0032962962962962963,0.21068249258160238,0.0008765432098765433,0.004160493827160494,0.10291685274028968,0.0,0.01569135802469136,0.0006944444444444445,0.00034722222222222224,0.0,0.0,0.0006944444444444445,0.0,0.000691358024691358,1.9993086419753086,1.3237984629906567,600.0,400.0,5.0,5.4140534108651925,6.714858243582173,6.771271912969076,5.312442601466293,1.8046844702883975,2.2382860811940577,2.2570906376563586,1.7708142004887644,1.0075622293139008,2.0197218869577043,0.9314654159825295,default
cheap_phys,7,0.2,0.0,0.5,2.0,trap,1,serving_reciprocity+map+rate,3.0,3,6,2,False,0.0,0.0,0.0,0.0013580246913580246,0.006728395061728395,0.02104938271604938,0.0,0.0,3.7037037037037037e-05,0.00011111111111111112,0.010830324909747292,0.032490974729241874,0.003419753086419753,0.18696883852691218,0.0008148148148148148,0.004358024691358025,0.09942056529665157,0.0,0.014790123456790124,0.0006018518518518519,0.00030092592592592595,0.0,0.0,0.0005864197530864197,1.54320987654321e-05,0.0004938271604938272,1.9995061728395063,1.4041847293087022,600.0,400.0,5.0,5.403742565189801,6.6848746272912685,6.81004897205412,5.169306173143329,1.8012475217299337,2.228291542430423,2.27001632401804,1.723102057714443,1.0055429184573565,2.0351554118662873,0.9490096670342609,default
cheap_phys,8,0.2,0.0,0.5,2.0,trap,1,serving_reciprocity+map+rate,3.0,3,6,2,False,0.0002469135802469136,0.006172839506172839,0.004739336492890996,0.0016049382716049382,0.01,0.026049382716049382,0.0009876543209876543,0.0,9.876543209876543e-05,1.2345679012345678e-05,0.036036036036036036,0.0045045045045045045,0.0027407407407407406,0.2,0.000728395061728395,0.0036419753086419752,0.09367930437782676,0.0,0.014901234567901234,0.0012808641975308641,0.0006404320987654321,0.0,0.0,0.0012808641975308641,0.0,0.0012222222222222222,1.9987777777777778,1.3466720039013118,600.0,400.0,5.0,5.393690921572083,6.716062985529939,6.641696462294681,5.410083779039509,1.797896973857361,2.238687661843313,2.2138988207648937,1.803361259679836,0.9904300107142289,1.979999086479789,0.9254104159772396,default
cheap_phys,9,0.2,0.0,0.5,2.0,trap,1,serving_reciprocity+map+rate,3.0,3,6,2,False,0.0001234567901234568,0.0,0.00199203187250996,0.0019135802469135803,0.012962962962962963,0.030987654320987653,0.0,0.0,6.17283950617284e-05,0.0001234567901234568,0.021929824561403508,0.043859649122807015,0.0028148148148148147,0.27076923076923076,0.0010864197530864198,0.004012345679012346,0.11172308603392515,0.0,0.01754320987654321,0.0006790123456790123,0.00033950617283950616,0.0,0.0,0.0006790123456790123,0.0,0.0005432098765432099,1.9994567901234568,1.4884979364075346,600.0,400.0,5.0,5.422415322598476,6.696291088574371,6.6804752937907805,5.535019675246978,1.807471774199492,2.2320970295247906,2.22682509793026,1.8450065584156592,1.014685727788178,1.9822116159974164,0.8306817499687895,default
cheap_phys,0,0.2,0.0,1.0,2.0,trap,1,serving_reciprocity+map+rate,3.0,3,6,2,False,0.0001234567901234568,0.0,0.00398406374501992,0.0021604938271604936,0.013148148148148148,0.030987654320987653,0.0002469135802469136,0.0,3.7037037037037037e-05,3.7037037037037037e-05,0.012552301255230125,0.012552301255230125,0.0029506172839506174,0.2608695652173913,0.001037037037037037,0.003975308641975308,0.1204395614208065,0.0,0.018950617283950616,0.0015123456790123457,0.0007561728395061729,0.0,0.0,0.0015123456790123457,0.0,0.0012962962962962963,1.9987037037037036,1.3178518074809427,600.0,400.0,5.0,5.3975873028581836,6.7073246240154685,6.611276397879626,5.176871684720679,1.7991957676193946,2.2357748746718227,2.2037587992932086,1.725623894906893,0.9913975786089191,1.968167596164162,0.5652095830300823,default
cheap_phys,1,0.2,0.0,1.0,2.0,trap,1,serving_reciprocity+map+rate,3.0,3,6,2,False,0.00037037037037037035,0.004761904761904762,0.008605851979345954,0.0016666666666666668,0.012962962962962963,0.0358641975308642,0.00030864197530864197,0.0,0.00011111111111111112,8.641975308641975e-05,0.03333333333333333,0.025925925925925925,0.0033333333333333335,0.20754716981132076,0.0009506172839506173,0.004580246913580247,0.11951178513834756,0.0,0.018629629629629628,0.0006944444444444445,0.00034722222222222224,0.0,0.0,0.0006944444444444445,0.0,0.0007160493827160494,1.999283950617284,1.3203582792643007,600.0,400.0,5.0,5.4032146769539295,6.695175157541227,6.793666293915166,5.408964210906127,1.801071558984643,2.231725052513742,2.2645554313050553,1.8029880703020424,0.9914552084452658,2.0359832688654342,0.6128199999220669,default
cheap_phys,2,0.2,0.0,1.0,2.0,trap,1,serving_reciprocity+map+rate,3.0,3,6,2,False,0.0002469135802469136,0.005494505494505495,0.006342494714587738,0.0017901234567901235,0.011234567901234569,0.029197530864197532,0.0,0.0,8.641975308641975e-05,0.00011111111111111112,0.029045643153526972,0.03734439834024896,0.0029753086419753087,0.3244047619047619,0.001345679012345679,0.004148148148148148,0.12882975547361905,0.0,0.021419753086419753,0.0011574074074074073,0.0005787037037037037,0.0,0.0,0.0011574074074074073,0.0,0.000925925925925926,1.999074074074074,1.3388466141889237,600.0,400.0,5.0,5.412043864753278,6.681281438412865,6.657121460672002,5.314134918188104,1.8040146215844257,2.2270938128042883,2.2190404868906675,1.7713783060627013,0.986539725953694,1.9876820801061676,0.7510937909828499,default
cheap_phys,3,0.2,0.0,1.0,2.0,trap,1,serving_reciprocity+map+rate,3.0,3,6,2,False,6.17283950617284e-05,0.0,0.0,0.0024074074074074076,0.016790123456790124,0.04524691358024691,0.0001234567901234568,0.0,4.938271604938271e-05,6.17283950617284e-05,0.014652014652014652,0.018315018315018316,0.0033703703703703704,0.1989100817438692,0.0009012345679012346,0.004530864197530864,0.1159454556105842,0.0,0.01808641975308642,0.0005709876543209877,0.00028549382716049385,0.0,0.0,0.0005709876543209877,0.0,0.0004814814814814815,1.9995185185185185,1.355211648299977,600.0,400.0,5.0,5.406661549709966,6.7298243920753755,6.914122030312857,5.340468799925379,1.8022205165699887,2.2432747973584584,2.304707343437619,1.780156266641793,1.0001524018891992,2.0763841436233688,0.8526821660343558,default
cheap_phys,4,0.2,0.0,1.0,2.0,trap,1,serving_reciprocity+map+rate,3.0,3,6,2,False,0.00030864197530864197,0.0,0.006963788300835654,0.0022222222222222222,0.02080246913580247,0.044320987654320985,0.0014814814814814814,0.0,9.876543209876543e-05,0.00011111111111111112,0.029197080291970802,0.032846715328467155,0.0033827160493827163,0.2398989898989899,0.0011728395061728395,0.004888888888888889,0.14303432592762672,0.0,0.022037037037037036,0.0004938271604938272,0.0002469135802469136,0.0,0.0,0.0004938271604938272,0.0,0.0007037037037037037,1.9992962962962963,1.2768053293086998,600.0,400.0,5.0,5.396083349729672,6.69815555866086,6.557909729459217,5.254661472065715,1.7986944499098907,2.23271851955362,2.185969909819739,1.7515538240219048,0.9731164788038275,1.9574240126548357,0.9215047499164939,default
cheap_phys,5,0.2,0.0,1.0,2.0,trap,1,serving_reciprocity+map+rate,3.0,3,6,2,False,0.00018518518518518518,0.0,0.005681818181818182,0.0017901234567901235,0.006419753086419753,0.021728395061728394,0.00037037037037037035,0.0,6.17283950617284e-05,9.876543209876543e-05,0.019011406844106463,0.030418250950570342,0.0032469135802469136,0.1853035143769968,0.0007160493827160494,0.0038641975308641974,0.09485123280480859,0.0,0.013888888888888888,0.0009722222222222222,0.0004861111111111111,0.0,0.0,0.0009722222222222222,0.0,0.0008518518518518519,1.9991481481481481,1.343009775721598,600.0,400.0,5.0,5.423335932850391,6.723089349387422,6.613001050958819,5.3473887133150795,1.8077786442834638,2.241029783129141,2.2043336836529397,1.7824629044383598,1.000282397115589,1.964312122578189,0.905990874976851,default
cheap_phys,6,0.2,0.0,1.0,2.0,trap,1,serving_reciprocity+map+rate,3.0,3,6,2,False,0.0004320987654320988,0.0,0.01,0.0024691358024691358,0.009753086419753086,0.030864197530864196,6.17283950617284e-05,0.0,6.17283950617284e-05,4.938271604938271e-05,0.018726591760299626,0.0149812734082397,0.0032962962962962963,0.21068249258160238,0.0008765432098765433,0.004160493827160494,0.10291685274028968,0.0,0.01569135802469136,0.0006944444444444445,0.00034722222222222224,0.0,0.0,0.0006944444444444445,0.0,0.000691358024691358,1.9993086419753086,1.3237984629906567,600.0,400.0,5.0,5.4140534108651925,6.714858243582173,6.771271912969076,5.312442601466293,1.8046844702883975,2.2382860811940577,2.2570906376563586,1.7708142004887644,1.0075622293139008,2.0197218869577043,0.8824957079486921,default
cheap_phys,7,0.2,0.0,1.0,2.0,trap,1,serving_reciprocity+map+rate,3.0,3,6,2,False,0.0,0.0,0.0,0.0013580246913580246,0.006728395061728395,0.02104938271604938,0.0,0.0,3.7037037037037037e-05,0.00011111111111111112,0.010830324909747292,0.032490974729241874,0.003419753086419753,0.18696883852691218,0.0008148148148148148,0.004358024691358025,0.09942056529665157,0.0,0.014790123456790124,0.0006018518518518519,0.00030092592592592595,0.0,0.0,0.0005864197530864197,1.54320987654321e-05,0.0004938271604938272,1.9995061728395063,1.4041847293087022,600.0,400.0,5.0,5.403742565189801,6.6848746272912685,6.81004897205412,5.169306173143329,1.8012475217299337,2.228291542430423,2.27001632401804,1.723102057714443,1.0055429184573565,2.0351554118662873,0.9299981669755653,default
cheap_phys,8,0.2,0.0,1.0,2.0,trap,1,serving_reciprocity+map+rate,3.0,3,6,2,False,0.0002469135802469136,0.006172839506172839,0.004739336492890996,0.0016049382716049382,0.01,0.026049382716049382,0.0009876543209876543,0.0,9.876543209876543e-05,1.2345679012345678e-05,0.036036036036036036,0.0045045045045045045,0.0027407407407407406,0.2,0.000728395061728395,0.0036419753086419752,0.09367930437782676,0.0,0.014901234567901234,0.0012808641975308641,0.0006404320987654321,0.0,0.0,0.0012808641975308641,0.0,0.0012222222222222222,1.9987777777777778,1.3466720039013118,600.0,400.0,5.0,5.393690921572083,6.716062985529939,6.641696462294681,5.410083779039509,1.797896973857361,2.238687661843313,2.2138988207648937,1.803361259679836,0.9904300107142289,1.979999086479789,0.8320496249943972,default
cheap_phys,9,0.2,0.0,1.0,2.0,trap,1,serving_reciprocity+map+rate,3.0,3,6,2,False,0.0001234567901234568,0.0,0.00199203187250996,0.0019135802469135803,0.012962962962962963,0.030987654320987653,0.0,0.0,6.17283950617284e-05,0.0001234567901234568,0.021929824561403508,0.043859649122807015,0.0028148148148148147,0.27076923076923076,0.0010864197530864198,0.004012345679012346,0.11172308603392515,0.0,0.01754320987654321,0.0006790123456790123,0.00033950617283950616,0.0,0.0,0.0006790123456790123,0.0,0.0005432098765432099,1.9994567901234568,1.4884979364075346,600.0,400.0,5.0,5.422415322598476,6.696291088574371,6.6804752937907805,5.535019675246978,1.807471774199492,2.2320970295247906,2.22682509793026,1.8450065584156592,1.014685727788178,1.9822116159974164,0.9520117919892073,default
cheap_phys,0,0.2,6.0,0.0,2.0,trap,1,serving_reciprocity+map+rate,3.0,3,6,2,False,0.0012962962962962963,0.00810234541577825,0.006276150627615063,0.0032098765432098763,0.1447530864197531,0.2065432098765432,0.15185185185185185,0.2942430703624733,0.00020987654320987656,6.17283950617284e-05,0.06640625,0.01953125,0.0031604938271604936,0.2765957446808511,0.0011234567901234568,0.004061728395061729,0.12444409895088183,0.0,0.019530864197530865,0.0015123456790123457,0.0007561728395061729,0.0,0.0,0.0015123456790123457,0.0,0.03171604938271605,1.968283950617284,1.3210915122752052,600.0,400.0,5.0,5.3975873028581836,6.7073246240154685,6.611276397879626,5.176871684720679,1.7991957676193946,2.2357748746718227,2.2037587992932086,1.725623894906893,0.9913975786089191,1.968167596164162,0.7725454580504447,default
cheap_phys,1,0.2,6.0,0.0,2.0,trap,1,serving_reciprocity+map+rate,3.0,3,6,2,False,0.0013580246913580246,0.00914380714879468,0.0062624537432393965,0.0025925925925925925,0.14851851851851852,0.21685185185185185,0.14555555555555555,0.21280133000831256,0.0002469135802469136,9.876543209876543e-05,0.07142857142857142,0.02857142857142857,0.0034567901234567903,0.2200557103064067,0.0009753086419753087,0.0044320987654320985,0.1234986282378353,0.0,0.018629629629629628,0.0006944444444444445,0.00034722222222222224,0.0,0.0,0.0006944444444444445,0.0,0.030024691358024692,1.9699753086419753,1.3174167920337252,600.0,400.0,5.0,5.4032146769539295,6.695175157541227,6.793666293915166,5.408964210906127,1.801071558984643,2.231725052513742,2.2645554313050553,1.8029880703020424,0.9914552084452658,2.0359832688654342,0.8409426249563694,default
cheap_phys,2,0.2,6.0,0.0,2.0,trap,1,serving_reciprocity+map+rate,3.0,3,6,2,False,0.0013580246913580246,0.009046052631578948,0.006316393913293138,0.002654320987654321,0.15012345679012346,0.215,0.1452469135802469,0.2582236842105263,0.0002469135802469136,0.00014814814814814815,0.07751937984496124,0.046511627906976744,0.003185185185185185,0.3482142857142857,0.0014444444444444444,0.004148148148148148,0.13625381898552924,0.0,0.022617283950617285,0.0011574074074074073,0.0005787037037037037,0.0,0.0,0.0011574074074074073,0.0,0.030074074074074073,1.9699259259259259,1.3373580272034362,600.0,400.0,5.0,5.412043864753278,6.681281438412865,6.657121460672002,5.314134918188104,1.8040146215844257,2.2270938128042883,2.2190404868906675,1.7713783060627013,0.986539725953694,1.9876820801061676,0.8803861249471083,default
cheap_phys,3,0.2,6.0,0.0,2.0,trap,1,serving_reciprocity+map+rate,3.0,3,6,2,False,0.0014814814814814814,0.011898859692612791,0.007827788649706457,0.0035185185185185185,0.12450617283950617,0.18925925925925927,0.15209876543209877,0.33465542885473476,0.00020987654320987656,0.00011111111111111112,0.0576271186440678,0.030508474576271188,0.0036419753086419752,0.21008403361344538,0.000925925925925926,0.004407407407407408,0.11821299568158354,0.0,0.018185185185185186,0.0005709876543209877,0.00028549382716049385,0.0,0.0,0.0005709876543209877,0.0,0.03106172839506173,1.9689382716049382,1.3531691495085285,600.0,400.0,5.0,5.406661549709966,6.7298243920753755,6.914122030312857,5.340468799925379,1.8022205165699887,2.2432747973584584,2.304707343437619,1.780156266641793,1.0001524018891992,2.0763841436233688,0.8699835840379819,default
cheap_phys,4,0.2,6.0,0.0,2.0,trap,1,serving_reciprocity+map+rate,3.0,3,6,2,False,0.0016049382716049382,0.011850501367365542,0.009062391077030324,0.0030246913580246914,0.1354320987654321,0.17709876543209876,0.1625925925925926,0.37329079307201457,0.0002962962962962963,9.876543209876543e-05,0.08391608391608392,0.027972027972027972,0.0035308641975308644,0.2639593908629442,0.0012839506172839506,0.004864197530864198,0.14196955126194738,0.0,0.02217283950617284,0.0004938271604938272,0.0002469135802469136,0.0,0.0,0.0004938271604938272,0.0,0.033135802469135806,1.9668641975308643,1.2722834385249355,600.0,400.0,5.0,5.396083349729672,6.69815555866086,6.557909729459217,5.254661472065715,1.7986944499098907,2.23271851955362,2.185969909819739,1.7515538240219048,0.9731164788038275,1.9574240126548357,1.0091145409969613,default
cheap_phys,5,0.2,6.0,0.0,2.0,trap,1,serving_reciprocity+map+rate,3.0,3,6,2,False,0.0009876543209876543,0.009506833036244802,0.0062063615205585725,0.0020987654320987655,0.10388888888888889,0.1591358024691358,0.169320987654321,0.3363042186571598,0.0001234567901234568,0.00011111111111111112,0.03759398496240601,0.03383458646616541,0.0032839506172839504,0.19536423841059603,0.000728395061728395,0.003728395061728395,0.09367309164165988,0.0,0.013765432098765433,0.0009722222222222222,0.0004861111111111111,0.0,0.0,0.0009722222222222222,0.0,0.03476543209876543,1.9652345679012346,1.3449624974998395,600.0,400.0,5.0,5.423335932850391,6.723089349387422,6.613001050958819,5.3473887133150795,1.8077786442834638,2.241029783129141,2.2043336836529397,1.7824629044383598,1.000282397115589,1.964312122578189,0.89698545797728,default
cheap_phys,6,0.2,6.0,0.0,2.0,trap,1,serving_reciprocity+map+rate,3.0,3,6,2,False,0.0016049382716049382,0.014230979748221127,0.00878972278566599,0.003148148148148148,0.11277777777777778,0.18259259259259258,0.13407407407407407,0.2616310892172961,0.00019753086419753085,6.17283950617284e-05,0.05714285714285714,0.017857142857142856,0.0034567901234567903,0.20909090909090908,0.0008518518518518519,0.004074074074074074,0.10228693184404546,0.0,0.015419753086419753,0.0006944444444444445,0.00034722222222222224,0.0,0.0,0.0006944444444444445,0.0,0.027666666666666666,1.9723333333333333,1.32349908407147,600.0,400.0,5.0,5.4140534108651925,6.714858243582173,6.771271912969076,5.312442601466293,1.8046844702883975,2.2382860811940577,2.2570906376563586,1.7708142004887644,1.0075622293139008,2.0197218869577043,0.8908622919116169,default
cheap_phys,7,0.2,6.0,0.0,2.0,trap,1,serving_reciprocity+map+rate,3.0,3,6,2,False,0.0011111111111111111,0.009488666315234581,0.006779661016949152,0.002345679012345679,0.11709876543209877,0.1638888888888889,0.1385185185185185,0.28518713758566155,0.00013580246913580247,0.0001234567901234568,0.03793103448275862,0.034482758620689655,0.003580246913580247,0.20114942528735633,0.0008641975308641976,0.004296296296296296,0.10091035269677895,0.0,0.014987654320987654,0.0006018518518518519,0.00030092592592592595,0.0,0.0,0.0005864197530864197,1.54320987654321e-05,0.0284320987654321,1.971567901234568,1.40060729148504,600.0,400.0,5.0,5.403742565189801,6.6848746272912685,6.81004897205412,5.169306173143329,1.8012475217299337,2.228291542430423,2.27001632401804,1.723102057714443,1.0055429184573565,2.0351554118662873,0.8561525839613751,default
cheap_phys,8,0.2,6.0,0.0,2.0,trap,1,serving_reciprocity+map+rate,3.0,3,6,2,False,0.0012345679012345679,0.010240655401945725,0.007288629737609329,0.0024691358024691358,0.12055555555555555,0.1693827160493827,0.14376543209876544,0.3051715309779826,0.00020987654320987656,3.7037037037037037e-05,0.07203389830508475,0.012711864406779662,0.00291358024691358,0.21724137931034482,0.0007777777777777777,0.003580246913580247,0.09537449885225803,0.0,0.015024691358024691,0.0012808641975308641,0.0006404320987654321,0.0,0.0,0.0012808641975308641,0.0,0.029962962962962962,1.970037037037037,1.3485344057821003,600.0,400.0,5.0,5.393690921572083,6.716062985529939,6.641696462294681,5.410083779039509,1.797896973857361,2.238687661843313,2.2138988207648937,1.803361259679836,0.9904300107142289,1.979999086479789,0.9596941670170054,default
cheap_phys,9,0.2,6.0,0.0,2.0,trap,1,serving_reciprocity+map+rate,3.0,3,6,2,False,0.0014814814814814814,0.010050251256281407,0.006863025450386045,0.003271604938271605,0.1474074074074074,0.2158641975308642,0.16555555555555557,0.35971524288107204,0.0002469135802469136,0.0001234567901234568,0.07905138339920949,0.039525691699604744,0.003123456790123457,0.3063063063063063,0.0012592592592592592,0.004111111111111111,0.13079013956879992,0.0,0.02034567901234568,0.0006790123456790123,0.00033950617283950616,0.0,0.0,0.0006790123456790123,0.0,0.0337037037037037,1.9662962962962962,1.484110752719444,600.0,400.0,5.0,5.422415322598476,6.696291088574371,6.6804752937907805,5.535019675246978,1.807471774199492,2.2320970295247906,2.22682509793026,1.8450065584156592,1.014685727788178,1.9822116159974164,0.9877148329978809,default
cheap_phys,0,0.2,6.0,0.5,2.0,trap,1,serving_reciprocity+map+rate,3.0,3,6,2,False,0.0012962962962962963,0.00810234541577825,0.006276150627615063,0.0032098765432098763,0.1447530864197531,0.2065432098765432,0.15185185185185185,0.2942430703624733,0.00020987654320987656,6.17283950617284e-05,0.06640625,0.01953125,0.0031604938271604936,0.2765957446808511,0.0011234567901234568,0.004061728395061729,0.12444409895088183,0.0,0.019530864197530865,0.0015123456790123457,0.0007561728395061729,0.0,0.0,0.0015123456790123457,0.0,0.03171604938271605,1.968283950617284,1.3210915122752052,600.0,400.0,5.0,5.3975873028581836,6.7073246240154685,6.611276397879626,5.176871684720679,1.7991957676193946,2.2357748746718227,2.2037587992932086,1.725623894906893,0.9913975786089191,1.968167596164162,0.6951721250079572,default
cheap_phys,1,0.2,6.0,0.5,2.0,trap,1,serving_reciprocity+map+rate,3.0,3,6,2,False,0.0013580246913580246,0.00914380714879468,0.0062624537432393965,0.0025925925925925925,0.14851851851851852,0.21685185185185185,0.14555555555555555,0.21280133000831256,0.0002469135802469136,9.876543209876543e-05,0.07142857142857142,0.02857142857142857,0.0034567901234567903,0.2200557103064067,0.0009753086419753087,0.0044320987654320985,0.1234986282378353,0.0,0.018629629629629628,0.0006944444444444445,0.00034722222222222224,0.0,0.0,0.0006944444444444445,0.0,0.030024691358024692,1.9699753086419753,1.3174167920337252,600.0,400.0,5.0,5.4032146769539295,6.695175157541227,6.793666293915166,5.408964210906127,1.801071558984643,2.231725052513742,2.2645554313050553,1.8029880703020424,0.9914552084452658,2.0359832688654342,0.8330800000112504,default
cheap_phys,2,0.2,6.0,0.5,2.0,trap,1,serving_reciprocity+map+rate,3.0,3,6,2,False,0.0013580246913580246,0.009046052631578948,0.006316393913293138,0.002654320987654321,0.15012345679012346,0.215,0.1452469135802469,0.2582236842105263,0.0002469135802469136,0.00014814814814814815,0.07751937984496124,0.046511627906976744,0.003185185185185185,0.3482142857142857,0.0014444444444444444,0.004148148148148148,0.13625381898552924,0.0,0.022617283950617285,0.0011574074074074073,0.0005787037037037037,0.0,0.0,0.0011574074074074073,0.0,0.030074074074074073,1.9699259259259259,1.3373580272034362,600.0,400.0,5.0,5.412043864753278,6.681281438412865,6.657121460672002,5.314134918188104,1.8040146215844257,2.2270938128042883,2.2190404868906675,1.7713783060627013,0.986539725953694,1.9876820801061676,0.8725013340590522,default
cheap_phys,3,0.2,6.0,0.5,2.0,trap,1,serving_reciprocity+map+rate,3.0,3,6,2,False,0.0014814814814814814,0.011898859692612791,0.007827788649706457,0.0035185185185185185,0.12450617283950617,0.18925925925925927,0.15209876543209877,0.33465542885473476,0.00020987654320987656,0.00011111111111111112,0.0576271186440678,0.030508474576271188,0.0036419753086419752,0.21008403361344538,0.000925925925925926,0.004407407407407408,0.11821299568158354,0.0,0.018185185185185186,0.0005709876543209877,0.00028549382716049385,0.0,0.0,0.0005709876543209877,0.0,0.03106172839506173,1.9689382716049382,1.3531691495085285,600.0,400.0,5.0,5.406661549709966,6.7298243920753755,6.914122030312857,5.340468799925379,1.8022205165699887,2.2432747973584584,2.304707343437619,1.780156266641793,1.0001524018891992,2.0763841436233688,0.9234753330238163,default
cheap_phys,4,0.2,6.0,0.5,2.0,trap,1,serving_reciprocity+map+rate,3.0,3,6,2,False,0.0016049382716049382,0.011850501367365542,0.009062391077030324,0.0030246913580246914,0.1354320987654321,0.17709876543209876,0.1625925925925926,0.37329079307201457,0.0002962962962962963,9.876543209876543e-05,0.08391608391608392,0.027972027972027972,0.0035308641975308644,0.2639593908629442,0.0012839506172839506,0.004864197530864198,0.14196955126194738,0.0,0.02217283950617284,0.0004938271604938272,0.0002469135802469136,0.0,0.0,0.0004938271604938272,0.0,0.033135802469135806,1.9668641975308643,1.2722834385249355,600.0,400.0,5.0,5.396083349729672,6.69815555866086,6.557909729459217,5.254661472065715,1.7986944499098907,2.23271851955362,2.185969909819739,1.7515538240219048,0.9731164788038275,1.9574240126548357,0.8868454589974135,default
cheap_phys,5,0.2,6.0,0.5,2.0,trap,1,serving_reciprocity+map+rate,3.0,3,6,2,False,0.0009876543209876543,0.009506833036244802,0.0062063615205585725,0.0020987654320987655,0.10388888888888889,0.1591358024691358,0.169320987654321,0.3363042186571598,0.0001234567901234568,0.00011111111111111112,0.03759398496240601,0.03383458646616541,0.0032839506172839504,0.19536423841059603,0.000728395061728395,0.003728395061728395,0.09367309164165988,0.0,0.013765432098765433,0.0009722222222222222,0.0004861111111111111,0.0,0.0,0.0009722222222222222,0.0,0.03476543209876543,1.9652345679012346,1.3449624974998395,600.0,400.0,5.0,5.423335932850391,6.723089349387422,6.613001050958819,5.3473887133150795,1.8077786442834638,2.241029783129141,2.2043336836529397,1.7824629044383598,1.000282397115589,1.964312122578189,0.9482045409968123,default
cheap_phys,6,0.2,6.0,0.5,2.0,trap,1,serving_reciprocity+map+rate,3.0,3,6,2,False,0.0016049382716049382,0.014230979748221127,0.00878972278566599,0.003148148148148148,0.11277777777777778,0.18259259259259258,0.13407407407407407,0.2616310892172961,0.00019753086419753085,6.17283950617284e-05,0.05714285714285714,0.017857142857142856,0.0034567901234567903,0.20909090909090908,0.0008518518518518519,0.004074074074074074,0.10228693184404546,0.0,0.015419753086419753,0.0006944444444444445,0.00034722222222222224,0.0,0.0,0.0006944444444444445,0.0,0.027666666666666666,1.9723333333333333,1.32349908407147,600.0,400.0,5.0,5.4140534108651925,6.714858243582173,6.771271912969076,5.312442601466293,1.8046844702883975,2.2382860811940577,2.2570906376563586,1.7708142004887644,1.0075622293139008,2.0197218869577043,0.8981289170915261,default
cheap_phys,7,0.2,6.0,0.5,2.0,trap,1,serving_reciprocity+map+rate,3.0,3,6,2,False,0.0011111111111111111,0.009488666315234581,0.006779661016949152,0.002345679012345679,0.11709876543209877,0.1638888888888889,0.1385185185185185,0.28518713758566155,0.00013580246913580247,0.0001234567901234568,0.03793103448275862,0.034482758620689655,0.003580246913580247,0.20114942528735633,0.0008641975308641976,0.004296296296296296,0.10091035269677895,0.0,0.014987654320987654,0.0006018518518518519,0.00030092592592592595,0.0,0.0,0.0005864197530864197,1.54320987654321e-05,0.0284320987654321,1.971567901234568,1.40060729148504,600.0,400.0,5.0,5.403742565189801,6.6848746272912685,6.81004897205412,5.169306173143329,1.8012475217299337,2.228291542430423,2.27001632401804,1.723102057714443,1.0055429184573565,2.0351554118662873,0.9620277920039371,default
cheap_phys,8,0.2,6.0,0.5,2.0,trap,1,serving_reciprocity+map+rate,3.0,3,6,2,False,0.0012345679012345679,0.010240655401945725,0.007288629737609329,0.0024691358024691358,0.12055555555555555,0.1693827160493827,0.14376543209876544,0.3051715309779826,0.00020987654320987656,3.7037037037037037e-05,0.07203389830508475,0.012711864406779662,0.00291358024691358,0.21724137931034482,0.0007777777777777777,0.003580246913580247,0.09537449885225803,0.0,0.015024691358024691,0.0012808641975308641,0.0006404320987654321,0.0,0.0,0.0012808641975308641,0.0,0.029962962962962962,1.970037037037037,1.3485344057821003,600.0,400.0,5.0,5.393690921572083,6.716062985529939,6.641696462294681,5.410083779039509,1.797896973857361,2.238687661843313,2.2138988207648937,1.803361259679836,0.9904300107142289,1.979999086479789,0.9136939999880269,default
cheap_phys,9,0.2,6.0,0.5,2.0,trap,1,serving_reciprocity+map+rate,3.0,3,6,2,False,0.0014814814814814814,0.010050251256281407,0.006863025450386045,0.003271604938271605,0.1474074074074074,0.2158641975308642,0.16555555555555557,0.35971524288107204,0.0002469135802469136,0.0001234567901234568,0.07905138339920949,0.039525691699604744,0.003123456790123457,0.3063063063063063,0.0012592592592592592,0.004111111111111111,0.13079013956879992,0.0,0.02034567901234568,0.0006790123456790123,0.00033950617283950616,0.0,0.0,0.0006790123456790123,0.0,0.0337037037037037,1.9662962962962962,1.484110752719444,600.0,400.0,5.0,5.422415322598476,6.696291088574371,6.6804752937907805,5.535019675246978,1.807471774199492,2.2320970295247906,2.22682509793026,1.8450065584156592,1.014685727788178,1.9822116159974164,0.9366359590785578,default
cheap_phys,0,0.2,6.0,1.0,2.0,trap,1,serving_reciprocity+map+rate,3.0,3,6,2,False,0.0012962962962962963,0.00810234541577825,0.006276150627615063,0.0032098765432098763,0.1447530864197531,0.2065432098765432,0.15185185185185185,0.2942430703624733,0.00020987654320987656,6.17283950617284e-05,0.06640625,0.01953125,0.0031604938271604936,0.2765957446808511,0.0011234567901234568,0.004061728395061729,0.12444409895088183,0.0,0.019530864197530865,0.0015123456790123457,0.0007561728395061729,0.0,0.0,0.0015123456790123457,0.0,0.03171604938271605,1.968283950617284,1.3210915122752052,600.0,400.0,5.0,5.3975873028581836,6.7073246240154685,6.611276397879626,5.176871684720679,1.7991957676193946,2.2357748746718227,2.2037587992932086,1.725623894906893,0.9913975786089191,1.968167596164162,0.7231605419656262,default
cheap_phys,1,0.2,6.0,1.0,2.0,trap,1,serving_reciprocity+map+rate,3.0,3,6,2,False,0.0013580246913580246,0.00914380714879468,0.0062624537432393965,0.0025925925925925925,0.14851851851851852,0.21685185185185185,0.14555555555555555,0.21280133000831256,0.0002469135802469136,9.876543209876543e-05,0.07142857142857142,0.02857142857142857,0.0034567901234567903,0.2200557103064067,0.0009753086419753087,0.0044320987654320985,0.1234986282378353,0.0,0.018629629629629628,0.0006944444444444445,0.00034722222222222224,0.0,0.0,0.0006944444444444445,0.0,0.030024691358024692,1.9699753086419753,1.3174167920337252,600.0,400.0,5.0,5.4032146769539295,6.695175157541227,6.793666293915166,5.408964210906127,1.801071558984643,2.231725052513742,2.2645554313050553,1.8029880703020424,0.9914552084452658,2.0359832688654342,0.8108405829407275,default
cheap_phys,2,0.2,6.0,1.0,2.0,trap,1,serving_reciprocity+map+rate,3.0,3,6,2,False,0.0013580246913580246,0.009046052631578948,0.006316393913293138,0.002654320987654321,0.15012345679012346,0.215,0.1452469135802469,0.2582236842105263,0.0002469135802469136,0.00014814814814814815,0.07751937984496124,0.046511627906976744,0.003185185185185185,0.3482142857142857,0.0014444444444444444,0.004148148148148148,0.13625381898552924,0.0,0.022617283950617285,0.0011574074074074073,0.0005787037037037037,0.0,0.0,0.0011574074074074073,0.0,0.030074074074074073,1.9699259259259259,1.3373580272034362,600.0,400.0,5.0,5.412043864753278,6.681281438412865,6.657121460672002,5.314134918188104,1.8040146215844257,2.2270938128042883,2.2190404868906675,1.7713783060627013,0.986539725953694,1.9876820801061676,0.9065774170449004,default
cheap_phys,3,0.2,6.0,1.0,2.0,trap,1,serving_reciprocity+map+rate,3.0,3,6,2,False,0.0014814814814814814,0.011898859692612791,0.007827788649706457,0.0035185185185185185,0.12450617283950617,0.18925925925925927,0.15209876543209877,0.33465542885473476,0.00020987654320987656,0.00011111111111111112,0.0576271186440678,0.030508474576271188,0.0036419753086419752,0.21008403361344538,0.000925925925925926,0.004407407407407408,0.11821299568158354,0.0,0.018185185185185186,0.0005709876543209877,0.00028549382716049385,0.0,0.0,0.0005709876543209877,0.0,0.03106172839506173,1.9689382716049382,1.3531691495085285,600.0,400.0,5.0,5.406661549709966,6.7298243920753755,6.914122030312857,5.340468799925379,1.8022205165699887,2.2432747973584584,2.304707343437619,1.780156266641793,1.0001524018891992,2.0763841436233688,0.829461625078693,default
cheap_phys,4,0.2,6.0,1.0,2.0,trap,1,serving_reciprocity+map+rate,3.0,3,6,2,False,0.0016049382716049382,0.011850501367365542,0.009062391077030324,0.0030246913580246914,0.1354320987654321,0.17709876543209876,0.1625925925925926,0.37329079307201457,0.0002962962962962963,9.876543209876543e-05,0.08391608391608392,0.027972027972027972,0.0035308641975308644,0.2639593908629442,0.0012839506172839506,0.004864197530864198,0.14196955126194738,0.0,0.02217283950617284,0.0004938271604938272,0.0002469135802469136,0.0,0.0,0.0004938271604938272,0.0,0.033135802469135806,1.9668641975308643,1.2722834385249355,600.0,400.0,5.0,5.396083349729672,6.69815555866086,6.557909729459217,5.254661472065715,1.7986944499098907,2.23271851955362,2.185969909819739,1.7515538240219048,0.9731164788038275,1.9574240126548357,0.8109959579305723,default
cheap_phys,5,0.2,6.0,1.0,2.0,trap,1,serving_reciprocity+map+rate,3.0,3,6,2,False,0.0009876543209876543,0.009506833036244802,0.0062063615205585725,0.0020987654320987655,0.10388888888888889,0.1591358024691358,0.169320987654321,0.3363042186571598,0.0001234567901234568,0.00011111111111111112,0.03759398496240601,0.03383458646616541,0.0032839506172839504,0.19536423841059603,0.000728395061728395,0.003728395061728395,0.09367309164165988,0.0,0.013765432098765433,0.0009722222222222222,0.0004861111111111111,0.0,0.0,0.0009722222222222222,0.0,0.03476543209876543,1.9652345679012346,1.3449624974998395,600.0,400.0,5.0,5.423335932850391,6.723089349387422,6.613001050958819,5.3473887133150795,1.8077786442834638,2.241029783129141,2.2043336836529397,1.7824629044383598,1.000282397115589,1.964312122578189,0.8039492500247434,default
cheap_phys,6,0.2,6.0,1.0,2.0,trap,1,serving_reciprocity+map+rate,3.0,3,6,2,False,0.0016049382716049382,0.014230979748221127,0.00878972278566599,0.003148148148148148,0.11277777777777778,0.18259259259259258,0.13407407407407407,0.2616310892172961,0.00019753086419753085,6.17283950617284e-05,0.05714285714285714,0.017857142857142856,0.0034567901234567903,0.20909090909090908,0.0008518518518518519,0.004074074074074074,0.10228693184404546,0.0,0.015419753086419753,0.0006944444444444445,0.00034722222222222224,0.0,0.0,0.0006944444444444445,0.0,0.027666666666666666,1.9723333333333333,1.32349908407147,600.0,400.0,5.0,5.4140534108651925,6.714858243582173,6.771271912969076,5.312442601466293,1.8046844702883975,2.2382860811940577,2.2570906376563586,1.7708142004887644,1.0075622293139008,2.0197218869577043,0.8224466670071706,default
cheap_phys,7,0.2,6.0,1.0,2.0,trap,1,serving_reciprocity+map+rate,3.0,3,6,2,False,0.0011111111111111111,0.009488666315234581,0.006779661016949152,0.002345679012345679,0.11709876543209877,0.1638888888888889,0.1385185185185185,0.28518713758566155,0.00013580246913580247,0.0001234567901234568,0.03793103448275862,0.034482758620689655,0.003580246913580247,0.20114942528735633,0.0008641975308641976,0.004296296296296296,0.10091035269677895,0.0,0.014987654320987654,0.0006018518518518519,0.00030092592592592595,0.0,0.0,0.0005864197530864197,1.54320987654321e-05,0.0284320987654321,1.971567901234568,1.40060729148504,600.0,400.0,5.0,5.403742565189801,6.6848746272912685,6.81004897205412,5.169306173143329,1.8012475217299337,2.228291542430423,2.27001632401804,1.723102057714443,1.0055429184573565,2.0351554118662873,0.9675756660290062,default
cheap_phys,8,0.2,6.0,1.0,2.0,trap,1,serving_reciprocity+map+rate,3.0,3,6,2,False,0.0012345679012345679,0.010240655401945725,0.007288629737609329,0.0024691358024691358,0.12055555555555555,0.1693827160493827,0.14376543209876544,0.3051715309779826,0.00020987654320987656,3.7037037037037037e-05,0.07203389830508475,0.012711864406779662,0.00291358024691358,0.21724137931034482,0.0007777777777777777,0.003580246913580247,0.09537449885225803,0.0,0.015024691358024691,0.0012808641975308641,0.0006404320987654321,0.0,0.0,0.0012808641975308641,0.0,0.029962962962962962,1.970037037037037,1.3485344057821003,600.0,400.0,5.0,5.393690921572083,6.716062985529939,6.641696462294681,5.410083779039509,1.797896973857361,2.238687661843313,2.2138988207648937,1.803361259679836,0.9904300107142289,1.979999086479789,0.8587726249825209,default
cheap_phys,9,0.2,6.0,1.0,2.0,trap,1,serving_reciprocity+map+rate,3.0,3,6,2,False,0.0014814814814814814,0.010050251256281407,0.006863025450386045,0.003271604938271605,0.1474074074074074,0.2158641975308642,0.16555555555555557,0.35971524288107204,0.0002469135802469136,0.0001234567901234568,0.07905138339920949,0.039525691699604744,0.003123456790123457,0.3063063063063063,0.0012592592592592592,0.004111111111111111,0.13079013956879992,0.0,0.02034567901234568,0.0006790123456790123,0.00033950617283950616,0.0,0.0,0.0006790123456790123,0.0,0.0337037037037037,1.9662962962962962,1.484110752719444,600.0,400.0,5.0,5.422415322598476,6.696291088574371,6.6804752937907805,5.535019675246978,1.807471774199492,2.2320970295247906,2.22682509793026,1.8450065584156592,1.014685727788178,1.9822116159974164,0.8506532500032336,default
cheap_phys,0,0.2,10.0,0.0,2.0,trap,1,serving_reciprocity+map+rate,3.0,3,6,2,False,0.0012962962962962963,0.0034008097165991904,0.0027357998957790518,0.0032098765432098763,0.38117283950617287,0.47382716049382717,0.6226543209876543,0.8989473684210526,0.00022222222222222223,6.17283950617284e-05,0.06818181818181818,0.01893939393939394,0.003259259259259259,0.2740963855421687,0.0011234567901234568,0.0040987654320987655,0.1276551021415047,0.0,0.02008641975308642,0.0015123456790123457,0.0007561728395061729,0.0,0.0,0.0015123456790123457,0.0,0.12604938271604937,1.8739506172839506,1.3158492336698144,600.0,400.0,5.0,5.3975873028581836,6.7073246240154685,6.611276397879626,5.176871684720679,1.7991957676193946,2.2357748746718227,2.2037587992932086,1.725623894906893,0.9913975786089191,1.968167596164162,0.8065162919228896,default
cheap_phys,1,0.2,10.0,0.0,2.0,trap,1,serving_reciprocity+map+rate,3.0,3,6,2,False,0.0014814814814814814,0.004253810705423609,0.0034183164791340265,0.0027160493827160493,0.3482716049382716,0.43339506172839504,0.5784567901234567,0.923608649415101,0.000345679012345679,9.876543209876543e-05,0.09556313993174062,0.027303754266211604,0.003617283950617284,0.21666666666666667,0.000962962962962963,0.0044444444444444444,0.12160949273614972,0.0,0.01865432098765432,0.0006944444444444445,0.00034722222222222224,0.0,0.0,0.0006944444444444445,0.0,0.1167283950617284,1.8832716049382716,1.3170988189462012,600.0,400.0,5.0,5.4032146769539295,6.695175157541227,6.793666293915166,5.408964210906127,1.801071558984643,2.231725052513742,2.2645554313050553,1.8029880703020424,0.9914552084452658,2.0359832688654342,0.9761027919594198,default
cheap_phys,2,0.2,10.0,0.0,2.0,trap,1,serving_reciprocity+map+rate,3.0,3,6,2,False,0.0013580246913580246,0.003914590747330961,0.0032291207984735063,0.0025308641975308644,0.3469135802469136,0.42055555555555557,0.5333333333333333,0.9030249110320284,0.0002962962962962963,0.00014814814814814815,0.0916030534351145,0.04580152671755725,0.0032345679012345677,0.3425076452599388,0.001382716049382716,0.004037037037037037,0.13596982938746913,0.0,0.02245679012345679,0.0011574074074074073,0.0005787037037037037,0.0,0.0,0.0011574074074074073,0.0,0.10776543209876543,1.8922345679012347,1.335973692083347,600.0,400.0,5.0,5.412043864753278,6.681281438412865,6.657121460672002,5.314134918188104,1.8040146215844257,2.2270938128042883,2.2190404868906675,1.7713783060627013,0.986539725953694,1.9876820801061676,0.7694434170844033,default
cheap_phys,3,0.2,10.0,0.0,2.0,trap,1,serving_reciprocity+map+rate,3.0,3,6,2,False,0.001419753086419753,0.004849251528568416,0.003713870498950428,0.0033950617283950617,0.2927777777777778,0.38228395061728393,0.5669135802469136,0.9125026354627873,0.00020987654320987656,0.0001234567901234568,0.05704697986577181,0.03355704697986577,0.0036790123456790125,0.2188365650969529,0.0009753086419753087,0.00445679012345679,0.12015012289693207,0.0,0.01839506172839506,0.0005709876543209877,0.00028549382716049385,0.0,0.0,0.0005709876543209877,0.0,0.11412345679012345,1.8858765432098765,1.3535159466267614,600.0,400.0,5.0,5.406661549709966,6.7298243920753755,6.914122030312857,5.340468799925379,1.8022205165699887,2.2432747973584584,2.304707343437619,1.780156266641793,1.0001524018891992,2.0763841436233688,0.8986630840227008,default
cheap_phys,4,0.2,10.0,0.0,2.0,trap,1,serving_reciprocity+map+rate,3.0,3,6,2,False,0.0016666666666666668,0.006128007262823422,0.004943244232881728,0.002962962962962963,0.27197530864197533,0.3371604938271605,0.5074074074074074,0.9083068542896051,0.00032098765432098765,0.0001234567901234568,0.08873720136518772,0.034129692832764506,0.003617283950617284,0.2647814910025707,0.001271604938271605,0.004802469135802469,0.14146877752279016,0.0,0.022135802469135803,0.0004938271604938272,0.0002469135802469136,0.0,0.0,0.0004938271604938272,0.0,0.1022716049382716,1.8977283950617283,1.2718176165302482,600.0,400.0,5.0,5.396083349729672,6.69815555866086,6.557909729459217,5.254661472065715,1.7986944499098907,2.23271851955362,2.185969909819739,1.7515538240219048,0.9731164788038275,1.9574240126548357,0.9315846250392497,default
cheap_phys,5,0.2,10.0,0.0,2.0,trap,1,serving_reciprocity+map+rate,3.0,3,6,2,False,0.000925925925925926,0.0035022180714452487,0.0027312454479242534,0.0019753086419753087,0.26438271604938274,0.33901234567901234,0.5230246913580247,0.9488676161568994,0.0001728395061728395,0.00014814814814814815,0.05128205128205128,0.04395604395604396,0.0033703703703703704,0.19536423841059603,0.000728395061728395,0.003728395061728395,0.09395945699522323,0.0,0.013777777777777778,0.0009722222222222222,0.0004861111111111111,0.0,0.0,0.0009722222222222222,0.0,0.10566666666666667,1.8943333333333334,1.343645514762715,600.0,400.0,5.0,5.423335932850391,6.723089349387422,6.613001050958819,5.3473887133150795,1.8077786442834638,2.241029783129141,2.2043336836529397,1.7824629044383598,1.000282397115589,1.964312122578189,0.9281233749352396,default
cheap_phys,6,0.2,10.0,0.0,2.0,trap,1,serving_reciprocity+map+rate,3.0,3,6,2,False,0.0016049382716049382,0.0054313766450804265,0.004257409530047486,0.003148148148148148,0.2954938271604938,0.3769753086419753,0.4845061728395062,0.8734071443492794,0.0002469135802469136,6.17283950617284e-05,0.06872852233676977,0.01718213058419244,0.0035925925925925925,0.21791044776119403,0.0009012345679012346,0.004135802469135802,0.10516766634869333,0.0,0.01562962962962963,0.0006944444444444445,0.00034722222222222224,0.0,0.0,0.0006944444444444445,0.0,0.09793827160493827,1.9020617283950618,1.323524395349003,600.0,400.0,5.0,5.4140534108651925,6.714858243582173,6.771271912969076,5.312442601466293,1.8046844702883975,2.2382860811940577,2.2570906376563586,1.7708142004887644,1.0075622293139008,2.0197218869577043,0.8477508750511333,default
cheap_phys,7,0.2,10.0,0.0,2.0,trap,1,serving_reciprocity+map+rate,3.0,3,6,2,False,0.0011111111111111111,0.0039937874417572666,0.003197158081705151,0.0024691358024691358,0.2782098765432099,0.3475308641975309,0.5169135802469136,0.9185711116041713,0.0002345679012345679,0.00013580246913580247,0.06375838926174497,0.03691275167785235,0.0036790123456790125,0.19596541786743515,0.0008395061728395062,0.00428395061728395,0.10048532173709171,0.0,0.014864197530864197,0.0006018518518518519,0.00030092592592592595,0.0,0.0,0.0005864197530864197,1.54320987654321e-05,0.10418518518518519,1.8958148148148148,1.3977073060573917,600.0,400.0,5.0,5.403742565189801,6.6848746272912685,6.81004897205412,5.169306173143329,1.8012475217299337,2.228291542430423,2.27001632401804,1.723102057714443,1.0055429184573565,2.0351554118662873,0.9304059169953689,default
cheap_phys,8,0.2,10.0,0.0,2.0,trap,1,serving_reciprocity+map+rate,3.0,3,6,2,False,0.0012345679012345679,0.00441696113074205,0.0035650623885918,0.002345679012345679,0.2795061728395062,0.34629629629629627,0.5241358024691358,0.9165194346289752,0.00025925925925925926,3.7037037037037037e-05,0.08898305084745763,0.012711864406779662,0.00291358024691358,0.20921985815602837,0.000728395061728395,0.0034814814814814817,0.09220283987060275,0.0,0.014506172839506172,0.0012808641975308641,0.0006404320987654321,0.0,0.0,0.0012808641975308641,0.0,0.10614814814814814,1.893851851851852,1.3503012706647615,600.0,400.0,5.0,5.393690921572083,6.716062985529939,6.641696462294681,5.410083779039509,1.797896973857361,2.238687661843313,2.2138988207648937,1.803361259679836,0.9904300107142289,1.979999086479789,0.8955749589949846,default
cheap_phys,9,0.2,10.0,0.0,2.0,trap,1,serving_reciprocity+map+rate,3.0,3,6,2,False,0.0013580246913580246,0.004218600191754554,0.0033872209391839878,0.0032098765432098763,0.3219135802469136,0.4009259259259259,0.5476543209876543,0.9142857142857143,0.0002839506172839506,0.00013580246913580247,0.09055118110236221,0.04330708661417323,0.0031358024691358023,0.30994152046783624,0.001308641975308642,0.004222222222222222,0.1315919454780769,0.0,0.02074074074074074,0.0006790123456790123,0.00033950617283950616,0.0,0.0,0.0006790123456790123,0.0,0.11020987654320988,1.8897901234567902,1.4838676088238154,600.0,400.0,5.0,5.422415322598476,6.696291088574371,6.6804752937907805,5.535019675246978,1.807471774199492,2.2320970295247906,2.22682509793026,1.8450065584156592,1.014685727788178,1.9822116159974164,0.9316642500925809,default
cheap_phys,0,0.2,10.0,0.5,2.0,trap,1,serving_reciprocity+map+rate,3.0,3,6,2,False,0.0012962962962962963,0.0034008097165991904,0.0027357998957790518,0.0032098765432098763,0.38117283950617287,0.47382716049382717,0.6226543209876543,0.8989473684210526,0.00022222222222222223,6.17283950617284e-05,0.06818181818181818,0.01893939393939394,0.003259259259259259,0.2740963855421687,0.0011234567901234568,0.0040987654320987655,0.1276551021415047,0.0,0.02008641975308642,0.0015123456790123457,0.0007561728395061729,0.0,0.0,0.0015123456790123457,0.0,0.12604938271604937,1.8739506172839506,1.3158492336698144,600.0,400.0,5.0,5.3975873028581836,6.7073246240154685,6.611276397879626,5.176871684720679,1.7991957676193946,2.2357748746718227,2.2037587992932086,1.725623894906893,0.9913975786089191,1.968167596164162,0.8210352499736473,default
cheap_phys,1,0.2,10.0,0.5,2.0,trap,1,serving_reciprocity+map+rate,3.0,3,6,2,False,0.0014814814814814814,0.004253810705423609,0.0034183164791340265,0.0027160493827160493,0.3482716049382716,0.43339506172839504,0.5784567901234567,0.923608649415101,0.000345679012345679,9.876543209876543e-05,0.09556313993174062,0.027303754266211604,0.003617283950617284,0.21666666666666667,0.000962962962962963,0.0044444444444444444,0.12160949273614972,0.0,0.01865432098765432,0.0006944444444444445,0.00034722222222222224,0.0,0.0,0.0006944444444444445,0.0,0.1167283950617284,1.8832716049382716,1.3170988189462012,600.0,400.0,5.0,5.4032146769539295,6.695175157541227,6.793666293915166,5.408964210906127,1.801071558984643,2.231725052513742,2.2645554313050553,1.8029880703020424,0.9914552084452658,2.0359832688654342,0.7159881669795141,default
cheap_phys,2,0.2,10.0,0.5,2.0,trap,1,serving_reciprocity+map+rate,3.0,3,6,2,False,0.0013580246913580246,0.003914590747330961,0.0032291207984735063,0.0025308641975308644,0.3469135802469136,0.42055555555555557,0.5333333333333333,0.9030249110320284,0.0002962962962962963,0.00014814814814814815,0.0916030534351145,0.04580152671755725,0.0032345679012345677,0.3425076452599388,0.001382716049382716,0.004037037037037037,0.13596982938746913,0.0,0.02245679012345679,0.0011574074074074073,0.0005787037037037037,0.0,0.0,0.0011574074074074073,0.0,0.10776543209876543,1.8922345679012347,1.335973692083347,600.0,400.0,5.0,5.412043864753278,6.681281438412865,6.657121460672002,5.314134918188104,1.8040146215844257,2.2270938128042883,2.2190404868906675,1.7713783060627013,0.986539725953694,1.9876820801061676,0.8912791669135913,default
cheap_phys,3,0.2,10.0,0.5,2.0,trap,1,serving_reciprocity+map+rate,3.0,3,6,2,False,0.001419753086419753,0.004849251528568416,0.003713870498950428,0.0033950617283950617,0.2927777777777778,0.38228395061728393,0.5669135802469136,0.9125026354627873,0.00020987654320987656,0.0001234567901234568,0.05704697986577181,0.03355704697986577,0.0036790123456790125,0.2188365650969529,0.0009753086419753087,0.00445679012345679,0.12015012289693207,0.0,0.01839506172839506,0.0005709876543209877,0.00028549382716049385,0.0,0.0,0.0005709876543209877,0.0,0.11412345679012345,1.8858765432098765,1.3535159466267614,600.0,400.0,5.0,5.406661549709966,6.7298243920753755,6.914122030312857,5.340468799925379,1.8022205165699887,2.2432747973584584,2.304707343437619,1.780156266641793,1.0001524018891992,2.0763841436233688,0.8958812919445336,default
cheap_phys,4,0.2,10.0,0.5,2.0,trap,1,serving_reciprocity+map+rate,3.0,3,6,2,False,0.0016666666666666668,0.006128007262823422,0.004943244232881728,0.002962962962962963,0.27197530864197533,0.3371604938271605,0.5074074074074074,0.9083068542896051,0.00032098765432098765,0.0001234567901234568,0.08873720136518772,0.034129692832764506,0.003617283950617284,0.2647814910025707,0.001271604938271605,0.004802469135802469,0.14146877752279016,0.0,0.022135802469135803,0.0004938271604938272,0.0002469135802469136,0.0,0.0,0.0004938271604938272,0.0,0.1022716049382716,1.8977283950617283,1.2718176165302482,600.0,400.0,5.0,5.396083349729672,6.69815555866086,6.557909729459217,5.254661472065715,1.7986944499098907,2.23271851955362,2.185969909819739,1.7515538240219048,0.9731164788038275,1.9574240126548357,0.8907601250102744,default
cheap_phys,5,0.2,10.0,0.5,2.0,trap,1,serving_reciprocity+map+rate,3.0,3,6,2,False,0.000925925925925926,0.0035022180714452487,0.0027312454479242534,0.0019753086419753087,0.26438271604938274,0.33901234567901234,0.5230246913580247,0.9488676161568994,0.0001728395061728395,0.00014814814814814815,0.05128205128205128,0.04395604395604396,0.0033703703703703704,0.19536423841059603,0.000728395061728395,0.003728395061728395,0.09395945699522323,0.0,0.013777777777777778,0.0009722222222222222,0.0004861111111111111,0.0,0.0,0.0009722222222222222,0.0,0.10566666666666667,1.8943333333333334,1.343645514762715,600.0,400.0,5.0,5.423335932850391,6.723089349387422,6.613001050958819,5.3473887133150795,1.8077786442834638,2.241029783129141,2.2043336836529397,1.7824629044383598,1.000282397115589,1.964312122578189,0.9002027499955148,default
cheap_phys,6,0.2,10.0,0.5,2.0,trap,1,serving_reciprocity+map+rate,3.0,3,6,2,False,0.0016049382716049382,0.0054313766450804265,0.004257409530047486,0.003148148148148148,0.2954938271604938,0.3769753086419753,0.4845061728395062,0.8734071443492794,0.0002469135802469136,6.17283950617284e-05,0.06872852233676977,0.01718213058419244,0.0035925925925925925,0.21791044776119403,0.0009012345679012346,0.004135802469135802,0.10516766634869333,0.0,0.01562962962962963,0.0006944444444444445,0.00034722222222222224,0.0,0.0,0.0006944444444444445,0.0,0.09793827160493827,1.9020617283950618,1.323524395349003,600.0,400.0,5.0,5.4140534108651925,6.714858243582173,6.771271912969076,5.312442601466293,1.8046844702883975,2.2382860811940577,2.2570906376563586,1.7708142004887644,1.0075622293139008,2.0197218869577043,0.9830164579907432,default
cheap_phys,7,0.2,10.0,0.5,2.0,trap,1,serving_reciprocity+map+rate,3.0,3,6,2,False,0.0011111111111111111,0.0039937874417572666,0.003197158081705151,0.0024691358024691358,0.2782098765432099,0.3475308641975309,0.5169135802469136,0.9185711116041713,0.0002345679012345679,0.00013580246913580247,0.06375838926174497,0.03691275167785235,0.0036790123456790125,0.19596541786743515,0.0008395061728395062,0.00428395061728395,0.10048532173709171,0.0,0.014864197530864197,0.0006018518518518519,0.00030092592592592595,0.0,0.0,0.0005864197530864197,1.54320987654321e-05,0.10418518518518519,1.8958148148148148,1.3977073060573917,600.0,400.0,5.0,5.403742565189801,6.6848746272912685,6.81004897205412,5.169306173143329,1.8012475217299337,2.228291542430423,2.27001632401804,1.723102057714443,1.0055429184573565,2.0351554118662873,0.9621556249912828,default
cheap_phys,8,0.2,10.0,0.5,2.0,trap,1,serving_reciprocity+map+rate,3.0,3,6,2,False,0.0012345679012345679,0.00441696113074205,0.0035650623885918,0.002345679012345679,0.2795061728395062,0.34629629629629627,0.5241358024691358,0.9165194346289752,0.00025925925925925926,3.7037037037037037e-05,0.08898305084745763,0.012711864406779662,0.00291358024691358,0.20921985815602837,0.000728395061728395,0.0034814814814814817,0.09220283987060275,0.0,0.014506172839506172,0.0012808641975308641,0.0006404320987654321,0.0,0.0,0.0012808641975308641,0.0,0.10614814814814814,1.893851851851852,1.3503012706647615,600.0,400.0,5.0,5.393690921572083,6.716062985529939,6.641696462294681,5.410083779039509,1.797896973857361,2.238687661843313,2.2138988207648937,1.803361259679836,0.9904300107142289,1.979999086479789,0.9285164999309927,default
cheap_phys,9,0.2,10.0,0.5,2.0,trap,1,serving_reciprocity+map+rate,3.0,3,6,2,False,0.0013580246913580246,0.004218600191754554,0.0033872209391839878,0.0032098765432098763,0.3219135802469136,0.4009259259259259,0.5476543209876543,0.9142857142857143,0.0002839506172839506,0.00013580246913580247,0.09055118110236221,0.04330708661417323,0.0031358024691358023,0.30994152046783624,0.001308641975308642,0.004222222222222222,0.1315919454780769,0.0,0.02074074074074074,0.0006790123456790123,0.00033950617283950616,0.0,0.0,0.0006790123456790123,0.0,0.11020987654320988,1.8897901234567902,1.4838676088238154,600.0,400.0,5.0,5.422415322598476,6.696291088574371,6.6804752937907805,5.535019675246978,1.807471774199492,2.2320970295247906,2.22682509793026,1.8450065584156592,1.014685727788178,1.9822116159974164,0.9968922919360921,default
cheap_phys,0,0.2,10.0,1.0,2.0,trap,1,serving_reciprocity+map+rate,3.0,3,6,2,False,0.0012962962962962963,0.0034008097165991904,0.0027357998957790518,0.0032098765432098763,0.38117283950617287,0.47382716049382717,0.6226543209876543,0.8989473684210526,0.00022222222222222223,6.17283950617284e-05,0.06818181818181818,0.01893939393939394,0.003259259259259259,0.2740963855421687,0.0011234567901234568,0.0040987654320987655,0.1276551021415047,0.0,0.02008641975308642,0.0015123456790123457,0.0007561728395061729,0.0,0.0,0.0015123456790123457,0.0,0.12604938271604937,1.8739506172839506,1.3158492336698144,600.0,400.0,5.0,5.3975873028581836,6.7073246240154685,6.611276397879626,5.176871684720679,1.7991957676193946,2.2357748746718227,2.2037587992932086,1.725623894906893,0.9913975786089191,1.968167596164162,0.7913009579060599,default
cheap_phys,1,0.2,10.0,1.0,2.0,trap,1,serving_reciprocity+map+rate,3.0,3,6,2,False,0.0014814814814814814,0.004253810705423609,0.0034183164791340265,0.0027160493827160493,0.3482716049382716,0.43339506172839504,0.5784567901234567,0.923608649415101,0.000345679012345679,9.876543209876543e-05,0.09556313993174062,0.027303754266211604,0.003617283950617284,0.21666666666666667,0.000962962962962963,0.0044444444444444444,0.12160949273614972,0.0,0.01865432098765432,0.0006944444444444445,0.00034722222222222224,0.0,0.0,0.0006944444444444445,0.0,0.1167283950617284,1.8832716049382716,1.3170988189462012,600.0,400.0,5.0,5.4032146769539295,6.695175157541227,6.793666293915166,5.408964210906127,1.801071558984643,2.231725052513742,2.2645554313050553,1.8029880703020424,0.9914552084452658,2.0359832688654342,0.9113317499868572,default
cheap_phys,2,0.2,10.0,1.0,2.0,trap,1,serving_reciprocity+map+rate,3.0,3,6,2,False,0.0013580246913580246,0.003914590747330961,0.0032291207984735063,0.0025308641975308644,0.3469135802469136,0.42055555555555557,0.5333333333333333,0.9030249110320284,0.0002962962962962963,0.00014814814814814815,0.0916030534351145,0.04580152671755725,0.0032345679012345677,0.3425076452599388,0.001382716049382716,0.004037037037037037,0.13596982938746913,0.0,0.02245679012345679,0.0011574074074074073,0.0005787037037037037,0.0,0.0,0.0011574074074074073,0.0,0.10776543209876543,1.8922345679012347,1.335973692083347,600.0,400.0,5.0,5.412043864753278,6.681281438412865,6.657121460672002,5.314134918188104,1.8040146215844257,2.2270938128042883,2.2190404868906675,1.7713783060627013,0.986539725953694,1.9876820801061676,0.9094478749902919,default
cheap_phys,3,0.2,10.0,1.0,2.0,trap,1,serving_reciprocity+map+rate,3.0,3,6,2,False,0.001419753086419753,0.004849251528568416,0.003713870498950428,0.0033950617283950617,0.2927777777777778,0.38228395061728393,0.5669135802469136,0.9125026354627873,0.00020987654320987656,0.0001234567901234568,0.05704697986577181,0.03355704697986577,0.0036790123456790125,0.2188365650969529,0.0009753086419753087,0.00445679012345679,0.12015012289693207,0.0,0.01839506172839506,0.0005709876543209877,0.00028549382716049385,0.0,0.0,0.0005709876543209877,0.0,0.11412345679012345,1.8858765432098765,1.3535159466267614,600.0,400.0,5.0,5.406661549709966,6.7298243920753755,6.914122030312857,5.340468799925379,1.8022205165699887,2.2432747973584584,2.304707343437619,1.780156266641793,1.0001524018891992,2.0763841436233688,0.9116168330656365,default
cheap_phys,4,0.2,10.0,1.0,2.0,trap,1,serving_reciprocity+map+rate,3.0,3,6,2,False,0.0016666666666666668,0.006128007262823422,0.004943244232881728,0.002962962962962963,0.27197530864197533,0.3371604938271605,0.5074074074074074,0.9083068542896051,0.00032098765432098765,0.0001234567901234568,0.08873720136518772,0.034129692832764506,0.003617283950617284,0.2647814910025707,0.001271604938271605,0.004802469135802469,0.14146877752279016,0.0,0.022135802469135803,0.0004938271604938272,0.0002469135802469136,0.0,0.0,0.0004938271604938272,0.0,0.1022716049382716,1.8977283950617283,1.2718176165302482,600.0,400.0,5.0,5.396083349729672,6.69815555866086,6.557909729459217,5.254661472065715,1.7986944499098907,2.23271851955362,2.185969909819739,1.7515538240219048,0.9731164788038275,1.9574240126548357,0.89257341704797,default
cheap_phys,5,0.2,10.0,1.0,2.0,trap,1,serving_reciprocity+map+rate,3.0,3,6,2,False,0.000925925925925926,0.0035022180714452487,0.0027312454479242534,0.0019753086419753087,0.26438271604938274,0.33901234567901234,0.5230246913580247,0.9488676161568994,0.0001728395061728395,0.00014814814814814815,0.05128205128205128,0.04395604395604396,0.0033703703703703704,0.19536423841059603,0.000728395061728395,0.003728395061728395,0.09395945699522323,0.0,0.013777777777777778,0.0009722222222222222,0.0004861111111111111,0.0,0.0,0.0009722222222222222,0.0,0.10566666666666667,1.8943333333333334,1.343645514762715,600.0,400.0,5.0,5.423335932850391,6.723089349387422,6.613001050958819,5.3473887133150795,1.8077786442834638,2.241029783129141,2.2043336836529397,1.7824629044383598,1.000282397115589,1.964312122578189,0.8857298749499023,default
cheap_phys,6,0.2,10.0,1.0,2.0,trap,1,serving_reciprocity+map+rate,3.0,3,6,2,False,0.0016049382716049382,0.0054313766450804265,0.004257409530047486,0.003148148148148148,0.2954938271604938,0.3769753086419753,0.4845061728395062,0.8734071443492794,0.0002469135802469136,6.17283950617284e-05,0.06872852233676977,0.01718213058419244,0.0035925925925925925,0.21791044776119403,0.0009012345679012346,0.004135802469135802,0.10516766634869333,0.0,0.01562962962962963,0.0006944444444444445,0.00034722222222222224,0.0,0.0,0.0006944444444444445,0.0,0.09793827160493827,1.9020617283950618,1.323524395349003,600.0,400.0,5.0,5.4140534108651925,6.714858243582173,6.771271912969076,5.312442601466293,1.8046844702883975,2.2382860811940577,2.2570906376563586,1.7708142004887644,1.0075622293139008,2.0197218869577043,0.9361877499613911,default
cheap_phys,7,0.2,10.0,1.0,2.0,trap,1,serving_reciprocity+map+rate,3.0,3,6,2,False,0.0011111111111111111,0.0039937874417572666,0.003197158081705151,0.0024691358024691358,0.2782098765432099,0.3475308641975309,0.5169135802469136,0.9185711116041713,0.0002345679012345679,0.00013580246913580247,0.06375838926174497,0.03691275167785235,0.0036790123456790125,0.19596541786743515,0.0008395061728395062,0.00428395061728395,0.10048532173709171,0.0,0.014864197530864197,0.0006018518518518519,0.00030092592592592595,0.0,0.0,0.0005864197530864197,1.54320987654321e-05,0.10418518518518519,1.8958148148148148,1.3977073060573917,600.0,400.0,5.0,5.403742565189801,6.6848746272912685,6.81004897205412,5.169306173143329,1.8012475217299337,2.228291542430423,2.27001632401804,1.723102057714443,1.0055429184573565,2.0351554118662873,0.8470294589642435,default
cheap_phys,8,0.2,10.0,1.0,2.0,trap,1,serving_reciprocity+map+rate,3.0,3,6,2,False,0.0012345679012345679,0.00441696113074205,0.0035650623885918,0.002345679012345679,0.2795061728395062,0.34629629629629627,0.5241358024691358,0.9165194346289752,0.00025925925925925926,3.7037037037037037e-05,0.08898305084745763,0.012711864406779662,0.00291358024691358,0.20921985815602837,0.000728395061728395,0.0034814814814814817,0.09220283987060275,0.0,0.014506172839506172,0.0012808641975308641,0.0006404320987654321,0.0,0.0,0.0012808641975308641,0.0,0.10614814814814814,1.893851851851852,1.3503012706647615,600.0,400.0,5.0,5.393690921572083,6.716062985529939,6.641696462294681,5.410083779039509,1.797896973857361,2.238687661843313,2.2138988207648937,1.803361259679836,0.9904300107142289,1.979999086479789,0.9678163330536336,default
cheap_phys,9,0.2,10.0,1.0,2.0,trap,1,serving_reciprocity+map+rate,3.0,3,6,2,False,0.0013580246913580246,0.004218600191754554,0.0033872209391839878,0.0032098765432098763,0.3219135802469136,0.4009259259259259,0.5476543209876543,0.9142857142857143,0.0002839506172839506,0.00013580246913580247,0.09055118110236221,0.04330708661417323,0.0031358024691358023,0.30994152046783624,0.001308641975308642,0.004222222222222222,0.1315919454780769,0.0,0.02074074074074074,0.0006790123456790123,0.00033950617283950616,0.0,0.0,0.0006790123456790123,0.0,0.11020987654320988,1.8897901234567902,1.4838676088238154,600.0,400.0,5.0,5.422415322598476,6.696291088574371,6.6804752937907805,5.535019675246978,1.807471774199492,2.2320970295247906,2.22682509793026,1.8450065584156592,1.014685727788178,1.9822116159974164,1.0890118750976399,default
cheap_phys,0,0.2,15.0,0.0,2.0,trap,1,serving_reciprocity+map+rate,3.0,3,6,2,False,0.0012962962962962963,0.0019331676332504833,0.0017316731260822956,0.0032098765432098763,0.6705555555555556,0.7485802469135803,0.7219135802469135,0.997698609960416,0.0002345679012345679,6.17283950617284e-05,0.07142857142857142,0.018796992481203006,0.0032839506172839504,0.27627627627627627,0.0011358024691358025,0.004111111111111111,0.12883675223033075,0.0,0.02022222222222222,0.0015123456790123457,0.0007561728395061729,0.0,0.0,0.0015123456790123457,0.0,0.14590123456790124,1.8540987654320988,1.3160923584757096,600.0,400.0,5.0,5.3975873028581836,6.7073246240154685,6.611276397879626,5.176871684720679,1.7991957676193946,2.2357748746718227,2.2037587992932086,1.725623894906893,0.9913975786089191,1.968167596164162,0.7948679169639945,default
cheap_phys,1,0.2,15.0,0.0,2.0,trap,1,serving_reciprocity+map+rate,3.0,3,6,2,False,0.001419753086419753,0.0023674729799279463,0.002090149036713922,0.0027160493827160493,0.5996913580246913,0.6792592592592592,0.6500617283950617,0.9957797220792589,0.000345679012345679,9.876543209876543e-05,0.09523809523809523,0.027210884353741496,0.00362962962962963,0.21508379888268156,0.0009506172839506173,0.004419753086419753,0.12109543847709489,0.0,0.0185679012345679,0.0006944444444444445,0.00034722222222222224,0.0,0.0,0.0006944444444444445,0.0,0.13104938271604938,1.8689506172839505,1.317213368168622,600.0,400.0,5.0,5.4032146769539295,6.695175157541227,6.793666293915166,5.408964210906127,1.801071558984643,2.231725052513742,2.2645554313050553,1.8029880703020424,0.9914552084452658,2.0359832688654342,0.8641457080375403,default
cheap_phys,2,0.2,15.0,0.0,2.0,trap,1,serving_reciprocity+map+rate,3.0,3,6,2,False,0.0013580246913580246,0.0023750404836446076,0.0021436227224008574,0.0025308641975308644,0.5717901234567901,0.6335185185185185,0.6124691358024691,0.9977329159019755,0.0002962962962962963,0.00014814814814814815,0.0916030534351145,0.04580152671755725,0.0032345679012345677,0.3394495412844037,0.0013703703703703703,0.004037037037037037,0.13536850570755804,0.0,0.022320987654320987,0.0011574074074074073,0.0005787037037037037,0.0,0.0,0.0011574074074074073,0.0,0.12360493827160494,1.876395061728395,1.3360325717647041,600.0,400.0,5.0,5.412043864753278,6.681281438412865,6.657121460672002,5.314134918188104,1.8040146215844257,2.2270938128042883,2.2190404868906675,1.7713783060627013,0.986539725953694,1.9876820801061676,0.8183869579806924,default
cheap_phys,3,0.2,15.0,0.0,2.0,trap,1,serving_reciprocity+map+rate,3.0,3,6,2,False,0.001419753086419753,0.00249025552187094,0.0021149425287356324,0.0033950617283950617,0.5701234567901234,0.6712962962962963,0.6318518518518519,0.9939367691641403,0.00022222222222222223,0.00013580246913580247,0.059800664451827246,0.036544850498338874,0.0037160493827160493,0.2188365650969529,0.0009753086419753087,0.00445679012345679,0.12093705742419605,0.0,0.018382716049382717,0.0005709876543209877,0.00028549382716049385,0.0,0.0,0.0005709876543209877,0.0,0.12711111111111112,1.8728888888888888,1.3533504552263123,600.0,400.0,5.0,5.406661549709966,6.7298243920753755,6.914122030312857,5.340468799925379,1.8022205165699887,2.2432747973584584,2.304707343437619,1.780156266641793,1.0001524018891992,2.0763841436233688,0.9084149580448866,default
cheap_phys,4,0.2,15.0,0.0,2.0,trap,1,serving_reciprocity+map+rate,3.0,3,6,2,False,0.0016666666666666668,0.0031486880466472305,0.002739448051948052,0.002962962962962963,0.529320987654321,0.6083950617283951,0.5799382716049383,0.9949854227405248,0.0003333333333333333,0.0001234567901234568,0.09183673469387756,0.034013605442176874,0.00362962962962963,0.26288659793814434,0.0012592592592592592,0.004790123456790123,0.1410023548635642,0.0,0.022098765432098766,0.0004938271604938272,0.0002469135802469136,0.0,0.0,0.0004938271604938272,0.0,0.11681481481481482,1.8831851851851853,1.2719710139009832,600.0,400.0,5.0,5.396083349729672,6.69815555866086,6.557909729459217,5.254661472065715,1.7986944499098907,2.23271851955362,2.185969909819739,1.7515538240219048,0.9731164788038275,1.9574240126548357,0.9037490419577807,default
cheap_phys,5,0.2,15.0,0.0,2.0,trap,1,serving_reciprocity+map+rate,3.0,3,6,2,False,0.000925925925925926,0.0017906171660498984,0.0015298317185109638,0.0019135802469135803,0.5170987654320988,0.605246913580247,0.5701234567901234,0.9965381401456369,0.0001728395061728395,0.00013580246913580247,0.051470588235294115,0.04044117647058824,0.003358024691358025,0.19333333333333333,0.0007160493827160494,0.003703703703703704,0.09243038702349614,0.0,0.013567901234567902,0.0009722222222222222,0.0004861111111111111,0.0,0.0,0.0009722222222222222,0.0,0.11508641975308642,1.8849135802469137,1.3438759674740453,600.0,400.0,5.0,5.423335932850391,6.723089349387422,6.613001050958819,5.3473887133150795,1.8077786442834638,2.241029783129141,2.2043336836529397,1.7824629044383598,1.000282397115589,1.964312122578189,0.9338997079757974,default
cheap_phys,6,0.2,15.0,0.0,2.0,trap,1,serving_reciprocity+map+rate,3.0,3,6,2,False,0.0016049382716049382,0.0031423737007493352,0.0026798598227169654,0.003148148148148148,0.5107407407407407,0.5988888888888889,0.5676543209876543,0.9956490210297317,0.00027160493827160494,7.407407407407407e-05,0.07560137457044673,0.020618556701030927,0.0035925925925925925,0.20783132530120482,0.0008518518518518519,0.0040987654320987655,0.1020749883069118,0.0,0.015246913580246914,0.0006944444444444445,0.00034722222222222224,0.0,0.0,0.0006944444444444445,0.0,0.1145679012345679,1.885432098765432,1.323794139988819,600.0,400.0,5.0,5.4140534108651925,6.714858243582173,6.771271912969076,5.312442601466293,1.8046844702883975,2.2382860811940577,2.2570906376563586,1.7708142004887644,1.0075622293139008,2.0197218869577043,0.955209165927954,default
cheap_phys,7,0.2,15.0,0.0,2.0,trap,1,serving_reciprocity+map+rate,3.0,3,6,2,False,0.0011111111111111111,0.0021015761821366026,0.0018572018159306646,0.0024691358024691358,0.5287037037037037,0.5982716049382716,0.5716666666666667,0.9978984238178634,0.0002345679012345679,0.00013580246913580247,0.06375838926174497,0.03691275167785235,0.0036790123456790125,0.19653179190751446,0.0008395061728395062,0.0042716049382716045,0.10019168124547961,0.0,0.014839506172839505,0.0006018518518518519,0.00030092592592592595,0.0,0.0,0.0005864197530864197,1.54320987654321e-05,0.11513580246913581,1.8848641975308642,1.397987787598589,600.0,400.0,5.0,5.403742565189801,6.6848746272912685,6.81004897205412,5.169306173143329,1.8012475217299337,2.228291542430423,2.27001632401804,1.723102057714443,1.0055429184573565,2.0351554118662873,0.9859732500044629,default
cheap_phys,8,0.2,15.0,0.0,2.0,trap,1,serving_reciprocity+map+rate,3.0,3,6,2,False,0.0012345679012345679,0.0022264276967605477,0.0019408054342552159,0.002283950617283951,0.5545061728395062,0.6361111111111111,0.6040740740740741,0.9969943226093733,0.00027160493827160494,3.7037037037037037e-05,0.09322033898305085,0.012711864406779662,0.00291358024691358,0.21071428571428572,0.000728395061728395,0.0034567901234567903,0.09238117880423029,0.0,0.014493827160493827,0.0012808641975308641,0.0006404320987654321,0.0,0.0,0.0012808641975308641,0.0,0.12214814814814814,1.8778518518518519,1.3504353252071557,600.0,400.0,5.0,5.393690921572083,6.716062985529939,6.641696462294681,5.410083779039509,1.797896973857361,2.238687661843313,2.2138988207648937,1.803361259679836,0.9904300107142289,1.979999086479789,0.8850093330256641,default
cheap_phys,9,0.2,15.0,0.0,2.0,trap,1,serving_reciprocity+map+rate,3.0,3,6,2,False,0.0013580246913580246,0.002231905622276544,0.0020630157539384846,0.0032098765432098763,0.5808024691358025,0.6582716049382716,0.6320370370370371,0.9957487511956638,0.0002962962962962963,0.00013580246913580247,0.09302325581395349,0.04263565891472868,0.003185185185185185,0.31671554252199413,0.0013333333333333333,0.004209876543209877,0.1324051295513205,0.0,0.020888888888888887,0.0006790123456790123,0.00033950617283950616,0.0,0.0,0.0006790123456790123,0.0,0.12708641975308643,1.8729135802469137,1.4842363691194258,600.0,400.0,5.0,5.422415322598476,6.696291088574371,6.6804752937907805,5.535019675246978,1.807471774199492,2.2320970295247906,2.22682509793026,1.8450065584156592,1.014685727788178,1.9822116159974164,0.9625475419452414,default
cheap_phys,0,0.2,15.0,0.5,2.0,trap,1,serving_reciprocity+map+rate,3.0,3,6,2,False,0.0012962962962962963,0.0019331676332504833,0.0017316731260822956,0.0032098765432098763,0.6705555555555556,0.7485802469135803,0.7219135802469135,0.997698609960416,0.0002345679012345679,6.17283950617284e-05,0.07142857142857142,0.018796992481203006,0.0032839506172839504,0.27627627627627627,0.0011358024691358025,0.004111111111111111,0.12883675223033075,0.0,0.02022222222222222,0.0015123456790123457,0.0007561728395061729,0.0,0.0,0.0015123456790123457,0.0,0.14590123456790124,1.8540987654320988,1.3160923584757096,600.0,400.0,5.0,5.3975873028581836,6.7073246240154685,6.611276397879626,5.176871684720679,1.7991957676193946,2.2357748746718227,2.2037587992932086,1.725623894906893,0.9913975786089191,1.968167596164162,0.7269894999917597,default
cheap_phys,1,0.2,15.0,0.5,2.0,trap,1,serving_reciprocity+map+rate,3.0,3,6,2,False,0.001419753086419753,0.0023674729799279463,0.002090149036713922,0.0027160493827160493,0.5996913580246913,0.6792592592592592,0.6500617283950617,0.9957797220792589,0.000345679012345679,9.876543209876543e-05,0.09523809523809523,0.027210884353741496,0.00362962962962963,0.21508379888268156,0.0009506172839506173,0.004419753086419753,0.12109543847709489,0.0,0.0185679012345679,0.0006944444444444445,0.00034722222222222224,0.0,0.0,0.0006944444444444445,0.0,0.13104938271604938,1.8689506172839505,1.317213368168622,600.0,400.0,5.0,5.4032146769539295,6.695175157541227,6.793666293915166,5.408964210906127,1.801071558984643,2.231725052513742,2.2645554313050553,1.8029880703020424,0.9914552084452658,2.0359832688654342,0.833952333079651,default
cheap_phys,2,0.2,15.0,0.5,2.0,trap,1,serving_reciprocity+map+rate,3.0,3,6,2,False,0.0013580246913580246,0.0023750404836446076,0.0021436227224008574,0.0025308641975308644,0.5717901234567901,0.6335185185185185,0.6124691358024691,0.9977329159019755,0.0002962962962962963,0.00014814814814814815,0.0916030534351145,0.04580152671755725,0.0032345679012345677,0.3394495412844037,0.0013703703703703703,0.004037037037037037,0.13536850570755804,0.0,0.022320987654320987,0.0011574074074074073,0.0005787037037037037,0.0,0.0,0.0011574074074074073,0.0,0.12360493827160494,1.876395061728395,1.3360325717647041,600.0,400.0,5.0,5.412043864753278,6.681281438412865,6.657121460672002,5.314134918188104,1.8040146215844257,2.2270938128042883,2.2190404868906675,1.7713783060627013,0.986539725953694,1.9876820801061676,0.8945154169341549,default
cheap_phys,3,0.2,15.0,0.5,2.0,trap,1,serving_reciprocity+map+rate,3.0,3,6,2,False,0.001419753086419753,0.00249025552187094,0.0021149425287356324,0.0033950617283950617,0.5701234567901234,0.6712962962962963,0.6318518518518519,0.9939367691641403,0.00022222222222222223,0.00013580246913580247,0.059800664451827246,0.036544850498338874,0.0037160493827160493,0.2188365650969529,0.0009753086419753087,0.00445679012345679,0.12093705742419605,0.0,0.018382716049382717,0.0005709876543209877,0.00028549382716049385,0.0,0.0,0.0005709876543209877,0.0,0.12711111111111112,1.8728888888888888,1.3533504552263123,600.0,400.0,5.0,5.406661549709966,6.7298243920753755,6.914122030312857,5.340468799925379,1.8022205165699887,2.2432747973584584,2.304707343437619,1.780156266641793,1.0001524018891992,2.0763841436233688,0.8961771669564769,default
cheap_phys,4,0.2,15.0,0.5,2.0,trap,1,serving_reciprocity+map+rate,3.0,3,6,2,False,0.0016666666666666668,0.0031486880466472305,0.002739448051948052,0.002962962962962963,0.529320987654321,0.6083950617283951,0.5799382716049383,0.9949854227405248,0.0003333333333333333,0.0001234567901234568,0.09183673469387756,0.034013605442176874,0.00362962962962963,0.26288659793814434,0.0012592592592592592,0.004790123456790123,0.1410023548635642,0.0,0.022098765432098766,0.0004938271604938272,0.0002469135802469136,0.0,0.0,0.0004938271604938272,0.0,0.11681481481481482,1.8831851851851853,1.2719710139009832,600.0,400.0,5.0,5.396083349729672,6.69815555866086,6.557909729459217,5.254661472065715,1.7986944499098907,2.23271851955362,2.185969909819739,1.7515538240219048,0.9731164788038275,1.9574240126548357,0.9081007079221308,default
cheap_phys,5,0.2,15.0,0.5,2.0,trap,1,serving_reciprocity+map+rate,3.0,3,6,2,False,0.000925925925925926,0.0017906171660498984,0.0015298317185109638,0.0019135802469135803,0.5170987654320988,0.605246913580247,0.5701234567901234,0.9965381401456369,0.0001728395061728395,0.00013580246913580247,0.051470588235294115,0.04044117647058824,0.003358024691358025,0.19333333333333333,0.0007160493827160494,0.003703703703703704,0.09243038702349614,0.0,0.013567901234567902,0.0009722222222222222,0.0004861111111111111,0.0,0.0,0.0009722222222222222,0.0,0.11508641975308642,1.8849135802469137,1.3438759674740453,600.0,400.0,5.0,5.423335932850391,6.723089349387422,6.613001050958819,5.3473887133150795,1.8077786442834638,2.241029783129141,2.2043336836529397,1.7824629044383598,1.000282397115589,1.964312122578189,0.9337882079416886,default
cheap_phys,6,0.2,15.0,0.5,2.0,trap,1,serving_reciprocity+map+rate,3.0,3,6,2,False,0.0016049382716049382,0.0031423737007493352,0.0026798598227169654,0.003148148148148148,0.5107407407407407,0.5988888888888889,0.5676543209876543,0.9956490210297317,0.00027160493827160494,7.407407407407407e-05,0.07560137457044673,0.020618556701030927,0.0035925925925925925,0.20783132530120482,0.0008518518518518519,0.0040987654320987655,0.1020749883069118,0.0,0.015246913580246914,0.0006944444444444445,0.00034722222222222224,0.0,0.0,0.0006944444444444445,0.0,0.1145679012345679,1.885432098765432,1.323794139988819,600.0,400.0,5.0,5.4140534108651925,6.714858243582173,6.771271912969076,5.312442601466293,1.8046844702883975,2.2382860811940577,2.2570906376563586,1.7708142004887644,1.0075622293139008,2.0197218869577043,0.9251360830385238,default
cheap_phys,7,0.2,15.0,0.5,2.0,trap,1,serving_reciprocity+map+rate,3.0,3,6,2,False,0.0011111111111111111,0.0021015761821366026,0.0018572018159306646,0.0024691358024691358,0.5287037037037037,0.5982716049382716,0.5716666666666667,0.9978984238178634,0.0002345679012345679,0.00013580246913580247,0.06375838926174497,0.03691275167785235,0.0036790123456790125,0.19653179190751446,0.0008395061728395062,0.0042716049382716045,0.10019168124547961,0.0,0.014839506172839505,0.0006018518518518519,0.00030092592592592595,0.0,0.0,0.0005864197530864197,1.54320987654321e-05,0.11513580246913581,1.8848641975308642,1.397987787598589,600.0,400.0,5.0,5.403742565189801,6.6848746272912685,6.81004897205412,5.169306173143329,1.8012475217299337,2.228291542430423,2.27001632401804,1.723102057714443,1.0055429184573565,2.0351554118662873,0.950870499946177,default
cheap_phys,8,0.2,15.0,0.5,2.0,trap,1,serving_reciprocity+map+rate,3.0,3,6,2,False,0.0012345679012345679,0.0022264276967605477,0.0019408054342552159,0.002283950617283951,0.5545061728395062,0.6361111111111111,0.6040740740740741,0.9969943226093733,0.00027160493827160494,3.7037037037037037e-05,0.09322033898305085,0.012711864406779662,0.00291358024691358,0.21071428571428572,0.000728395061728395,0.0034567901234567903,0.09238117880423029,0.0,0.014493827160493827,0.0012808641975308641,0.0006404320987654321,0.0,0.0,0.0012808641975308641,0.0,0.12214814814814814,1.8778518518518519,1.3504353252071557,600.0,400.0,5.0,5.393690921572083,6.716062985529939,6.641696462294681,5.410083779039509,1.797896973857361,2.238687661843313,2.2138988207648937,1.803361259679836,0.9904300107142289,1.979999086479789,1.1289943339070305,default
cheap_phys,9,0.2,15.0,0.5,2.0,trap,1,serving_reciprocity+map+rate,3.0,3,6,2,False,0.0013580246913580246,0.002231905622276544,0.0020630157539384846,0.0032098765432098763,0.5808024691358025,0.6582716049382716,0.6320370370370371,0.9957487511956638,0.0002962962962962963,0.00013580246913580247,0.09302325581395349,0.04263565891472868,0.003185185185185185,0.31671554252199413,0.0013333333333333333,0.004209876543209877,0.1324051295513205,0.0,0.020888888888888887,0.0006790123456790123,0.00033950617283950616,0.0,0.0,0.0006790123456790123,0.0,0.12708641975308643,1.8729135802469137,1.4842363691194258,600.0,400.0,5.0,5.422415322598476,6.696291088574371,6.6804752937907805,5.535019675246978,1.807471774199492,2.2320970295247906,2.22682509793026,1.8450065584156592,1.014685727788178,1.9822116159974164,0.8006121669895947,default
cheap_phys,0,0.2,15.0,1.0,2.0,trap,1,serving_reciprocity+map+rate,3.0,3,6,2,False,0.0012962962962962963,0.0019331676332504833,0.0017316731260822956,0.0032098765432098763,0.6705555555555556,0.7485802469135803,0.7219135802469135,0.997698609960416,0.0002345679012345679,6.17283950617284e-05,0.07142857142857142,0.018796992481203006,0.0032839506172839504,0.27627627627627627,0.0011358024691358025,0.004111111111111111,0.12883675223033075,0.0,0.02022222222222222,0.0015123456790123457,0.0007561728395061729,0.0,0.0,0.0015123456790123457,0.0,0.14590123456790124,1.8540987654320988,1.3160923584757096,600.0,400.0,5.0,5.3975873028581836,6.7073246240154685,6.611276397879626,5.176871684720679,1.7991957676193946,2.2357748746718227,2.2037587992932086,1.725623894906893,0.9913975786089191,1.968167596164162,0.8641537079820409,default
cheap_phys,1,0.2,15.0,1.0,2.0,trap,1,serving_reciprocity+map+rate,3.0,3,6,2,False,0.001419753086419753,0.0023674729799279463,0.002090149036713922,0.0027160493827160493,0.5996913580246913,0.6792592592592592,0.6500617283950617,0.9957797220792589,0.000345679012345679,9.876543209876543e-05,0.09523809523809523,0.027210884353741496,0.00362962962962963,0.21508379888268156,0.0009506172839506173,0.004419753086419753,0.12109543847709489,0.0,0.0185679012345679,0.0006944444444444445,0.00034722222222222224,0.0,0.0,0.0006944444444444445,0.0,0.13104938271604938,1.8689506172839505,1.317213368168622,600.0,400.0,5.0,5.4032146769539295,6.695175157541227,6.793666293915166,5.408964210906127,1.801071558984643,2.231725052513742,2.2645554313050553,1.8029880703020424,0.9914552084452658,2.0359832688654342,0.827179791056551,default
cheap_phys,2,0.2,15.0,1.0,2.0,trap,1,serving_reciprocity+map+rate,3.0,3,6,2,False,0.0013580246913580246,0.0023750404836446076,0.0021436227224008574,0.0025308641975308644,0.5717901234567901,0.6335185185185185,0.6124691358024691,0.9977329159019755,0.0002962962962962963,0.00014814814814814815,0.0916030534351145,0.04580152671755725,0.0032345679012345677,0.3394495412844037,0.0013703703703703703,0.004037037037037037,0.13536850570755804,0.0,0.022320987654320987,0.0011574074074074073,0.0005787037037037037,0.0,0.0,0.0011574074074074073,0.0,0.12360493827160494,1.876395061728395,1.3360325717647041,600.0,400.0,5.0,5.412043864753278,6.681281438412865,6.657121460672002,5.314134918188104,1.8040146215844257,2.2270938128042883,2.2190404868906675,1.7713783060627013,0.986539725953694,1.9876820801061676,0.8782104580895975,default
cheap_phys,3,0.2,15.0,1.0,2.0,trap,1,serving_reciprocity+map+rate,3.0,3,6,2,False,0.001419753086419753,0.00249025552187094,0.0021149425287356324,0.0033950617283950617,0.5701234567901234,0.6712962962962963,0.6318518518518519,0.9939367691641403,0.00022222222222222223,0.00013580246913580247,0.059800664451827246,0.036544850498338874,0.0037160493827160493,0.2188365650969529,0.0009753086419753087,0.00445679012345679,0.12093705742419605,0.0,0.018382716049382717,0.0005709876543209877,0.00028549382716049385,0.0,0.0,0.0005709876543209877,0.0,0.12711111111111112,1.8728888888888888,1.3533504552263123,600.0,400.0,5.0,5.406661549709966,6.7298243920753755,6.914122030312857,5.340468799925379,1.8022205165699887,2.2432747973584584,2.304707343437619,1.780156266641793,1.0001524018891992,2.0763841436233688,0.9271549590630457,default
cheap_phys,4,0.2,15.0,1.0,2.0,trap,1,serving_reciprocity+map+rate,3.0,3,6,2,False,0.0016666666666666668,0.0031486880466472305,0.002739448051948052,0.002962962962962963,0.529320987654321,0.6083950617283951,0.5799382716049383,0.9949854227405248,0.0003333333333333333,0.0001234567901234568,0.09183673469387756,0.034013605442176874,0.00362962962962963,0.26288659793814434,0.0012592592592592592,0.004790123456790123,0.1410023548635642,0.0,0.022098765432098766,0.0004938271604938272,0.0002469135802469136,0.0,0.0,0.0004938271604938272,0.0,0.11681481481481482,1.8831851851851853,1.2719710139009832,600.0,400.0,5.0,5.396083349729672,6.69815555866086,6.557909729459217,5.254661472065715,1.7986944499098907,2.23271851955362,2.185969909819739,1.7515538240219048,0.9731164788038275,1.9574240126548357,0.8669945420697331,default
cheap_phys,5,0.2,15.0,1.0,2.0,trap,1,serving_reciprocity+map+rate,3.0,3,6,2,False,0.000925925925925926,0.0017906171660498984,0.0015298317185109638,0.0019135802469135803,0.5170987654320988,0.605246913580247,0.5701234567901234,0.9965381401456369,0.0001728395061728395,0.00013580246913580247,0.051470588235294115,0.04044117647058824,0.003358024691358025,0.19333333333333333,0.0007160493827160494,0.003703703703703704,0.09243038702349614,0.0,0.013567901234567902,0.0009722222222222222,0.0004861111111111111,0.0,0.0,0.0009722222222222222,0.0,0.11508641975308642,1.8849135802469137,1.3438759674740453,600.0,400.0,5.0,5.423335932850391,6.723089349387422,6.613001050958819,5.3473887133150795,1.8077786442834638,2.241029783129141,2.2043336836529397,1.7824629044383598,1.000282397115589,1.964312122578189,0.9658512501046062,default
cheap_phys,6,0.2,15.0,1.0,2.0,trap,1,serving_reciprocity+map+rate,3.0,3,6,2,False,0.0016049382716049382,0.0031423737007493352,0.0026798598227169654,0.003148148148148148,0.5107407407407407,0.5988888888888889,0.5676543209876543,0.9956490210297317,0.00027160493827160494,7.407407407407407e-05,0.07560137457044673,0.020618556701030927,0.0035925925925925925,0.20783132530120482,0.0008518518518518519,0.0040987654320987655,0.1020749883069118,0.0,0.015246913580246914,0.0006944444444444445,0.00034722222222222224,0.0,0.0,0.0006944444444444445,0.0,0.1145679012345679,1.885432098765432,1.323794139988819,600.0,400.0,5.0,5.4140534108651925,6.714858243582173,6.771271912969076,5.312442601466293,1.8046844702883975,2.2382860811940577,2.2570906376563586,1.7708142004887644,1.0075622293139008,2.0197218869577043,0.9209250420099124,default
cheap_phys,7,0.2,15.0,1.0,2.0,trap,1,serving_reciprocity+map+rate,3.0,3,6,2,False,0.0011111111111111111,0.0021015761821366026,0.0018572018159306646,0.0024691358024691358,0.5287037037037037,0.5982716049382716,0.5716666666666667,0.9978984238178634,0.0002345679012345679,0.00013580246913580247,0.06375838926174497,0.03691275167785235,0.0036790123456790125,0.19653179190751446,0.0008395061728395062,0.0042716049382716045,0.10019168124547961,0.0,0.014839506172839505,0.0006018518518518519,0.00030092592592592595,0.0,0.0,0.0005864197530864197,1.54320987654321e-05,0.11513580246913581,1.8848641975308642,1.397987787598589,600.0,400.0,5.0,5.403742565189801,6.6848746272912685,6.81004897205412,5.169306173143329,1.8012475217299337,2.228291542430423,2.27001632401804,1.723102057714443,1.0055429184573565,2.0351554118662873,0.8655086249345914,default
cheap_phys,8,0.2,15.0,1.0,2.0,trap,1,serving_reciprocity+map+rate,3.0,3,6,2,False,0.0012345679012345679,0.0022264276967605477,0.0019408054342552159,0.002283950617283951,0.5545061728395062,0.6361111111111111,0.6040740740740741,0.9969943226093733,0.00027160493827160494,3.7037037037037037e-05,0.09322033898305085,0.012711864406779662,0.00291358024691358,0.21071428571428572,0.000728395061728395,0.0034567901234567903,0.09238117880423029,0.0,0.014493827160493827,0.0012808641975308641,0.0006404320987654321,0.0,0.0,0.0012808641975308641,0.0,0.12214814814814814,1.8778518518518519,1.3504353252071557,600.0,400.0,5.0,5.393690921572083,6.716062985529939,6.641696462294681,5.410083779039509,1.797896973857361,2.238687661843313,2.2138988207648937,1.803361259679836,0.9904300107142289,1.979999086479789,0.9398505840217695,default
cheap_phys,9,0.2,15.0,1.0,2.0,trap,1,serving_reciprocity+map+rate,3.0,3,6,2,False,0.0013580246913580246,0.002231905622276544,0.0020630157539384846,0.0032098765432098763,0.5808024691358025,0.6582716049382716,0.6320370370370371,0.9957487511956638,0.0002962962962962963,0.00013580246913580247,0.09302325581395349,0.04263565891472868,0.003185185185185185,0.31671554252199413,0.0013333333333333333,0.004209876543209877,0.1324051295513205,0.0,0.020888888888888887,0.0006790123456790123,0.00033950617283950616,0.0,0.0,0.0006790123456790123,0.0,0.12708641975308643,1.8729135802469137,1.4842363691194258,600.0,400.0,5.0,5.422415322598476,6.696291088574371,6.6804752937907805,5.535019675246978,1.807471774199492,2.2320970295247906,2.22682509793026,1.8450065584156592,1.014685727788178,1.9822116159974164,0.7988623749697581,default
cheap_phys,0,0.2,0.0,0.0,4.0,trap,1,serving_reciprocity+map+rate,3.0,3,6,2,False,0.0001234567901234568,0.0,0.0025220680958385876,0.0017283950617283952,0.029382716049382716,0.048950617283950615,0.0021604938271604936,0.0,0.00013580246913580247,3.7037037037037037e-05,0.05263157894736842,0.014354066985645933,0.002580246913580247,0.4289855072463768,0.0018271604938271606,0.0042592592592592595,0.3249204969531119,0.0,0.04259259259259259,0.0044907407407407405,0.0022453703703703702,0.0,0.0,0.0044907407407407405,0.0,0.004148148148148148,1.9958518518518518,1.3001120187975497,600.0,400.0,5.0,5.3975873028581836,6.7073246240154685,12.171151480112101,5.176871684720679,1.7991957676193946,2.2357748746718227,4.0570504933707,1.725623894906893,0.9913975786089191,3.9340551021672048,0.7836729590781033,default
cheap_phys,1,0.2,0.0,0.0,4.0,trap,1,serving_reciprocity+map+rate,3.0,3,6,2,False,0.00037037037037037035,0.0,0.004246284501061571,0.001851851851851852,0.03222222222222222,0.05814814814814815,0.0012345679012345679,0.0,0.00019753086419753085,7.407407407407407e-05,0.06274509803921569,0.023529411764705882,0.003148148148148148,0.3553921568627451,0.0017901234567901235,0.005037037037037037,0.2644974558112643,0.0,0.036333333333333336,0.002854938271604938,0.001427469135802469,0.0,0.0,0.002854938271604938,0.0,0.0028024691358024692,1.9971975308641976,1.304299775747548,600.0,400.0,5.0,5.4032146769539295,6.695175157541227,12.541231516982435,5.408964210906127,1.801071558984643,2.231725052513742,4.180410505660812,1.8029880703020424,0.9914552084452658,4.06113882617746,0.852529542054981,default
cheap_phys,2,0.2,0.0,0.0,4.0,trap,1,serving_reciprocity+map+rate,3.0,3,6,2,False,0.00037037037037037035,0.0028735632183908046,0.0076103500761035,0.0017283950617283952,0.02148148148148148,0.04055555555555555,0.0001234567901234568,0.0,0.00011111111111111112,7.407407407407407e-05,0.04072398190045249,0.027149321266968326,0.002728395061728395,0.4807692307692308,0.0021604938271604936,0.004493827160493827,0.28059126753280106,0.0,0.03662962962962963,0.004104938271604938,0.002052469135802469,0.0,0.0,0.004104938271604938,0.0,0.0035555555555555557,1.9964444444444445,1.32930330704913,600.0,400.0,5.0,5.412043864753278,6.681281438412865,12.25903809593457,5.314134918188104,1.8040146215844257,2.2270938128042883,4.086346031978191,1.7713783060627013,0.986539725953694,3.965471379568779,0.8416042079916224,default
cheap_phys,3,0.2,0.0,0.0,4.0,trap,1,serving_reciprocity+map+rate,3.0,3,6,2,False,6.17283950617284e-05,0.0,0.0011261261261261261,0.0021604938271604936,0.02574074074074074,0.054814814814814816,0.0002469135802469136,0.0,0.00013580246913580247,3.7037037037037037e-05,0.04247104247104247,0.011583011583011582,0.003197530864197531,0.3582089552238806,0.0017777777777777779,0.004962962962962963,0.2449950747126125,0.0,0.03097530864197531,0.0026697530864197533,0.0013348765432098766,0.0,0.0,0.0026697530864197533,0.0,0.002185185185185185,1.9978148148148147,1.3402450958441694,600.0,400.0,5.0,5.406661549709966,6.7298243920753755,12.806652208402646,5.340468799925379,1.8022205165699887,2.2432747973584584,4.268884069467549,1.780156266641793,1.0001524018891992,4.150068236975036,0.9000228330260143,default
cheap_phys,4,0.2,0.0,0.0,4.0,trap,1,serving_reciprocity+map+rate,3.0,3,6,2,False,0.0004938271604938272,0.001488095238095238,0.005747126436781609,0.002283950617283951,0.04148148148148148,0.06444444444444444,0.004320987654320987,0.0,0.0001728395061728395,8.641975308641975e-05,0.051094890510948905,0.025547445255474453,0.0033827160493827163,0.3797752808988764,0.0020864197530864196,0.005493827160493827,0.32807002322725126,0.0,0.042666666666666665,0.0021141975308641976,0.0010570987654320988,0.0,0.0,0.0021141975308641976,0.0,0.0026790123456790125,1.997320987654321,1.2538377039127735,600.0,400.0,5.0,5.396083349729672,6.69815555866086,12.059178058753435,5.254661472065715,1.7986944499098907,2.23271851955362,4.019726019584478,1.7515538240219048,0.9731164788038275,3.900159175111307,0.9965512920171022,default
cheap_phys,5,0.2,0.0,0.0,4.0,trap,1,serving_reciprocity+map+rate,3.0,3,6,2,False,0.00018518518518518518,0.0,0.0044742729306487695,0.0013580246913580246,0.012592592592592593,0.027592592592592592,0.0017901234567901235,0.0,9.876543209876543e-05,0.00011111111111111112,0.03347280334728033,0.03765690376569038,0.0029506172839506174,0.3609467455621302,0.0015061728395061728,0.004172839506172839,0.21500788323084113,0.0,0.028395061728395062,0.004537037037037037,0.0022685185185185187,0.0,0.0,0.004537037037037037,0.0,0.004111111111111111,1.9958888888888888,1.3353155574303934,600.0,400.0,5.0,5.423335932850391,6.723089349387422,12.156760576332136,5.3473887133150795,1.8077786442834638,2.241029783129141,4.052253525444045,1.7824629044383598,1.000282397115589,3.9268554544946492,0.7830731659196317,default
cheap_phys,6,0.2,0.0,0.0,4.0,trap,1,serving_reciprocity+map+rate,3.0,3,6,2,False,0.00037037037037037035,0.0,0.007462686567164179,0.0019135802469135803,0.01919753086419753,0.04135802469135803,0.0004320987654320988,0.0,7.407407407407407e-05,3.7037037037037037e-05,0.026785714285714284,0.013392857142857142,0.002765432098765432,0.38904109589041097,0.0017530864197530865,0.004506172839506173,0.20157640511889827,0.0,0.027753086419753086,0.002993827160493827,0.0014969135802469136,0.0,0.0,0.002993827160493827,0.0,0.0028641975308641974,1.997135802469136,1.3226601462735659,600.0,400.0,5.0,5.4140534108651925,6.714858243582173,12.513146674460101,5.312442601466293,1.8046844702883975,2.2382860811940577,4.1710488914867,1.7708142004887644,1.0075622293139008,4.047526060352476,0.907133916974999,default
cheap_phys,7,0.2,0.0,0.0,4.0,trap,1,serving_reciprocity+map+rate,3.0,3,6,2,False,0.0,0.0,0.0,0.0013580246913580246,0.011358024691358024,0.02654320987654321,0.0008024691358024691,0.0,0.00011111111111111112,7.407407407407407e-05,0.03435114503816794,0.022900763358778626,0.0032345679012345677,0.34293193717277487,0.0016172839506172839,0.00471604938271605,0.19930278018583583,0.0,0.02722222222222222,0.002021604938271605,0.0010108024691358026,0.0,0.0,0.002006172839506173,1.54320987654321e-05,0.001814814814814815,1.9981851851851853,1.3861382909639361,600.0,400.0,5.0,5.403742565189801,6.6848746272912685,12.615731826096777,5.169306173143329,1.8012475217299337,2.228291542430423,4.205243942032259,1.723102057714443,1.0055429184573565,4.083253610925885,0.8673592080594972,default
cheap_phys,8,0.2,0.0,0.0,4.0,trap,1,serving_reciprocity+map+rate,3.0,3,6,2,False,0.00030864197530864197,0.006153846153846154,0.004966887417218543,0.0016666666666666668,0.020061728395061727,0.03728395061728395,0.002345679012345679,0.003076923076923077,0.00016049382716049382,1.2345679012345678e-05,0.05855855855855856,0.0045045045045045045,0.0027407407407407406,0.34870317002881845,0.001493827160493827,0.00428395061728395,0.2021815732026261,0.0,0.027444444444444445,0.004166666666666667,0.0020833333333333333,0.0,0.0,0.004166666666666667,0.0,0.0038765432098765433,1.9961234567901234,1.337880298363992,600.0,400.0,5.0,5.393690921572083,6.716062985529939,12.242460990456756,5.410083779039509,1.797896973857361,2.238687661843313,4.080820330152252,1.803361259679836,0.9904300107142289,3.9588057493214475,1.0559043328976259,default
cheap_phys,9,0.2,0.0,0.0,4.0,trap,1,serving_reciprocity+map+rate,3.0,3,6,2,False,0.0001234567901234568,0.0,0.0015337423312883436,0.0016666666666666668,0.01962962962962963,0.040246913580246915,0.0011728395061728395,0.0,0.00014814814814814815,8.641975308641975e-05,0.05581395348837209,0.03255813953488372,0.002654320987654321,0.3848396501457726,0.0016296296296296295,0.004234567901234568,0.21833897041435688,0.0,0.029518518518518517,0.0035956790123456792,0.0017978395061728396,0.0,0.0,0.0035956790123456792,0.0,0.003259259259259259,1.9967407407407407,1.4764817776536785,600.0,400.0,5.0,5.422415322598476,6.696291088574371,12.308225098843337,5.535019675246978,1.807471774199492,2.2320970295247906,4.1027416996144455,1.8450065584156592,1.014685727788178,3.9752864459782273,0.8511332920752466,default
cheap_phys,0,0.2,0.0,0.5,4.0,trap,1,serving_reciprocity+map+rate,3.0,3,6,2,False,0.0001234567901234568,0.0,0.0025220680958385876,0.0017283950617283952,0.029382716049382716,0.048950617283950615,0.0021604938271604936,0.0,0.00013580246913580247,3.7037037037037037e-05,0.05263157894736842,0.014354066985645933,0.002580246913580247,0.4289855072463768,0.0018271604938271606,0.0042592592592592595,0.3249204969531119,0.0,0.04259259259259259,0.0044907407407407405,0.0022453703703703702,0.0,0.0,0.0044907407407407405,0.0,0.004148148148148148,1.9958518518518518,1.3001120187975497,600.0,400.0,5.0,5.3975873028581836,6.7073246240154685,12.171151480112101,5.176871684720679,1.7991957676193946,2.2357748746718227,4.0570504933707,1.725623894906893,0.9913975786089191,3.9340551021672048,0.7015804999973625,default
cheap_phys,1,0.2,0.0,0.5,4.0,trap,1,serving_reciprocity+map+rate,3.0,3,6,2,False,0.00037037037037037035,0.0,0.004246284501061571,0.001851851851851852,0.03222222222222222,0.05814814814814815,0.0012345679012345679,0.0,0.00019753086419753085,7.407407407407407e-05,0.06274509803921569,0.023529411764705882,0.003148148148148148,0.3553921568627451,0.0017901234567901235,0.005037037037037037,0.2644974558112643,0.0,0.036333333333333336,0.002854938271604938,0.001427469135802469,0.0,0.0,0.002854938271604938,0.0,0.0028024691358024692,1.9971975308641976,1.304299775747548,600.0,400.0,5.0,5.4032146769539295,6.695175157541227,12.541231516982435,5.408964210906127,1.801071558984643,2.231725052513742,4.180410505660812,1.8029880703020424,0.9914552084452658,4.06113882617746,0.6505794170079753,default
cheap_phys,2,0.2,0.0,0.5,4.0,trap,1,serving_reciprocity+map+rate,3.0,3,6,2,False,0.00037037037037037035,0.0028735632183908046,0.0076103500761035,0.0017283950617283952,0.02148148148148148,0.04055555555555555,0.0001234567901234568,0.0,0.00011111111111111112,7.407407407407407e-05,0.04072398190045249,0.027149321266968326,0.002728395061728395,0.4807692307692308,0.0021604938271604936,0.004493827160493827,0.28059126753280106,0.0,0.03662962962962963,0.004104938271604938,0.002052469135802469,0.0,0.0,0.004104938271604938,0.0,0.0035555555555555557,1.9964444444444445,1.32930330704913,600.0,400.0,5.0,5.412043864753278,6.681281438412865,12.25903809593457,5.314134918188104,1.8040146215844257,2.2270938128042883,4.086346031978191,1.7713783060627013,0.986539725953694,3.965471379568779,0.9028234160505235,default
cheap_phys,3,0.2,0.0,0.5,4.0,trap,1,serving_reciprocity+map+rate,3.0,3,6,2,False,6.17283950617284e-05,0.0,0.0011261261261261261,0.0021604938271604936,0.02574074074074074,0.054814814814814816,0.0002469135802469136,0.0,0.00013580246913580247,3.7037037037037037e-05,0.04247104247104247,0.011583011583011582,0.003197530864197531,0.3582089552238806,0.0017777777777777779,0.004962962962962963,0.2449950747126125,0.0,0.03097530864197531,0.0026697530864197533,0.0013348765432098766,0.0,0.0,0.0026697530864197533,0.0,0.002185185185185185,1.9978148148148147,1.3402450958441694,600.0,400.0,5.0,5.406661549709966,6.7298243920753755,12.806652208402646,5.340468799925379,1.8022205165699887,2.2432747973584584,4.268884069467549,1.780156266641793,1.0001524018891992,4.150068236975036,0.8810430830344558,default
cheap_phys,4,0.2,0.0,0.5,4.0,trap,1,serving_reciprocity+map+rate,3.0,3,6,2,False,0.0004938271604938272,0.001488095238095238,0.005747126436781609,0.002283950617283951,0.04148148148148148,0.06444444444444444,0.004320987654320987,0.0,0.0001728395061728395,8.641975308641975e-05,0.051094890510948905,0.025547445255474453,0.0033827160493827163,0.3797752808988764,0.0020864197530864196,0.005493827160493827,0.32807002322725126,0.0,0.042666666666666665,0.0021141975308641976,0.0010570987654320988,0.0,0.0,0.0021141975308641976,0.0,0.0026790123456790125,1.997320987654321,1.2538377039127735,600.0,400.0,5.0,5.396083349729672,6.69815555866086,12.059178058753435,5.254661472065715,1.7986944499098907,2.23271851955362,4.019726019584478,1.7515538240219048,0.9731164788038275,3.900159175111307,0.7940454171039164,default
cheap_phys,5,0.2,0.0,0.5,4.0,trap,1,serving_reciprocity+map+rate,3.0,3,6,2,False,0.00018518518518518518,0.0,0.0044742729306487695,0.0013580246913580246,0.012592592592592593,0.027592592592592592,0.0017901234567901235,0.0,9.876543209876543e-05,0.00011111111111111112,0.03347280334728033,0.03765690376569038,0.0029506172839506174,0.3609467455621302,0.0015061728395061728,0.004172839506172839,0.21500788323084113,0.0,0.028395061728395062,0.004537037037037037,0.0022685185185185187,0.0,0.0,0.004537037037037037,0.0,0.004111111111111111,1.9958888888888888,1.3353155574303934,600.0,400.0,5.0,5.423335932850391,6.723089349387422,12.156760576332136,5.3473887133150795,1.8077786442834638,2.241029783129141,4.052253525444045,1.7824629044383598,1.000282397115589,3.9268554544946492,0.8532678339397535,default
cheap_phys,6,0.2,0.0,0.5,4.0,trap,1,serving_reciprocity+map+rate,3.0,3,6,2,False,0.00037037037037037035,0.0,0.007462686567164179,0.0019135802469135803,0.01919753086419753,0.04135802469135803,0.0004320987654320988,0.0,7.407407407407407e-05,3.7037037037037037e-05,0.026785714285714284,0.013392857142857142,0.002765432098765432,0.38904109589041097,0.0017530864197530865,0.004506172839506173,0.20157640511889827,0.0,0.027753086419753086,0.002993827160493827,0.0014969135802469136,0.0,0.0,0.002993827160493827,0.0,0.0028641975308641974,1.997135802469136,1.3226601462735659,600.0,400.0,5.0,5.4140534108651925,6.714858243582173,12.513146674460101,5.312442601466293,1.8046844702883975,2.2382860811940577,4.1710488914867,1.7708142004887644,1.0075622293139008,4.047526060352476,0.9257986670127138,default
cheap_phys,7,0.2,0.0,0.5,4.0,trap,1,serving_reciprocity+map+rate,3.0,3,6,2,False,0.0,0.0,0.0,0.0013580246913580246,0.011358024691358024,0.02654320987654321,0.0008024691358024691,0.0,0.00011111111111111112,7.407407407407407e-05,0.03435114503816794,0.022900763358778626,0.0032345679012345677,0.34293193717277487,0.0016172839506172839,0.00471604938271605,0.19930278018583583,0.0,0.02722222222222222,0.002021604938271605,0.0010108024691358026,0.0,0.0,0.002006172839506173,1.54320987654321e-05,0.001814814814814815,1.9981851851851853,1.3861382909639361,600.0,400.0,5.0,5.403742565189801,6.6848746272912685,12.615731826096777,5.169306173143329,1.8012475217299337,2.228291542430423,4.205243942032259,1.723102057714443,1.0055429184573565,4.083253610925885,0.8565749579574913,default
cheap_phys,8,0.2,0.0,0.5,4.0,trap,1,serving_reciprocity+map+rate,3.0,3,6,2,False,0.00030864197530864197,0.006153846153846154,0.004966887417218543,0.0016666666666666668,0.020061728395061727,0.03728395061728395,0.002345679012345679,0.003076923076923077,0.00016049382716049382,1.2345679012345678e-05,0.05855855855855856,0.0045045045045045045,0.0027407407407407406,0.34870317002881845,0.001493827160493827,0.00428395061728395,0.2021815732026261,0.0,0.027444444444444445,0.004166666666666667,0.0020833333333333333,0.0,0.0,0.004166666666666667,0.0,0.0038765432098765433,1.9961234567901234,1.337880298363992,600.0,400.0,5.0,5.393690921572083,6.716062985529939,12.242460990456756,5.410083779039509,1.797896973857361,2.238687661843313,4.080820330152252,1.803361259679836,0.9904300107142289,3.9588057493214475,0.9304273340385407,default
cheap_phys,9,0.2,0.0,0.5,4.0,trap,1,serving_reciprocity+map+rate,3.0,3,6,2,False,0.0001234567901234568,0.0,0.0015337423312883436,0.0016666666666666668,0.01962962962962963,0.040246913580246915,0.0011728395061728395,0.0,0.00014814814814814815,8.641975308641975e-05,0.05581395348837209,0.03255813953488372,0.002654320987654321,0.3848396501457726,0.0016296296296296295,0.004234567901234568,0.21833897041435688,0.0,0.029518518518518517,0.0035956790123456792,0.0017978395061728396,0.0,0.0,0.0035956790123456792,0.0,0.003259259259259259,1.9967407407407407,1.4764817776536785,600.0,400.0,5.0,5.422415322598476,6.696291088574371,12.308225098843337,5.535019675246978,1.807471774199492,2.2320970295247906,4.1027416996144455,1.8450065584156592,1.014685727788178,3.9752864459782273,0.9616488749161363,default
cheap_phys,0,0.2,0.0,1.0,4.0,trap,1,serving_reciprocity+map+rate,3.0,3,6,2,False,0.0001234567901234568,0.0,0.0025220680958385876,0.0017283950617283952,0.029382716049382716,0.048950617283950615,0.0021604938271604936,0.0,0.00013580246913580247,3.7037037037037037e-05,0.05263157894736842,0.014354066985645933,0.002580246913580247,0.4289855072463768,0.0018271604938271606,0.0042592592592592595,0.3249204969531119,0.0,0.04259259259259259,0.0044907407407407405,0.0022453703703703702,0.0,0.0,0.0044907407407407405,0.0,0.004148148148148148,1.9958518518518518,1.3001120187975497,600.0,400.0,5.0,5.3975873028581836,6.7073246240154685,12.171151480112101,5.176871684720679,1.7991957676193946,2.2357748746718227,4.0570504933707,1.725623894906893,0.9913975786089191,3.9340551021672048,0.7578732089605182,default
cheap_phys,1,0.2,0.0,1.0,4.0,trap,1,serving_reciprocity+map+rate,3.0,3,6,2,False,0.00037037037037037035,0.0,0.004246284501061571,0.001851851851851852,0.03222222222222222,0.05814814814814815,0.0012345679012345679,0.0,0.00019753086419753085,7.407407407407407e-05,0.06274509803921569,0.023529411764705882,0.003148148148148148,0.3553921568627451,0.0017901234567901235,0.005037037037037037,0.2644974558112643,0.0,0.036333333333333336,0.002854938271604938,0.001427469135802469,0.0,0.0,0.002854938271604938,0.0,0.0028024691358024692,1.9971975308641976,1.304299775747548,600.0,400.0,5.0,5.4032146769539295,6.695175157541227,12.541231516982435,5.408964210906127,1.801071558984643,2.231725052513742,4.180410505660812,1.8029880703020424,0.9914552084452658,4.06113882617746,0.7715862500481308,default
cheap_phys,2,0.2,0.0,1.0,4.0,trap,1,serving_reciprocity+map+rate,3.0,3,6,2,False,0.00037037037037037035,0.0028735632183908046,0.0076103500761035,0.0017283950617283952,0.02148148148148148,0.04055555555555555,0.0001234567901234568,0.0,0.00011111111111111112,7.407407407407407e-05,0.04072398190045249,0.027149321266968326,0.002728395061728395,0.4807692307692308,0.0021604938271604936,0.004493827160493827,0.28059126753280106,0.0,0.03662962962962963,0.004104938271604938,0.002052469135802469,0.0,0.0,0.004104938271604938,0.0,0.0035555555555555557,1.9964444444444445,1.32930330704913,600.0,400.0,5.0,5.412043864753278,6.681281438412865,12.25903809593457,5.314134918188104,1.8040146215844257,2.2270938128042883,4.086346031978191,1.7713783060627013,0.986539725953694,3.965471379568779,0.8624114999547601,default
cheap_phys,3,0.2,0.0,1.0,4.0,trap,1,serving_reciprocity+map+rate,3.0,3,6,2,False,6.17283950617284e-05,0.0,0.0011261261261261261,0.0021604938271604936,0.02574074074074074,0.054814814814814816,0.0002469135802469136,0.0,0.00013580246913580247,3.7037037037037037e-05,0.04247104247104247,0.011583011583011582,0.003197530864197531,0.3582089552238806,0.0017777777777777779,0.004962962962962963,0.2449950747126125,0.0,0.03097530864197531,0.0026697530864197533,0.0013348765432098766,0.0,0.0,0.0026697530864197533,0.0,0.002185185185185185,1.9978148148148147,1.3402450958441694,600.0,400.0,5.0,5.406661549709966,6.7298243920753755,12.806652208402646,5.340468799925379,1.8022205165699887,2.2432747973584584,4.268884069467549,1.780156266641793,1.0001524018891992,4.150068236975036,0.8766666249139234,default
cheap_phys,4,0.2,0.0,1.0,4.0,trap,1,serving_reciprocity+map+rate,3.0,3,6,2,False,0.0004938271604938272,0.001488095238095238,0.005747126436781609,0.002283950617283951,0.04148148148148148,0.06444444444444444,0.004320987654320987,0.0,0.0001728395061728395,8.641975308641975e-05,0.051094890510948905,0.025547445255474453,0.0033827160493827163,0.3797752808988764,0.0020864197530864196,0.005493827160493827,0.32807002322725126,0.0,0.042666666666666665,0.0021141975308641976,0.0010570987654320988,0.0,0.0,0.0021141975308641976,0.0,0.0026790123456790125,1.997320987654321,1.2538377039127735,600.0,400.0,5.0,5.396083349729672,6.69815555866086,12.059178058753435,5.254661472065715,1.7986944499098907,2.23271851955362,4.019726019584478,1.7515538240219048,0.9731164788038275,3.900159175111307,0.9064912920584902,default
cheap_phys,5,0.2,0.0,1.0,4.0,trap,1,serving_reciprocity+map+rate,3.0,3,6,2,False,0.00018518518518518518,0.0,0.0044742729306487695,0.0013580246913580246,0.012592592592592593,0.027592592592592592,0.0017901234567901235,0.0,9.876543209876543e-05,0.00011111111111111112,0.03347280334728033,0.03765690376569038,0.0029506172839506174,0.3609467455621302,0.0015061728395061728,0.004172839506172839,0.21500788323084113,0.0,0.028395061728395062,0.004537037037037037,0.0022685185185185187,0.0,0.0,0.004537037037037037,0.0,0.004111111111111111,1.9958888888888888,1.3353155574303934,600.0,400.0,5.0,5.423335932850391,6.723089349387422,12.156760576332136,5.3473887133150795,1.8077786442834638,2.241029783129141,4.052253525444045,1.7824629044383598,1.000282397115589,3.9268554544946492,0.9033650840865448,default
cheap_phys,6,0.2,0.0,1.0,4.0,trap,1,serving_reciprocity+map+rate,3.0,3,6,2,False,0.00037037037037037035,0.0,0.007462686567164179,0.0019135802469135803,0.01919753086419753,0.04135802469135803,0.0004320987654320988,0.0,7.407407407407407e-05,3.7037037037037037e-05,0.026785714285714284,0.013392857142857142,0.002765432098765432,0.38904109589041097,0.0017530864197530865,0.004506172839506173,0.20157640511889827,0.0,0.027753086419753086,0.002993827160493827,0.0014969135802469136,0.0,0.0,0.002993827160493827,0.0,0.0028641975308641974,1.997135802469136,1.3226601462735659,600.0,400.0,5.0,5.4140534108651925,6.714858243582173,12.513146674460101,5.312442601466293,1.8046844702883975,2.2382860811940577,4.1710488914867,1.7708142004887644,1.0075622293139008,4.047526060352476,0.9211660000728443,default
cheap_phys,7,0.2,0.0,1.0,4.0,trap,1,serving_reciprocity+map+rate,3.0,3,6,2,False,0.0,0.0,0.0,0.0013580246913580246,0.011358024691358024,0.02654320987654321,0.0008024691358024691,0.0,0.00011111111111111112,7.407407407407407e-05,0.03435114503816794,0.022900763358778626,0.0032345679012345677,0.34293193717277487,0.0016172839506172839,0.00471604938271605,0.19930278018583583,0.0,0.02722222222222222,0.002021604938271605,0.0010108024691358026,0.0,0.0,0.002006172839506173,1.54320987654321e-05,0.001814814814814815,1.9981851851851853,1.3861382909639361,600.0,400.0,5.0,5.403742565189801,6.6848746272912685,12.615731826096777,5.169306173143329,1.8012475217299337,2.228291542430423,4.205243942032259,1.723102057714443,1.0055429184573565,4.083253610925885,1.0300725830020383,default
cheap_phys,8,0.2,0.0,1.0,4.0,trap,1,serving_reciprocity+map+rate,3.0,3,6,2,False,0.00030864197530864197,0.006153846153846154,0.004966887417218543,0.0016666666666666668,0.020061728395061727,0.03728395061728395,0.002345679012345679,0.003076923076923077,0.00016049382716049382,1.2345679012345678e-05,0.05855855855855856,0.0045045045045045045,0.0027407407407407406,0.34870317002881845,0.001493827160493827,0.00428395061728395,0.2021815732026261,0.0,0.027444444444444445,0.004166666666666667,0.0020833333333333333,0.0,0.0,0.004166666666666667,0.0,0.0038765432098765433,1.9961234567901234,1.337880298363992,600.0,400.0,5.0,5.393690921572083,6.716062985529939,12.242460990456756,5.410083779039509,1.797896973857361,2.238687661843313,4.080820330152252,1.803361259679836,0.9904300107142289,3.9588057493214475,0.8764123329892755,default
cheap_phys,9,0.2,0.0,1.0,4.0,trap,1,serving_reciprocity+map+rate,3.0,3,6,2,False,0.0001234567901234568,0.0,0.0015337423312883436,0.0016666666666666668,0.01962962962962963,0.040246913580246915,0.0011728395061728395,0.0,0.00014814814814814815,8.641975308641975e-05,0.05581395348837209,0.03255813953488372,0.002654320987654321,0.3848396501457726,0.0016296296296296295,0.004234567901234568,0.21833897041435688,0.0,0.029518518518518517,0.0035956790123456792,0.0017978395061728396,0.0,0.0,0.0035956790123456792,0.0,0.003259259259259259,1.9967407407407407,1.4764817776536785,600.0,400.0,5.0,5.422415322598476,6.696291088574371,12.308225098843337,5.535019675246978,1.807471774199492,2.2320970295247906,4.1027416996144455,1.8450065584156592,1.014685727788178,3.9752864459782273,0.8973261669743806,default
cheap_phys,0,0.2,6.0,0.0,4.0,trap,1,serving_reciprocity+map+rate,3.0,3,6,2,False,0.0016666666666666668,0.00929432013769363,0.00693196405648267,0.0030864197530864196,0.179320987654321,0.2404320987654321,0.021296296296296296,0.060585197934595526,0.00045679012345679014,4.938271604938271e-05,0.1574468085106383,0.01702127659574468,0.0029012345679012346,0.44537815126050423,0.001962962962962963,0.004407407407407408,0.34446928627550577,0.0,0.044864197530864194,0.0044907407407407405,0.0022453703703703702,0.0,0.0,0.0044907407407407405,0.0,0.008061728395061729,1.9919382716049383,1.3002694132801333,600.0,400.0,5.0,5.3975873028581836,6.7073246240154685,12.171151480112101,5.176871684720679,1.7991957676193946,2.2357748746718227,4.0570504933707,1.725623894906893,0.9913975786089191,3.9340551021672048,0.6942530410597101,default
cheap_phys,1,0.2,6.0,0.0,4.0,trap,1,serving_reciprocity+map+rate,3.0,3,6,2,False,0.0024074074074074076,0.01256106071179344,0.009843513377082282,0.0035185185185185185,0.1769135802469136,0.2445679012345679,0.03641975308641975,0.07397069085833916,0.0006049382716049383,0.00011111111111111112,0.175,0.03214285714285714,0.0034567901234567903,0.4106280193236715,0.0020987654320987655,0.005111111111111111,0.29815893943913074,0.0,0.04030864197530864,0.002854938271604938,0.001427469135802469,0.0,0.0,0.002854938271604938,0.0,0.010024691358024692,1.9899753086419754,1.2972621342764121,600.0,400.0,5.0,5.4032146769539295,6.695175157541227,12.541231516982435,5.408964210906127,1.801071558984643,2.231725052513742,4.180410505660812,1.8029880703020424,0.9914552084452658,4.06113882617746,0.8212427500402555,default
cheap_phys,2,0.2,6.0,0.0,4.0,trap,1,serving_reciprocity+map+rate,3.0,3,6,2,False,0.001851851851851852,0.009564293304994687,0.007301173402868318,0.0030246913580246914,0.17425925925925925,0.2367283950617284,0.030246913580246913,0.0375487070492384,0.000345679012345679,0.0001234567901234568,0.11382113821138211,0.04065040650406504,0.003037037037037037,0.5167958656330749,0.0024691358024691358,0.0047777777777777775,0.31103025000364665,0.0,0.040851851851851854,0.004104938271604938,0.002052469135802469,0.0,0.0,0.004104938271604938,0.0,0.009679012345679012,1.990320987654321,1.3287061555142732,600.0,400.0,5.0,5.412043864753278,6.681281438412865,12.25903809593457,5.314134918188104,1.8040146215844257,2.2270938128042883,4.086346031978191,1.7713783060627013,0.986539725953694,3.965471379568779,0.8261870000278577,default
cheap_phys,3,0.2,6.0,0.0,4.0,trap,1,serving_reciprocity+map+rate,3.0,3,6,2,False,0.002037037037037037,0.014794267221451687,0.010226216299969011,0.003765432098765432,0.1335185185185185,0.19919753086419753,0.016049382716049384,0.047156726768377254,0.00038271604938271603,9.876543209876543e-05,0.10839160839160839,0.027972027972027972,0.0035308641975308644,0.3768844221105528,0.001851851851851852,0.004913580246913581,0.2463010812004948,0.0,0.031234567901234567,0.0026697530864197533,0.0013348765432098766,0.0,0.0,0.0026697530864197533,0.0,0.005493827160493827,1.9945061728395062,1.3384332058840047,600.0,400.0,5.0,5.406661549709966,6.7298243920753755,12.806652208402646,5.340468799925379,1.8022205165699887,2.2432747973584584,4.268884069467549,1.780156266641793,1.0001524018891992,4.150068236975036,0.8415372909512371,default
cheap_phys,4,0.2,6.0,0.0,4.0,trap,1,serving_reciprocity+map+rate,3.0,3,6,2,False,0.001851851851851852,0.010780669144981412,0.008732309545317675,0.0030246913580246914,0.16604938271604938,0.205,0.042777777777777776,0.12602230483271376,0.00044444444444444447,8.641975308641975e-05,0.1258741258741259,0.024475524475524476,0.0035308641975308644,0.4579831932773109,0.002691358024691358,0.005876543209876543,0.42462877476193545,0.0,0.049962962962962966,0.0021141975308641976,0.0010570987654320988,0.0,0.0,0.0021141975308641976,0.0,0.010567901234567901,1.9894320987654321,1.2318651886355374,600.0,400.0,5.0,5.396083349729672,6.69815555866086,12.059178058753435,5.254661472065715,1.7986944499098907,2.23271851955362,4.019726019584478,1.7515538240219048,0.9731164788038275,3.900159175111307,0.8462060829624534,default
cheap_phys,5,0.2,6.0,0.0,4.0,trap,1,serving_reciprocity+map+rate,3.0,3,6,2,False,0.0010493827160493827,0.007739938080495356,0.0061283345349675555,0.0019135802469135803,0.11962962962962963,0.17123456790123456,0.028580246913580246,0.05263157894736842,0.00019753086419753085,0.00011111111111111112,0.06451612903225806,0.036290322580645164,0.0030617283950617282,0.39244186046511625,0.0016666666666666668,0.004246913580246914,0.2255996279310473,0.0,0.029839506172839505,0.004537037037037037,0.0022685185185185187,0.0,0.0,0.004537037037037037,0.0,0.009592592592592592,1.9904074074074074,1.3339114976439201,600.0,400.0,5.0,5.423335932850391,6.723089349387422,12.156760576332136,5.3473887133150795,1.8077786442834638,2.241029783129141,4.052253525444045,1.7824629044383598,1.000282397115589,3.9268554544946492,0.9032428340287879,default
cheap_phys,6,0.2,6.0,0.0,4.0,trap,1,serving_reciprocity+map+rate,3.0,3,6,2,False,0.0016666666666666668,0.012282497441146366,0.008976063829787235,0.0025308641975308644,0.12061728395061729,0.18567901234567902,0.019074074074074073,0.04452405322415558,0.0002839506172839506,8.641975308641975e-05,0.09663865546218488,0.029411764705882353,0.0029382716049382715,0.3961218836565097,0.0017654320987654322,0.00445679012345679,0.2077721701750462,0.0,0.02808641975308642,0.002993827160493827,0.0014969135802469136,0.0,0.0,0.002993827160493827,0.0,0.0067654320987654325,1.9932345679012347,1.3204694073872034,600.0,400.0,5.0,5.4140534108651925,6.714858243582173,12.513146674460101,5.312442601466293,1.8046844702883975,2.2382860811940577,4.1710488914867,1.7708142004887644,1.0075622293139008,4.047526060352476,0.9821237080032006,default
cheap_phys,7,0.2,6.0,0.0,4.0,trap,1,serving_reciprocity+map+rate,3.0,3,6,2,False,0.0012962962962962963,0.01090909090909091,0.007888805409466567,0.0024691358024691358,0.11882716049382716,0.164320987654321,0.022469135802469137,0.034805194805194804,0.0002962962962962963,9.876543209876543e-05,0.08664259927797834,0.02888086642599278,0.003419753086419753,0.3619791666666667,0.0017160493827160495,0.004740740740740741,0.20533061203381806,0.0,0.02808641975308642,0.002021604938271605,0.0010108024691358026,0.0,0.0,0.002006172839506173,1.54320987654321e-05,0.00637037037037037,1.9936296296296296,1.3806893939765907,600.0,400.0,5.0,5.403742565189801,6.6848746272912685,12.615731826096777,5.169306173143329,1.8012475217299337,2.228291542430423,4.205243942032259,1.723102057714443,1.0055429184573565,4.083253610925885,0.8964333339827135,default
cheap_phys,8,0.2,6.0,0.0,4.0,trap,1,serving_reciprocity+map+rate,3.0,3,6,2,False,0.0017283950617283952,0.011215791834903545,0.008652246256239601,0.002777777777777778,0.1375925925925926,0.18549382716049384,0.025987654320987656,0.08927770300583221,0.0003580246913580247,4.938271604938271e-05,0.12184873949579832,0.01680672268907563,0.0029382716049382715,0.3659942363112392,0.0015679012345679011,0.00428395061728395,0.22001303901373273,0.0,0.0294320987654321,0.004166666666666667,0.0020833333333333333,0.0,0.0,0.004166666666666667,0.0,0.008790123456790123,1.9912098765432098,1.3387624163993463,600.0,400.0,5.0,5.393690921572083,6.716062985529939,12.242460990456756,5.410083779039509,1.797896973857361,2.238687661843313,4.080820330152252,1.803361259679836,0.9904300107142289,3.9588057493214475,0.9357376670232043,default
cheap_phys,9,0.2,6.0,0.0,4.0,trap,1,serving_reciprocity+map+rate,3.0,3,6,2,False,0.0017283950617283952,0.008617718028266115,0.00719609354921614,0.0033950617283950617,0.17907407407407408,0.2401851851851852,0.03666666666666667,0.0896242674939676,0.00044444444444444447,0.00013580246913580247,0.14937759336099585,0.04564315352697095,0.0029753086419753087,0.4423076923076923,0.001987654320987654,0.004493827160493827,0.27542367550865665,0.0,0.03630864197530864,0.0035956790123456792,0.0017978395061728396,0.0,0.0,0.0035956790123456792,0.0,0.010407407407407407,1.9895925925925926,1.4733633372071295,600.0,400.0,5.0,5.422415322598476,6.696291088574371,12.308225098843337,5.535019675246978,1.807471774199492,2.2320970295247906,4.1027416996144455,1.8450065584156592,1.014685727788178,3.9752864459782273,0.9820538749918342,default
cheap_phys,0,0.2,6.0,0.5,4.0,trap,1,serving_reciprocity+map+rate,3.0,3,6,2,False,0.0016666666666666668,0.00929432013769363,0.00693196405648267,0.0030864197530864196,0.179320987654321,0.2404320987654321,0.021296296296296296,0.060585197934595526,0.00045679012345679014,4.938271604938271e-05,0.1574468085106383,0.01702127659574468,0.0029012345679012346,0.44537815126050423,0.001962962962962963,0.004407407407407408,0.34446928627550577,0.0,0.044864197530864194,0.0044907407407407405,0.0022453703703703702,0.0,0.0,0.0044907407407407405,0.0,0.008061728395061729,1.9919382716049383,1.3002694132801333,600.0,400.0,5.0,5.3975873028581836,6.7073246240154685,12.171151480112101,5.176871684720679,1.7991957676193946,2.2357748746718227,4.0570504933707,1.725623894906893,0.9913975786089191,3.9340551021672048,0.7610242090886459,default
cheap_phys,1,0.2,6.0,0.5,4.0,trap,1,serving_reciprocity+map+rate,3.0,3,6,2,False,0.0024074074074074076,0.01256106071179344,0.009843513377082282,0.0035185185185185185,0.1769135802469136,0.2445679012345679,0.03641975308641975,0.07397069085833916,0.0006049382716049383,0.00011111111111111112,0.175,0.03214285714285714,0.0034567901234567903,0.4106280193236715,0.0020987654320987655,0.005111111111111111,0.29815893943913074,0.0,0.04030864197530864,0.002854938271604938,0.001427469135802469,0.0,0.0,0.002854938271604938,0.0,0.010024691358024692,1.9899753086419754,1.2972621342764121,600.0,400.0,5.0,5.4032146769539295,6.695175157541227,12.541231516982435,5.408964210906127,1.801071558984643,2.231725052513742,4.180410505660812,1.8029880703020424,0.9914552084452658,4.06113882617746,0.8709847499849275,default
cheap_phys,2,0.2,6.0,0.5,4.0,trap,1,serving_reciprocity+map+rate,3.0,3,6,2,False,0.001851851851851852,0.009564293304994687,0.007301173402868318,0.0030246913580246914,0.17425925925925925,0.2367283950617284,0.030246913580246913,0.0375487070492384,0.000345679012345679,0.0001234567901234568,0.11382113821138211,0.04065040650406504,0.003037037037037037,0.5167958656330749,0.0024691358024691358,0.0047777777777777775,0.31103025000364665,0.0,0.040851851851851854,0.004104938271604938,0.002052469135802469,0.0,0.0,0.004104938271604938,0.0,0.009679012345679012,1.990320987654321,1.3287061555142732,600.0,400.0,5.0,5.412043864753278,6.681281438412865,12.25903809593457,5.314134918188104,1.8040146215844257,2.2270938128042883,4.086346031978191,1.7713783060627013,0.986539725953694,3.965471379568779,0.9899633340537548,default
cheap_phys,3,0.2,6.0,0.5,4.0,trap,1,serving_reciprocity+map+rate,3.0,3,6,2,False,0.002037037037037037,0.014794267221451687,0.010226216299969011,0.003765432098765432,0.1335185185185185,0.19919753086419753,0.016049382716049384,0.047156726768377254,0.00038271604938271603,9.876543209876543e-05,0.10839160839160839,0.027972027972027972,0.0035308641975308644,0.3768844221105528,0.001851851851851852,0.004913580246913581,0.2463010812004948,0.0,0.031234567901234567,0.0026697530864197533,0.0013348765432098766,0.0,0.0,0.0026697530864197533,0.0,0.005493827160493827,1.9945061728395062,1.3384332058840047,600.0,400.0,5.0,5.406661549709966,6.7298243920753755,12.806652208402646,5.340468799925379,1.8022205165699887,2.2432747973584584,4.268884069467549,1.780156266641793,1.0001524018891992,4.150068236975036,0.8325318329734728,default
cheap_phys,4,0.2,6.0,0.5,4.0,trap,1,serving_reciprocity+map+rate,3.0,3,6,2,False,0.001851851851851852,0.010780669144981412,0.008732309545317675,0.0030246913580246914,0.16604938271604938,0.205,0.042777777777777776,0.12602230483271376,0.00044444444444444447,8.641975308641975e-05,0.1258741258741259,0.024475524475524476,0.0035308641975308644,0.4579831932773109,0.002691358024691358,0.005876543209876543,0.42462877476193545,0.0,0.049962962962962966,0.0021141975308641976,0.0010570987654320988,0.0,0.0,0.0021141975308641976,0.0,0.010567901234567901,1.9894320987654321,1.2318651886355374,600.0,400.0,5.0,5.396083349729672,6.69815555866086,12.059178058753435,5.254661472065715,1.7986944499098907,2.23271851955362,4.019726019584478,1.7515538240219048,0.9731164788038275,3.900159175111307,0.9129286670358852,default
cheap_phys,5,0.2,6.0,0.5,4.0,trap,1,serving_reciprocity+map+rate,3.0,3,6,2,False,0.0010493827160493827,0.007739938080495356,0.0061283345349675555,0.0019135802469135803,0.11962962962962963,0.17123456790123456,0.028580246913580246,0.05263157894736842,0.00019753086419753085,0.00011111111111111112,0.06451612903225806,0.036290322580645164,0.0030617283950617282,0.39244186046511625,0.0016666666666666668,0.004246913580246914,0.2255996279310473,0.0,0.029839506172839505,0.004537037037037037,0.0022685185185185187,0.0,0.0,0.004537037037037037,0.0,0.009592592592592592,1.9904074074074074,1.3339114976439201,600.0,400.0,5.0,5.423335932850391,6.723089349387422,12.156760576332136,5.3473887133150795,1.8077786442834638,2.241029783129141,4.052253525444045,1.7824629044383598,1.000282397115589,3.9268554544946492,0.9217710410011932,default
cheap_phys,6,0.2,6.0,0.5,4.0,trap,1,serving_reciprocity+map+rate,3.0,3,6,2,False,0.0016666666666666668,0.012282497441146366,0.008976063829787235,0.0025308641975308644,0.12061728395061729,0.18567901234567902,0.019074074074074073,0.04452405322415558,0.0002839506172839506,8.641975308641975e-05,0.09663865546218488,0.029411764705882353,0.0029382716049382715,0.3961218836565097,0.0017654320987654322,0.00445679012345679,0.2077721701750462,0.0,0.02808641975308642,0.002993827160493827,0.0014969135802469136,0.0,0.0,0.002993827160493827,0.0,0.0067654320987654325,1.9932345679012347,1.3204694073872034,600.0,400.0,5.0,5.4140534108651925,6.714858243582173,12.513146674460101,5.312442601466293,1.8046844702883975,2.2382860811940577,4.1710488914867,1.7708142004887644,1.0075622293139008,4.047526060352476,0.995771583984606,default
cheap_phys,7,0.2,6.0,0.5,4.0,trap,1,serving_reciprocity+map+rate,3.0,3,6,2,False,0.0012962962962962963,0.01090909090909091,0.007888805409466567,0.0024691358024691358,0.11882716049382716,0.164320987654321,0.022469135802469137,0.034805194805194804,0.0002962962962962963,9.876543209876543e-05,0.08664259927797834,0.02888086642599278,0.003419753086419753,0.3619791666666667,0.0017160493827160495,0.004740740740740741,0.20533061203381806,0.0,0.02808641975308642,0.002021604938271605,0.0010108024691358026,0.0,0.0,0.002006172839506173,1.54320987654321e-05,0.00637037037037037,1.9936296296296296,1.3806893939765907,600.0,400.0,5.0,5.403742565189801,6.6848746272912685,12.615731826096777,5.169306173143329,1.8012475217299337,2.228291542430423,4.205243942032259,1.723102057714443,1.0055429184573565,4.083253610925885,0.9936079169856384,default
cheap_phys,8,0.2,6.0,0.5,4.0,trap,1,serving_reciprocity+map+rate,3.0,3,6,2,False,0.0017283950617283952,0.011215791834903545,0.008652246256239601,0.002777777777777778,0.1375925925925926,0.18549382716049384,0.025987654320987656,0.08927770300583221,0.0003580246913580247,4.938271604938271e-05,0.12184873949579832,0.01680672268907563,0.0029382716049382715,0.3659942363112392,0.0015679012345679011,0.00428395061728395,0.22001303901373273,0.0,0.0294320987654321,0.004166666666666667,0.0020833333333333333,0.0,0.0,0.004166666666666667,0.0,0.008790123456790123,1.9912098765432098,1.3387624163993463,600.0,400.0,5.0,5.393690921572083,6.716062985529939,12.242460990456756,5.410083779039509,1.797896973857361,2.238687661843313,4.080820330152252,1.803361259679836,0.9904300107142289,3.9588057493214475,0.9406845000339672,default
cheap_phys,9,0.2,6.0,0.5,4.0,trap,1,serving_reciprocity+map+rate,3.0,3,6,2,False,0.0017283950617283952,0.008617718028266115,0.00719609354921614,0.0033950617283950617,0.17907407407407408,0.2401851851851852,0.03666666666666667,0.0896242674939676,0.00044444444444444447,0.00013580246913580247,0.14937759336099585,0.04564315352697095,0.0029753086419753087,0.4423076923076923,0.001987654320987654,0.004493827160493827,0.27542367550865665,0.0,0.03630864197530864,0.0035956790123456792,0.0017978395061728396,0.0,0.0,0.0035956790123456792,0.0,0.010407407407407407,1.9895925925925926,1.4733633372071295,600.0,400.0,5.0,5.422415322598476,6.696291088574371,12.308225098843337,5.535019675246978,1.807471774199492,2.2320970295247906,4.1027416996144455,1.8450065584156592,1.014685727788178,3.9752864459782273,0.9610252500278875,default
cheap_phys,0,0.2,6.0,1.0,4.0,trap,1,serving_reciprocity+map+rate,3.0,3,6,2,False,0.0016666666666666668,0.00929432013769363,0.00693196405648267,0.0030864197530864196,0.179320987654321,0.2404320987654321,0.021296296296296296,0.060585197934595526,0.00045679012345679014,4.938271604938271e-05,0.1574468085106383,0.01702127659574468,0.0029012345679012346,0.44537815126050423,0.001962962962962963,0.004407407407407408,0.34446928627550577,0.0,0.044864197530864194,0.0044907407407407405,0.0022453703703703702,0.0,0.0,0.0044907407407407405,0.0,0.008061728395061729,1.9919382716049383,1.3002694132801333,600.0,400.0,5.0,5.3975873028581836,6.7073246240154685,12.171151480112101,5.176871684720679,1.7991957676193946,2.2357748746718227,4.0570504933707,1.725623894906893,0.9913975786089191,3.9340551021672048,0.7750424999976531,default
cheap_phys,1,0.2,6.0,1.0,4.0,trap,1,serving_reciprocity+map+rate,3.0,3,6,2,False,0.0024074074074074076,0.01256106071179344,0.009843513377082282,0.0035185185185185185,0.1769135802469136,0.2445679012345679,0.03641975308641975,0.07397069085833916,0.0006049382716049383,0.00011111111111111112,0.175,0.03214285714285714,0.0034567901234567903,0.4106280193236715,0.0020987654320987655,0.005111111111111111,0.29815893943913074,0.0,0.04030864197530864,0.002854938271604938,0.001427469135802469,0.0,0.0,0.002854938271604938,0.0,0.010024691358024692,1.9899753086419754,1.2972621342764121,600.0,400.0,5.0,5.4032146769539295,6.695175157541227,12.541231516982435,5.408964210906127,1.801071558984643,2.231725052513742,4.180410505660812,1.8029880703020424,0.9914552084452658,4.06113882617746,0.8168730000033975,default
cheap_phys,2,0.2,6.0,1.0,4.0,trap,1,serving_reciprocity+map+rate,3.0,3,6,2,False,0.001851851851851852,0.009564293304994687,0.007301173402868318,0.0030246913580246914,0.17425925925925925,0.2367283950617284,0.030246913580246913,0.0375487070492384,0.000345679012345679,0.0001234567901234568,0.11382113821138211,0.04065040650406504,0.003037037037037037,0.5167958656330749,0.0024691358024691358,0.0047777777777777775,0.31103025000364665,0.0,0.040851851851851854,0.004104938271604938,0.002052469135802469,0.0,0.0,0.004104938271604938,0.0,0.009679012345679012,1.990320987654321,1.3287061555142732,600.0,400.0,5.0,5.412043864753278,6.681281438412865,12.25903809593457,5.314134918188104,1.8040146215844257,2.2270938128042883,4.086346031978191,1.7713783060627013,0.986539725953694,3.965471379568779,0.8996882090577856,default
cheap_phys,3,0.2,6.0,1.0,4.0,trap,1,serving_reciprocity+map+rate,3.0,3,6,2,False,0.002037037037037037,0.014794267221451687,0.010226216299969011,0.003765432098765432,0.1335185185185185,0.19919753086419753,0.016049382716049384,0.047156726768377254,0.00038271604938271603,9.876543209876543e-05,0.10839160839160839,0.027972027972027972,0.0035308641975308644,0.3768844221105528,0.001851851851851852,0.004913580246913581,0.2463010812004948,0.0,0.031234567901234567,0.0026697530864197533,0.0013348765432098766,0.0,0.0,0.0026697530864197533,0.0,0.005493827160493827,1.9945061728395062,1.3384332058840047,600.0,400.0,5.0,5.406661549709966,6.7298243920753755,12.806652208402646,5.340468799925379,1.8022205165699887,2.2432747973584584,4.268884069467549,1.780156266641793,1.0001524018891992,4.150068236975036,0.8951567079639062,default
cheap_phys,4,0.2,6.0,1.0,4.0,trap,1,serving_reciprocity+map+rate,3.0,3,6,2,False,0.001851851851851852,0.010780669144981412,0.008732309545317675,0.0030246913580246914,0.16604938271604938,0.205,0.042777777777777776,0.12602230483271376,0.00044444444444444447,8.641975308641975e-05,0.1258741258741259,0.024475524475524476,0.0035308641975308644,0.4579831932773109,0.002691358024691358,0.005876543209876543,0.42462877476193545,0.0,0.049962962962962966,0.0021141975308641976,0.0010570987654320988,0.0,0.0,0.0021141975308641976,0.0,0.010567901234567901,1.9894320987654321,1.2318651886355374,600.0,400.0,5.0,5.396083349729672,6.69815555866086,12.059178058753435,5.254661472065715,1.7986944499098907,2.23271851955362,4.019726019584478,1.7515538240219048,0.9731164788038275,3.900159175111307,1.087678707903251,default
cheap_phys,5,0.2,6.0,1.0,4.0,trap,1,serving_reciprocity+map+rate,3.0,3,6,2,False,0.0010493827160493827,0.007739938080495356,0.0061283345349675555,0.0019135802469135803,0.11962962962962963,0.17123456790123456,0.028580246913580246,0.05263157894736842,0.00019753086419753085,0.00011111111111111112,0.06451612903225806,0.036290322580645164,0.0030617283950617282,0.39244186046511625,0.0016666666666666668,0.004246913580246914,0.2255996279310473,0.0,0.029839506172839505,0.004537037037037037,0.0022685185185185187,0.0,0.0,0.004537037037037037,0.0,0.009592592592592592,1.9904074074074074,1.3339114976439201,600.0,400.0,5.0,5.423335932850391,6.723089349387422,12.156760576332136,5.3473887133150795,1.8077786442834638,2.241029783129141,4.052253525444045,1.7824629044383598,1.000282397115589,3.9268554544946492,0.9204335830872878,default
cheap_phys,6,0.2,6.0,1.0,4.0,trap,1,serving_reciprocity+map+rate,3.0,3,6,2,False,0.0016666666666666668,0.012282497441146366,0.008976063829787235,0.0025308641975308644,0.12061728395061729,0.18567901234567902,0.019074074074074073,0.04452405322415558,0.0002839506172839506,8.641975308641975e-05,0.09663865546218488,0.029411764705882353,0.0029382716049382715,0.3961218836565097,0.0017654320987654322,0.00445679012345679,0.2077721701750462,0.0,0.02808641975308642,0.002993827160493827,0.0014969135802469136,0.0,0.0,0.002993827160493827,0.0,0.0067654320987654325,1.9932345679012347,1.3204694073872034,600.0,400.0,5.0,5.4140534108651925,6.714858243582173,12.513146674460101,5.312442601466293,1.8046844702883975,2.2382860811940577,4.1710488914867,1.7708142004887644,1.0075622293139008,4.047526060352476,0.8599139999132603,default
cheap_phys,7,0.2,6.0,1.0,4.0,trap,1,serving_reciprocity+map+rate,3.0,3,6,2,False,0.0012962962962962963,0.01090909090909091,0.007888805409466567,0.0024691358024691358,0.11882716049382716,0.164320987654321,0.022469135802469137,0.034805194805194804,0.0002962962962962963,9.876543209876543e-05,0.08664259927797834,0.02888086642599278,0.003419753086419753,0.3619791666666667,0.0017160493827160495,0.004740740740740741,0.20533061203381806,0.0,0.02808641975308642,0.002021604938271605,0.0010108024691358026,0.0,0.0,0.002006172839506173,1.54320987654321e-05,0.00637037037037037,1.9936296296296296,1.3806893939765907,600.0,400.0,5.0,5.403742565189801,6.6848746272912685,12.615731826096777,5.169306173143329,1.8012475217299337,2.228291542430423,4.205243942032259,1.723102057714443,1.0055429184573565,4.083253610925885,0.9186443749349564,default
cheap_phys,8,0.2,6.0,1.0,4.0,trap,1,serving_reciprocity+map+rate,3.0,3,6,2,False,0.0017283950617283952,0.011215791834903545,0.008652246256239601,0.002777777777777778,0.1375925925925926,0.18549382716049384,0.025987654320987656,0.08927770300583221,0.0003580246913580247,4.938271604938271e-05,0.12184873949579832,0.01680672268907563,0.0029382716049382715,0.3659942363112392,0.0015679012345679011,0.00428395061728395,0.22001303901373273,0.0,0.0294320987654321,0.004166666666666667,0.0020833333333333333,0.0,0.0,0.004166666666666667,0.0,0.008790123456790123,1.9912098765432098,1.3387624163993463,600.0,400.0,5.0,5.393690921572083,6.716062985529939,12.242460990456756,5.410083779039509,1.797896973857361,2.238687661843313,4.080820330152252,1.803361259679836,0.9904300107142289,3.9588057493214475,0.8705127079738304,default
cheap_phys,9,0.2,6.0,1.0,4.0,trap,1,serving_reciprocity+map+rate,3.0,3,6,2,False,0.0017283950617283952,0.008617718028266115,0.00719609354921614,0.0033950617283950617,0.17907407407407408,0.2401851851851852,0.03666666666666667,0.0896242674939676,0.00044444444444444447,0.00013580246913580247,0.14937759336099585,0.04564315352697095,0.0029753086419753087,0.4423076923076923,0.001987654320987654,0.004493827160493827,0.27542367550865665,0.0,0.03630864197530864,0.0035956790123456792,0.0017978395061728396,0.0,0.0,0.0035956790123456792,0.0,0.010407407407407407,1.9895925925925926,1.4733633372071295,600.0,400.0,5.0,5.422415322598476,6.696291088574371,12.308225098843337,5.535019675246978,1.807471774199492,2.2320970295247906,4.1027416996144455,1.8450065584156592,1.014685727788178,3.9752864459782273,1.1158665840048343,default
cheap_phys,0,0.2,10.0,0.0,4.0,trap,1,serving_reciprocity+map+rate,3.0,3,6,2,False,0.0019135802469135803,0.004178674351585014,0.0036188178528347406,0.003765432098765432,0.4283950617283951,0.5117283950617284,0.19055555555555556,0.31095100864553316,0.0005802469135802469,9.876543209876543e-05,0.1828793774319066,0.0311284046692607,0.0031728395061728395,0.485,0.0023950617283950617,0.0049382716049382715,0.4030616626597432,0.0,0.05308641975308642,0.0044907407407407405,0.0022453703703703702,0.0,0.0,0.0044907407407407405,0.0,0.04208641975308642,1.9579135802469136,1.2868670126892114,600.0,400.0,5.0,5.3975873028581836,6.7073246240154685,12.171151480112101,5.176871684720679,1.7991957676193946,2.2357748746718227,4.0570504933707,1.725623894906893,0.9913975786089191,3.9340551021672048,0.7428372909780592,default
cheap_phys,1,0.2,10.0,0.0,4.0,trap,1,serving_reciprocity+map+rate,3.0,3,6,2,False,0.002654320987654321,0.007253711201079622,0.005905782172778464,0.0038888888888888888,0.36592592592592593,0.4494444444444444,0.155,0.24578272604588394,0.0007160493827160494,0.00016049382716049382,0.19727891156462585,0.04421768707482993,0.00362962962962963,0.42080378250591016,0.002197530864197531,0.005222222222222222,0.3154985381805854,0.0,0.04198765432098765,0.002854938271604938,0.001427469135802469,0.0,0.0,0.002854938271604938,0.0,0.03381481481481481,1.9661851851851853,1.2962464288572857,600.0,400.0,5.0,5.4032146769539295,6.695175157541227,12.541231516982435,5.408964210906127,1.801071558984643,2.231725052513742,4.180410505660812,1.8029880703020424,0.9914552084452658,4.06113882617746,0.7821366670541465,default
cheap_phys,2,0.2,10.0,0.0,4.0,trap,1,serving_reciprocity+map+rate,3.0,3,6,2,False,0.0021604938271604936,0.0056065239551478085,0.004955401387512388,0.0035185185185185185,0.36333333333333334,0.4359876543209876,0.14851851851851852,0.24464831804281345,0.0004938271604938272,0.00013580246913580247,0.1556420233463035,0.042801556420233464,0.0031728395061728395,0.5217391304347826,0.0025185185185185185,0.00482716049382716,0.31937110447594835,0.0,0.04216049382716049,0.004104938271604938,0.002052469135802469,0.0,0.0,0.004104938271604938,0.0,0.033407407407407406,1.9665925925925927,1.3237974660673282,600.0,400.0,5.0,5.412043864753278,6.681281438412865,12.25903809593457,5.314134918188104,1.8040146215844257,2.2270938128042883,4.086346031978191,1.7713783060627013,0.986539725953694,3.965471379568779,0.7873481248971075,default
cheap_phys,3,0.2,10.0,0.0,4.0,trap,1,serving_reciprocity+map+rate,3.0,3,6,2,False,0.0024074074074074076,0.007244918494666935,0.006108065779169929,0.004197530864197531,0.3067283950617284,0.3941358024691358,0.1582716049382716,0.28879050110686255,0.0005185185185185185,0.0001234567901234568,0.13725490196078433,0.032679738562091505,0.003777777777777778,0.4019138755980861,0.002074074074074074,0.005160493827160494,0.2771698587877173,0.0,0.034333333333333334,0.0026697530864197533,0.0013348765432098766,0.0,0.0,0.0026697530864197533,0.0,0.034012345679012346,1.9659876543209878,1.3363730241256333,600.0,400.0,5.0,5.406661549709966,6.7298243920753755,12.806652208402646,5.340468799925379,1.8022205165699887,2.2432747973584584,4.268884069467549,1.780156266641793,1.0001524018891992,4.150068236975036,0.8917233749525622,default
cheap_phys,4,0.2,10.0,0.0,4.0,trap,1,serving_reciprocity+map+rate,3.0,3,6,2,False,0.0017901234567901235,0.005494505494505495,0.004696410600469641,0.003148148148148148,0.30333333333333334,0.3680246913580247,0.1869753086419753,0.3956043956043956,0.0005679012345679012,8.641975308641975e-05,0.15282392026578073,0.023255813953488372,0.0037160493827160493,0.4397463002114165,0.002567901234567901,0.005839506172839506,0.420595114405738,0.0,0.05490123456790123,0.0021141975308641976,0.0010570987654320988,0.0,0.0,0.0021141975308641976,0.0,0.03950617283950617,1.960493827160494,1.2294933271683233,600.0,400.0,5.0,5.396083349729672,6.69815555866086,12.059178058753435,5.254661472065715,1.7986944499098907,2.23271851955362,4.019726019584478,1.7515538240219048,0.9731164788038275,3.900159175111307,0.9276702499482781,default
cheap_phys,5,0.2,10.0,0.0,4.0,trap,1,serving_reciprocity+map+rate,3.0,3,6,2,False,0.0012345679012345679,0.004481290611696168,0.003551767004084532,0.0021604938271604936,0.2754938271604938,0.3475925925925926,0.17944444444444443,0.34237060273358727,0.00025925925925925926,0.0001234567901234568,0.08300395256916997,0.039525691699604744,0.003123456790123457,0.39233038348082594,0.0016419753086419752,0.004185185185185185,0.2325943351471325,0.0,0.030617283950617285,0.004537037037037037,0.0022685185185185187,0.0,0.0,0.004537037037037037,0.0,0.03992592592592593,1.960074074074074,1.3340423307245828,600.0,400.0,5.0,5.423335932850391,6.723089349387422,12.156760576332136,5.3473887133150795,1.8077786442834638,2.241029783129141,4.052253525444045,1.7824629044383598,1.000282397115589,3.9268554544946492,0.8810059159295633,default
cheap_phys,6,0.2,10.0,0.0,4.0,trap,1,serving_reciprocity+map+rate,3.0,3,6,2,False,0.0019135802469135803,0.0062318238471125885,0.005055446836268754,0.0029012345679012346,0.2971604938271605,0.37851851851851853,0.1384567901234568,0.2690070627336934,0.00038271604938271603,0.0001234567901234568,0.1220472440944882,0.03937007874015748,0.0031358024691358023,0.40053763440860213,0.0018395061728395062,0.0045925925925925926,0.22118963653146767,0.0,0.0294320987654321,0.002993827160493827,0.0014969135802469136,0.0,0.0,0.002993827160493827,0.0,0.03080246913580247,1.9691975308641976,1.3188529239635163,600.0,400.0,5.0,5.4140534108651925,6.714858243582173,12.513146674460101,5.312442601466293,1.8046844702883975,2.2382860811940577,4.1710488914867,1.7708142004887644,1.0075622293139008,4.047526060352476,1.069240500102751,default
cheap_phys,7,0.2,10.0,0.0,4.0,trap,1,serving_reciprocity+map+rate,3.0,3,6,2,False,0.001419753086419753,0.0049686757399006265,0.004024496937882764,0.002654320987654321,0.28574074074074074,0.3527777777777778,0.1448148148148148,0.2741412832145172,0.00037037037037037035,0.00013580246913580247,0.1056338028169014,0.03873239436619718,0.003506172839506173,0.37662337662337664,0.0017901234567901235,0.004753086419753087,0.21570959902854228,0.0,0.02904938271604938,0.002021604938271605,0.0010108024691358026,0.0,0.0,0.002006172839506173,1.54320987654321e-05,0.03091358024691358,1.9690864197530864,1.381167934616573,600.0,400.0,5.0,5.403742565189801,6.6848746272912685,12.615731826096777,5.169306173143329,1.8012475217299337,2.228291542430423,4.205243942032259,1.723102057714443,1.0055429184573565,4.083253610925885,0.9557960829697549,default
cheap_phys,8,0.2,10.0,0.0,4.0,trap,1,serving_reciprocity+map+rate,3.0,3,6,2,False,0.0022222222222222222,0.007265933153414989,0.005923168048739211,0.0034567901234567903,0.29734567901234565,0.36475308641975307,0.1562962962962963,0.29209051276728254,0.0004814814814814815,4.938271604938271e-05,0.15918367346938775,0.0163265306122449,0.0030246913580246914,0.3903133903133903,0.0016913580246913581,0.004333333333333333,0.2748283682221627,0.0,0.035938271604938274,0.004166666666666667,0.0020833333333333333,0.0,0.0,0.004166666666666667,0.0,0.034901234567901236,1.9650987654320988,1.3350343489399237,600.0,400.0,5.0,5.393690921572083,6.716062985529939,12.242460990456756,5.410083779039509,1.797896973857361,2.238687661843313,4.080820330152252,1.803361259679836,0.9904300107142289,3.9588057493214475,0.9483918329933658,default
cheap_phys,9,0.2,10.0,0.0,4.0,trap,1,serving_reciprocity+map+rate,3.0,3,6,2,False,0.0022222222222222222,0.006563354603463993,0.005319148936170213,0.0042592592592592595,0.33858024691358024,0.4177777777777778,0.18734567901234567,0.3617137648131267,0.000654320987654321,0.00020987654320987656,0.19413919413919414,0.06227106227106227,0.0033703703703703704,0.48048780487804876,0.002432098765432099,0.005061728395061729,0.3134170449856658,0.0,0.04165432098765432,0.0035956790123456792,0.0017978395061728396,0.0,0.0,0.0035956790123456792,0.0,0.04062962962962963,1.9593703703703704,1.4682658693471382,600.0,400.0,5.0,5.422415322598476,6.696291088574371,12.308225098843337,5.535019675246978,1.807471774199492,2.2320970295247906,4.1027416996144455,1.8450065584156592,1.014685727788178,3.9752864459782273,0.9233883339911699,default
cheap_phys,0,0.2,10.0,0.5,4.0,trap,1,serving_reciprocity+map+rate,3.0,3,6,2,False,0.0019135802469135803,0.004178674351585014,0.0036188178528347406,0.003765432098765432,0.4283950617283951,0.5117283950617284,0.19055555555555556,0.31095100864553316,0.0005802469135802469,9.876543209876543e-05,0.1828793774319066,0.0311284046692607,0.0031728395061728395,0.485,0.0023950617283950617,0.0049382716049382715,0.4030616626597432,0.0,0.05308641975308642,0.0044907407407407405,0.0022453703703703702,0.0,0.0,0.0044907407407407405,0.0,0.04208641975308642,1.9579135802469136,1.2868670126892114,600.0,400.0,5.0,5.3975873028581836,6.7073246240154685,12.171151480112101,5.176871684720679,1.7991957676193946,2.2357748746718227,4.0570504933707,1.725623894906893,0.9913975786089191,3.9340551021672048,0.818735541892238,default
cheap_phys,1,0.2,10.0,0.5,4.0,trap,1,serving_reciprocity+map+rate,3.0,3,6,2,False,0.002654320987654321,0.007253711201079622,0.005905782172778464,0.0038888888888888888,0.36592592592592593,0.4494444444444444,0.155,0.24578272604588394,0.0007160493827160494,0.00016049382716049382,0.19727891156462585,0.04421768707482993,0.00362962962962963,0.42080378250591016,0.002197530864197531,0.005222222222222222,0.3154985381805854,0.0,0.04198765432098765,0.002854938271604938,0.001427469135802469,0.0,0.0,0.002854938271604938,0.0,0.03381481481481481,1.9661851851851853,1.2962464288572857,600.0,400.0,5.0,5.4032146769539295,6.695175157541227,12.541231516982435,5.408964210906127,1.801071558984643,2.231725052513742,4.180410505660812,1.8029880703020424,0.9914552084452658,4.06113882617746,0.9391865419456735,default
cheap_phys,2,0.2,10.0,0.5,4.0,trap,1,serving_reciprocity+map+rate,3.0,3,6,2,False,0.0021604938271604936,0.0056065239551478085,0.004955401387512388,0.0035185185185185185,0.36333333333333334,0.4359876543209876,0.14851851851851852,0.24464831804281345,0.0004938271604938272,0.00013580246913580247,0.1556420233463035,0.042801556420233464,0.0031728395061728395,0.5217391304347826,0.0025185185185185185,0.00482716049382716,0.31937110447594835,0.0,0.04216049382716049,0.004104938271604938,0.002052469135802469,0.0,0.0,0.004104938271604938,0.0,0.033407407407407406,1.9665925925925927,1.3237974660673282,600.0,400.0,5.0,5.412043864753278,6.681281438412865,12.25903809593457,5.314134918188104,1.8040146215844257,2.2270938128042883,4.086346031978191,1.7713783060627013,0.986539725953694,3.965471379568779,0.9688200410455465,default
cheap_phys,3,0.2,10.0,0.5,4.0,trap,1,serving_reciprocity+map+rate,3.0,3,6,2,False,0.0024074074074074076,0.007244918494666935,0.006108065779169929,0.004197530864197531,0.3067283950617284,0.3941358024691358,0.1582716049382716,0.28879050110686255,0.0005185185185185185,0.0001234567901234568,0.13725490196078433,0.032679738562091505,0.003777777777777778,0.4019138755980861,0.002074074074074074,0.005160493827160494,0.2771698587877173,0.0,0.034333333333333334,0.0026697530864197533,0.0013348765432098766,0.0,0.0,0.0026697530864197533,0.0,0.034012345679012346,1.9659876543209878,1.3363730241256333,600.0,400.0,5.0,5.406661549709966,6.7298243920753755,12.806652208402646,5.340468799925379,1.8022205165699887,2.2432747973584584,4.268884069467549,1.780156266641793,1.0001524018891992,4.150068236975036,0.9062498329440132,default
cheap_phys,4,0.2,10.0,0.5,4.0,trap,1,serving_reciprocity+map+rate,3.0,3,6,2,False,0.0017901234567901235,0.005494505494505495,0.004696410600469641,0.003148148148148148,0.30333333333333334,0.3680246913580247,0.1869753086419753,0.3956043956043956,0.0005679012345679012,8.641975308641975e-05,0.15282392026578073,0.023255813953488372,0.0037160493827160493,0.4397463002114165,0.002567901234567901,0.005839506172839506,0.420595114405738,0.0,0.05490123456790123,0.0021141975308641976,0.0010570987654320988,0.0,0.0,0.0021141975308641976,0.0,0.03950617283950617,1.960493827160494,1.2294933271683233,600.0,400.0,5.0,5.396083349729672,6.69815555866086,12.059178058753435,5.254661472065715,1.7986944499098907,2.23271851955362,4.019726019584478,1.7515538240219048,0.9731164788038275,3.900159175111307,0.8603958750609308,default
cheap_phys,5,0.2,10.0,0.5,4.0,trap,1,serving_reciprocity+map+rate,3.0,3,6,2,False,0.0012345679012345679,0.004481290611696168,0.003551767004084532,0.0021604938271604936,0.2754938271604938,0.3475925925925926,0.17944444444444443,0.34237060273358727,0.00025925925925925926,0.0001234567901234568,0.08300395256916997,0.039525691699604744,0.003123456790123457,0.39233038348082594,0.0016419753086419752,0.004185185185185185,0.2325943351471325,0.0,0.030617283950617285,0.004537037037037037,0.0022685185185185187,0.0,0.0,0.004537037037037037,0.0,0.03992592592592593,1.960074074074074,1.3340423307245828,600.0,400.0,5.0,5.423335932850391,6.723089349387422,12.156760576332136,5.3473887133150795,1.8077786442834638,2.241029783129141,4.052253525444045,1.7824629044383598,1.000282397115589,3.9268554544946492,0.821895333006978,default
cheap_phys,6,0.2,10.0,0.5,4.0,trap,1,serving_reciprocity+map+rate,3.0,3,6,2,False,0.0019135802469135803,0.0062318238471125885,0.005055446836268754,0.0029012345679012346,0.2971604938271605,0.37851851851851853,0.1384567901234568,0.2690070627336934,0.00038271604938271603,0.0001234567901234568,0.1220472440944882,0.03937007874015748,0.0031358024691358023,0.40053763440860213,0.0018395061728395062,0.0045925925925925926,0.22118963653146767,0.0,0.0294320987654321,0.002993827160493827,0.0014969135802469136,0.0,0.0,0.002993827160493827,0.0,0.03080246913580247,1.9691975308641976,1.3188529239635163,600.0,400.0,5.0,5.4140534108651925,6.714858243582173,12.513146674460101,5.312442601466293,1.8046844702883975,2.2382860811940577,4.1710488914867,1.7708142004887644,1.0075622293139008,4.047526060352476,0.9537495418917388,default
cheap_phys,7,0.2,10.0,0.5,4.0,trap,1,serving_reciprocity+map+rate,3.0,3,6,2,False,0.001419753086419753,0.0049686757399006265,0.004024496937882764,0.002654320987654321,0.28574074074074074,0.3527777777777778,0.1448148148148148,0.2741412832145172,0.00037037037037037035,0.00013580246913580247,0.1056338028169014,0.03873239436619718,0.003506172839506173,0.37662337662337664,0.0017901234567901235,0.004753086419753087,0.21570959902854228,0.0,0.02904938271604938,0.002021604938271605,0.0010108024691358026,0.0,0.0,0.002006172839506173,1.54320987654321e-05,0.03091358024691358,1.9690864197530864,1.381167934616573,600.0,400.0,5.0,5.403742565189801,6.6848746272912685,12.615731826096777,5.169306173143329,1.8012475217299337,2.228291542430423,4.205243942032259,1.723102057714443,1.0055429184573565,4.083253610925885,0.9618838330497965,default
cheap_phys,8,0.2,10.0,0.5,4.0,trap,1,serving_reciprocity+map+rate,3.0,3,6,2,False,0.0022222222222222222,0.007265933153414989,0.005923168048739211,0.0034567901234567903,0.29734567901234565,0.36475308641975307,0.1562962962962963,0.29209051276728254,0.0004814814814814815,4.938271604938271e-05,0.15918367346938775,0.0163265306122449,0.0030246913580246914,0.3903133903133903,0.0016913580246913581,0.004333333333333333,0.2748283682221627,0.0,0.035938271604938274,0.004166666666666667,0.0020833333333333333,0.0,0.0,0.004166666666666667,0.0,0.034901234567901236,1.9650987654320988,1.3350343489399237,600.0,400.0,5.0,5.393690921572083,6.716062985529939,12.242460990456756,5.410083779039509,1.797896973857361,2.238687661843313,4.080820330152252,1.803361259679836,0.9904300107142289,3.9588057493214475,0.9925637090345845,default
cheap_phys,9,0.2,10.0,0.5,4.0,trap,1,serving_reciprocity+map+rate,3.0,3,6,2,False,0.0022222222222222222,0.006563354603463993,0.005319148936170213,0.0042592592592592595,0.33858024691358024,0.4177777777777778,0.18734567901234567,0.3617137648131267,0.000654320987654321,0.00020987654320987656,0.19413919413919414,0.06227106227106227,0.0033703703703703704,0.48048780487804876,0.002432098765432099,0.005061728395061729,0.3134170449856658,0.0,0.04165432098765432,0.0035956790123456792,0.0017978395061728396,0.0,0.0,0.0035956790123456792,0.0,0.04062962962962963,1.9593703703703704,1.4682658693471382,600.0,400.0,5.0,5.422415322598476,6.696291088574371,12.308225098843337,5.535019675246978,1.807471774199492,2.2320970295247906,4.1027416996144455,1.8450065584156592,1.014685727788178,3.9752864459782273,0.9489462909987196,default
cheap_phys,0,0.2,10.0,1.0,4.0,trap,1,serving_reciprocity+map+rate,3.0,3,6,2,False,0.0019135802469135803,0.004178674351585014,0.0036188178528347406,0.003765432098765432,0.4283950617283951,0.5117283950617284,0.19055555555555556,0.31095100864553316,0.0005802469135802469,9.876543209876543e-05,0.1828793774319066,0.0311284046692607,0.0031728395061728395,0.485,0.0023950617283950617,0.0049382716049382715,0.4030616626597432,0.0,0.05308641975308642,0.0044907407407407405,0.0022453703703703702,0.0,0.0,0.0044907407407407405,0.0,0.04208641975308642,1.9579135802469136,1.2868670126892114,600.0,400.0,5.0,5.3975873028581836,6.7073246240154685,12.171151480112101,5.176871684720679,1.7991957676193946,2.2357748746718227,4.0570504933707,1.725623894906893,0.9913975786089191,3.9340551021672048,0.909362957929261,default
cheap_phys,1,0.2,10.0,1.0,4.0,trap,1,serving_reciprocity+map+rate,3.0,3,6,2,False,0.002654320987654321,0.007253711201079622,0.005905782172778464,0.0038888888888888888,0.36592592592592593,0.4494444444444444,0.155,0.24578272604588394,0.0007160493827160494,0.00016049382716049382,0.19727891156462585,0.04421768707482993,0.00362962962962963,0.42080378250591016,0.002197530864197531,0.005222222222222222,0.3154985381805854,0.0,0.04198765432098765,0.002854938271604938,0.001427469135802469,0.0,0.0,0.002854938271604938,0.0,0.03381481481481481,1.9661851851851853,1.2962464288572857,600.0,400.0,5.0,5.4032146769539295,6.695175157541227,12.541231516982435,5.408964210906127,1.801071558984643,2.231725052513742,4.180410505660812,1.8029880703020424,0.9914552084452658,4.06113882617746,0.8680305419256911,default
cheap_phys,2,0.2,10.0,1.0,4.0,trap,1,serving_reciprocity+map+rate,3.0,3,6,2,False,0.0021604938271604936,0.0056065239551478085,0.004955401387512388,0.0035185185185185185,0.36333333333333334,0.4359876543209876,0.14851851851851852,0.24464831804281345,0.0004938271604938272,0.00013580246913580247,0.1556420233463035,0.042801556420233464,0.0031728395061728395,0.5217391304347826,0.0025185185185185185,0.00482716049382716,0.31937110447594835,0.0,0.04216049382716049,0.004104938271604938,0.002052469135802469,0.0,0.0,0.004104938271604938,0.0,0.033407407407407406,1.9665925925925927,1.3237974660673282,600.0,400.0,5.0,5.412043864753278,6.681281438412865,12.25903809593457,5.314134918188104,1.8040146215844257,2.2270938128042883,4.086346031978191,1.7713783060627013,0.986539725953694,3.965471379568779,0.8398699579993263,default
cheap_phys,3,0.2,10.0,1.0,4.0,trap,1,serving_reciprocity+map+rate,3.0,3,6,2,False,0.0024074074074074076,0.007244918494666935,0.006108065779169929,0.004197530864197531,0.3067283950617284,0.3941358024691358,0.1582716049382716,0.28879050110686255,0.0005185185185185185,0.0001234567901234568,0.13725490196078433,0.032679738562091505,0.003777777777777778,0.4019138755980861,0.002074074074074074,0.005160493827160494,0.2771698587877173,0.0,0.034333333333333334,0.0026697530864197533,0.0013348765432098766,0.0,0.0,0.0026697530864197533,0.0,0.034012345679012346,1.9659876543209878,1.3363730241256333,600.0,400.0,5.0,5.406661549709966,6.7298243920753755,12.806652208402646,5.340468799925379,1.8022205165699887,2.2432747973584584,4.268884069467549,1.780156266641793,1.0001524018891992,4.150068236975036,0.9326837079133838,default
cheap_phys,4,0.2,10.0,1.0,4.0,trap,1,serving_reciprocity+map+rate,3.0,3,6,2,False,0.0017901234567901235,0.005494505494505495,0.004696410600469641,0.003148148148148148,0.30333333333333334,0.3680246913580247,0.1869753086419753,0.3956043956043956,0.0005679012345679012,8.641975308641975e-05,0.15282392026578073,0.023255813953488372,0.0037160493827160493,0.4397463002114165,0.002567901234567901,0.005839506172839506,0.420595114405738,0.0,0.05490123456790123,0.0021141975308641976,0.0010570987654320988,0.0,0.0,0.0021141975308641976,0.0,0.03950617283950617,1.960493827160494,1.2294933271683233,600.0,400.0,5.0,5.396083349729672,6.69815555866086,12.059178058753435,5.254661472065715,1.7986944499098907,2.23271851955362,4.019726019584478,1.7515538240219048,0.9731164788038275,3.900159175111307,0.9027737498981878,default
cheap_phys,5,0.2,10.0,1.0,4.0,trap,1,serving_reciprocity+map+rate,3.0,3,6,2,False,0.0012345679012345679,0.004481290611696168,0.003551767004084532,0.0021604938271604936,0.2754938271604938,0.3475925925925926,0.17944444444444443,0.34237060273358727,0.00025925925925925926,0.0001234567901234568,0.08300395256916997,0.039525691699604744,0.003123456790123457,0.39233038348082594,0.0016419753086419752,0.004185185185185185,0.2325943351471325,0.0,0.030617283950617285,0.004537037037037037,0.0022685185185185187,0.0,0.0,0.004537037037037037,0.0,0.03992592592592593,1.960074074074074,1.3340423307245828,600.0,400.0,5.0,5.423335932850391,6.723089349387422,12.156760576332136,5.3473887133150795,1.8077786442834638,2.241029783129141,4.052253525444045,1.7824629044383598,1.000282397115589,3.9268554544946492,0.9217249170178548,default
cheap_phys,6,0.2,10.0,1.0,4.0,trap,1,serving_reciprocity+map+rate,3.0,3,6,2,False,0.0019135802469135803,0.0062318238471125885,0.005055446836268754,0.0029012345679012346,0.2971604938271605,0.37851851851851853,0.1384567901234568,0.2690070627336934,0.00038271604938271603,0.0001234567901234568,0.1220472440944882,0.03937007874015748,0.0031358024691358023,0.40053763440860213,0.0018395061728395062,0.0045925925925925926,0.22118963653146767,0.0,0.0294320987654321,0.002993827160493827,0.0014969135802469136,0.0,0.0,0.002993827160493827,0.0,0.03080246913580247,1.9691975308641976,1.3188529239635163,600.0,400.0,5.0,5.4140534108651925,6.714858243582173,12.513146674460101,5.312442601466293,1.8046844702883975,2.2382860811940577,4.1710488914867,1.7708142004887644,1.0075622293139008,4.047526060352476,0.9126847920706496,default
cheap_phys,7,0.2,10.0,1.0,4.0,trap,1,serving_reciprocity+map+rate,3.0,3,6,2,False,0.001419753086419753,0.0049686757399006265,0.004024496937882764,0.002654320987654321,0.28574074074074074,0.3527777777777778,0.1448148148148148,0.2741412832145172,0.00037037037037037035,0.00013580246913580247,0.1056338028169014,0.03873239436619718,0.003506172839506173,0.37662337662337664,0.0017901234567901235,0.004753086419753087,0.21570959902854228,0.0,0.02904938271604938,0.002021604938271605,0.0010108024691358026,0.0,0.0,0.002006172839506173,1.54320987654321e-05,0.03091358024691358,1.9690864197530864,1.381167934616573,600.0,400.0,5.0,5.403742565189801,6.6848746272912685,12.615731826096777,5.169306173143329,1.8012475217299337,2.228291542430423,4.205243942032259,1.723102057714443,1.0055429184573565,4.083253610925885,0.7974006669828668,default
cheap_phys,8,0.2,10.0,1.0,4.0,trap,1,serving_reciprocity+map+rate,3.0,3,6,2,False,0.0022222222222222222,0.007265933153414989,0.005923168048739211,0.0034567901234567903,0.29734567901234565,0.36475308641975307,0.1562962962962963,0.29209051276728254,0.0004814814814814815,4.938271604938271e-05,0.15918367346938775,0.0163265306122449,0.0030246913580246914,0.3903133903133903,0.0016913580246913581,0.004333333333333333,0.2748283682221627,0.0,0.035938271604938274,0.004166666666666667,0.0020833333333333333,0.0,0.0,0.004166666666666667,0.0,0.034901234567901236,1.9650987654320988,1.3350343489399237,600.0,400.0,5.0,5.393690921572083,6.716062985529939,12.242460990456756,5.410083779039509,1.797896973857361,2.238687661843313,4.080820330152252,1.803361259679836,0.9904300107142289,3.9588057493214475,0.8712344999657944,default
cheap_phys,9,0.2,10.0,1.0,4.0,trap,1,serving_reciprocity+map+rate,3.0,3,6,2,False,0.0022222222222222222,0.006563354603463993,0.005319148936170213,0.0042592592592592595,0.33858024691358024,0.4177777777777778,0.18734567901234567,0.3617137648131267,0.000654320987654321,0.00020987654320987656,0.19413919413919414,0.06227106227106227,0.0033703703703703704,0.48048780487804876,0.002432098765432099,0.005061728395061729,0.3134170449856658,0.0,0.04165432098765432,0.0035956790123456792,0.0017978395061728396,0.0,0.0,0.0035956790123456792,0.0,0.04062962962962963,1.9593703703703704,1.4682658693471382,600.0,400.0,5.0,5.422415322598476,6.696291088574371,12.308225098843337,5.535019675246978,1.807471774199492,2.2320970295247906,4.1027416996144455,1.8450065584156592,1.014685727788178,3.9752864459782273,0.9069942500209436,default
cheap_phys,0,0.2,15.0,0.0,4.0,trap,1,serving_reciprocity+map+rate,3.0,3,6,2,False,0.0019135802469135803,0.002850836858561707,0.002547456652148903,0.003580246913580247,0.6712345679012346,0.7511728395061729,0.5596296296296296,0.7746919256943168,0.000654320987654321,9.876543209876543e-05,0.2,0.03018867924528302,0.003271604938271605,0.49382716049382713,0.0024691358024691358,0.005,0.42204873258867903,0.0,0.05538271604938272,0.0044907407407407405,0.0022453703703703702,0.0,0.0,0.0044907407407407405,0.0,0.11590123456790123,1.8840987654320989,1.2891983590959049,600.0,400.0,5.0,5.3975873028581836,6.7073246240154685,12.171151480112101,5.176871684720679,1.7991957676193946,2.2357748746718227,4.0570504933707,1.725623894906893,0.9913975786089191,3.9340551021672048,0.7651865420630202,default
cheap_phys,1,0.2,15.0,0.0,4.0,trap,1,serving_reciprocity+map+rate,3.0,3,6,2,False,0.0027160493827160493,0.004412519240636224,0.003980459562149448,0.004012345679012346,0.6015432098765432,0.6823456790123457,0.5087654320987655,0.7827603899435608,0.0007654320987654321,0.00016049382716049382,0.20394736842105263,0.04276315789473684,0.0037530864197530866,0.4225352112676056,0.0022222222222222222,0.0052592592592592595,0.3235547347122203,0.0,0.04301234567901235,0.002854938271604938,0.001427469135802469,0.0,0.0,0.002854938271604938,0.0,0.1045679012345679,1.895432098765432,1.293956352183031,600.0,400.0,5.0,5.4032146769539295,6.695175157541227,12.541231516982435,5.408964210906127,1.801071558984643,2.231725052513742,4.180410505660812,1.8029880703020424,0.9914552084452658,4.06113882617746,0.8170418329536915,default
cheap_phys,2,0.2,15.0,0.0,4.0,trap,1,serving_reciprocity+map+rate,3.0,3,6,2,False,0.0021604938271604936,0.003756574004507889,0.00339180153115612,0.003580246913580247,0.5751234567901234,0.6369753086419753,0.46030864197530863,0.751636792959107,0.0005061728395061728,0.00013580246913580247,0.15648854961832062,0.04198473282442748,0.0032345679012345677,0.5039164490861618,0.0023827160493827162,0.004728395061728395,0.3259266034061477,0.0,0.0427037037037037,0.004104938271604938,0.002052469135802469,0.0,0.0,0.004104938271604938,0.0,0.09576543209876544,1.9042345679012345,1.3206891604791235,600.0,400.0,5.0,5.412043864753278,6.681281438412865,12.25903809593457,5.314134918188104,1.8040146215844257,2.2270938128042883,4.086346031978191,1.7713783060627013,0.986539725953694,3.965471379568779,0.8258644590387121,default
cheap_phys,3,0.2,15.0,0.0,4.0,trap,1,serving_reciprocity+map+rate,3.0,3,6,2,False,0.0022222222222222222,0.003883495145631068,0.003301843529303861,0.004135802469135802,0.5722222222222222,0.6730246913580247,0.47382716049382717,0.749730312837109,0.0005925925925925926,0.0001234567901234568,0.15384615384615385,0.03205128205128205,0.003851851851851852,0.41330166270783847,0.002148148148148148,0.005197530864197531,0.2862703673444271,0.0,0.035555555555555556,0.0026697530864197533,0.0013348765432098766,0.0,0.0,0.0026697530864197533,0.0,0.09712345679012346,1.9028765432098766,1.3369295444447193,600.0,400.0,5.0,5.406661549709966,6.7298243920753755,12.806652208402646,5.340468799925379,1.8022205165699887,2.2432747973584584,4.268884069467549,1.780156266641793,1.0001524018891992,4.150068236975036,0.8120641249697655,default
cheap_phys,4,0.2,15.0,0.0,4.0,trap,1,serving_reciprocity+map+rate,3.0,3,6,2,False,0.001851851851851852,0.0034626038781163434,0.0030181086519114686,0.0030246913580246914,0.5348148148148149,0.6135802469135803,0.46641975308641975,0.8043628808864266,0.0006172839506172839,0.0001234567901234568,0.16286644951140064,0.03257328990228013,0.0037901234567901234,0.4411134903640257,0.00254320987654321,0.0057654320987654325,0.43544973562650147,0.0,0.05639506172839506,0.0021141975308641976,0.0010570987654320988,0.0,0.0,0.0021141975308641976,0.0,0.09535802469135803,1.9046419753086419,1.2272979279746363,600.0,400.0,5.0,5.396083349729672,6.69815555866086,12.059178058753435,5.254661472065715,1.7986944499098907,2.23271851955362,4.019726019584478,1.7515538240219048,0.9731164788038275,3.900159175111307,0.9160082079470158,default
cheap_phys,5,0.2,15.0,0.0,4.0,trap,1,serving_reciprocity+map+rate,3.0,3,6,2,False,0.0012962962962962963,0.0024896265560165973,0.0021291696238466998,0.0022222222222222222,0.520679012345679,0.6088271604938271,0.4609259259259259,0.809484291641968,0.00032098765432098765,0.00013580246913580247,0.09848484848484848,0.041666666666666664,0.003259259259259259,0.3870967741935484,0.0016296296296296295,0.004209876543209877,0.2543299749885892,0.0,0.03270370370370371,0.004537037037037037,0.0022685185185185187,0.0,0.0,0.004537037037037037,0.0,0.09622222222222222,1.9037777777777778,1.332154056595783,600.0,400.0,5.0,5.423335932850391,6.723089349387422,12.156760576332136,5.3473887133150795,1.8077786442834638,2.241029783129141,4.052253525444045,1.7824629044383598,1.000282397115589,3.9268554544946492,0.8277382499072701,default
cheap_phys,6,0.2,15.0,0.0,4.0,trap,1,serving_reciprocity+map+rate,3.0,3,6,2,False,0.0017901234567901235,0.0034801392055682227,0.002985996705107084,0.002654320987654321,0.5143827160493827,0.5995061728395061,0.39709876543209877,0.6995079803192128,0.0004197530864197531,0.0001234567901234568,0.1328125,0.0390625,0.0031604938271604936,0.41798941798941797,0.0019506172839506173,0.004666666666666667,0.22245706368795104,0.0,0.0298641975308642,0.002993827160493827,0.0014969135802469136,0.0,0.0,0.002993827160493827,0.0,0.08255555555555555,1.9174444444444445,1.3166357483733127,600.0,400.0,5.0,5.4140534108651925,6.714858243582173,12.513146674460101,5.312442601466293,1.8046844702883975,2.2382860811940577,4.1710488914867,1.7708142004887644,1.0075622293139008,4.047526060352476,0.951836624997668,default
cheap_phys,7,0.2,15.0,0.0,4.0,trap,1,serving_reciprocity+map+rate,3.0,3,6,2,False,0.0013580246913580246,0.002569493109086662,0.0022682750799051447,0.002654320987654321,0.5285185185185185,0.5987037037037037,0.43074074074074076,0.7560149497780893,0.00044444444444444447,0.00013580246913580247,0.12371134020618557,0.037800687285223365,0.0035925925925925925,0.37597911227154046,0.0017777777777777779,0.004728395061728395,0.2174472062682561,0.0,0.029222222222222222,0.002021604938271605,0.0010108024691358026,0.0,0.0,0.002006172839506173,1.54320987654321e-05,0.08811111111111111,1.911888888888889,1.3789817459829046,600.0,400.0,5.0,5.403742565189801,6.6848746272912685,12.615731826096777,5.169306173143329,1.8012475217299337,2.228291542430423,4.205243942032259,1.723102057714443,1.0055429184573565,4.083253610925885,0.9960135420551524,default
cheap_phys,8,0.2,15.0,0.0,4.0,trap,1,serving_reciprocity+map+rate,3.0,3,6,2,False,0.0017901234567901235,0.0031759938670463256,0.0027852477910103725,0.0029012345679012346,0.563641975308642,0.6427160493827161,0.47246913580246913,0.7794327017851276,0.0005185185185185185,3.7037037037037037e-05,0.16666666666666666,0.011904761904761904,0.003111111111111111,0.3865546218487395,0.0017037037037037038,0.004407407407407408,0.26951774562766867,0.0,0.03493827160493827,0.004166666666666667,0.0020833333333333333,0.0,0.0,0.004166666666666667,0.0,0.09813580246913581,1.901864197530864,1.340359563256278,600.0,400.0,5.0,5.393690921572083,6.716062985529939,12.242460990456756,5.410083779039509,1.797896973857361,2.238687661843313,4.080820330152252,1.803361259679836,0.9904300107142289,3.9588057493214475,0.9161107919644564,default
cheap_phys,9,0.2,15.0,0.0,4.0,trap,1,serving_reciprocity+map+rate,3.0,3,6,2,False,0.0020987654320987655,0.0036139455782312926,0.003184116875819442,0.004135802469135802,0.5807407407407408,0.6591358024691358,0.4697530864197531,0.7452168367346939,0.000654320987654321,0.00018518518518518518,0.19202898550724637,0.05434782608695652,0.0034074074074074076,0.4718826405867971,0.0023827160493827162,0.005049382716049383,0.3155926489673495,0.0,0.042222222222222223,0.0035956790123456792,0.0017978395061728396,0.0,0.0,0.0035956790123456792,0.0,0.0971111111111111,1.9028888888888889,1.4659999743467684,600.0,400.0,5.0,5.422415322598476,6.696291088574371,12.308225098843337,5.535019675246978,1.807471774199492,2.2320970295247906,4.1027416996144455,1.8450065584156592,1.014685727788178,3.9752864459782273,0.9749738329555839,default
cheap_phys,0,0.2,15.0,0.5,4.0,trap,1,serving_reciprocity+map+rate,3.0,3,6,2,False,0.0019135802469135803,0.002850836858561707,0.002547456652148903,0.003580246913580247,0.6712345679012346,0.7511728395061729,0.5596296296296296,0.7746919256943168,0.000654320987654321,9.876543209876543e-05,0.2,0.03018867924528302,0.003271604938271605,0.49382716049382713,0.0024691358024691358,0.005,0.42204873258867903,0.0,0.05538271604938272,0.0044907407407407405,0.0022453703703703702,0.0,0.0,0.0044907407407407405,0.0,0.11590123456790123,1.8840987654320989,1.2891983590959049,600.0,400.0,5.0,5.3975873028581836,6.7073246240154685,12.171151480112101,5.176871684720679,1.7991957676193946,2.2357748746718227,4.0570504933707,1.725623894906893,0.9913975786089191,3.9340551021672048,0.7947964170016348,default
cheap_phys,1,0.2,15.0,0.5,4.0,trap,1,serving_reciprocity+map+rate,3.0,3,6,2,False,0.0027160493827160493,0.004412519240636224,0.003980459562149448,0.004012345679012346,0.6015432098765432,0.6823456790123457,0.5087654320987655,0.7827603899435608,0.0007654320987654321,0.00016049382716049382,0.20394736842105263,0.04276315789473684,0.0037530864197530866,0.4225352112676056,0.0022222222222222222,0.0052592592592592595,0.3235547347122203,0.0,0.04301234567901235,0.002854938271604938,0.001427469135802469,0.0,0.0,0.002854938271604938,0.0,0.1045679012345679,1.895432098765432,1.293956352183031,600.0,400.0,5.0,5.4032146769539295,6.695175157541227,12.541231516982435,5.408964210906127,1.801071558984643,2.231725052513742,4.180410505660812,1.8029880703020424,0.9914552084452658,4.06113882617746,0.9325497909449041,default
cheap_phys,2,0.2,15.0,0.5,4.0,trap,1,serving_reciprocity+map+rate,3.0,3,6,2,False,0.0021604938271604936,0.003756574004507889,0.00339180153115612,0.003580246913580247,0.5751234567901234,0.6369753086419753,0.46030864197530863,0.751636792959107,0.0005061728395061728,0.00013580246913580247,0.15648854961832062,0.04198473282442748,0.0032345679012345677,0.5039164490861618,0.0023827160493827162,0.004728395061728395,0.3259266034061477,0.0,0.0427037037037037,0.004104938271604938,0.002052469135802469,0.0,0.0,0.004104938271604938,0.0,0.09576543209876544,1.9042345679012345,1.3206891604791235,600.0,400.0,5.0,5.412043864753278,6.681281438412865,12.25903809593457,5.314134918188104,1.8040146215844257,2.2270938128042883,4.086346031978191,1.7713783060627013,0.986539725953694,3.965471379568779,0.8507527909241617,default
cheap_phys,3,0.2,15.0,0.5,4.0,trap,1,serving_reciprocity+map+rate,3.0,3,6,2,False,0.0022222222222222222,0.003883495145631068,0.003301843529303861,0.004135802469135802,0.5722222222222222,0.6730246913580247,0.47382716049382717,0.749730312837109,0.0005925925925925926,0.0001234567901234568,0.15384615384615385,0.03205128205128205,0.003851851851851852,0.41330166270783847,0.002148148148148148,0.005197530864197531,0.2862703673444271,0.0,0.035555555555555556,0.0026697530864197533,0.0013348765432098766,0.0,0.0,0.0026697530864197533,0.0,0.09712345679012346,1.9028765432098766,1.3369295444447193,600.0,400.0,5.0,5.406661549709966,6.7298243920753755,12.806652208402646,5.340468799925379,1.8022205165699887,2.2432747973584584,4.268884069467549,1.780156266641793,1.0001524018891992,4.150068236975036,0.8984229590278119,default
cheap_phys,4,0.2,15.0,0.5,4.0,trap,1,serving_reciprocity+map+rate,3.0,3,6,2,False,0.001851851851851852,0.0034626038781163434,0.0030181086519114686,0.0030246913580246914,0.5348148148148149,0.6135802469135803,0.46641975308641975,0.8043628808864266,0.0006172839506172839,0.0001234567901234568,0.16286644951140064,0.03257328990228013,0.0037901234567901234,0.4411134903640257,0.00254320987654321,0.0057654320987654325,0.43544973562650147,0.0,0.05639506172839506,0.0021141975308641976,0.0010570987654320988,0.0,0.0,0.0021141975308641976,0.0,0.09535802469135803,1.9046419753086419,1.2272979279746363,600.0,400.0,5.0,5.396083349729672,6.69815555866086,12.059178058753435,5.254661472065715,1.7986944499098907,2.23271851955362,4.019726019584478,1.7515538240219048,0.9731164788038275,3.900159175111307,0.9411074579693377,default
cheap_phys,5,0.2,15.0,0.5,4.0,trap,1,serving_reciprocity+map+rate,3.0,3,6,2,False,0.0012962962962962963,0.0024896265560165973,0.0021291696238466998,0.0022222222222222222,0.520679012345679,0.6088271604938271,0.4609259259259259,0.809484291641968,0.00032098765432098765,0.00013580246913580247,0.09848484848484848,0.041666666666666664,0.003259259259259259,0.3870967741935484,0.0016296296296296295,0.004209876543209877,0.2543299749885892,0.0,0.03270370370370371,0.004537037037037037,0.0022685185185185187,0.0,0.0,0.004537037037037037,0.0,0.09622222222222222,1.9037777777777778,1.332154056595783,600.0,400.0,5.0,5.423335932850391,6.723089349387422,12.156760576332136,5.3473887133150795,1.8077786442834638,2.241029783129141,4.052253525444045,1.7824629044383598,1.000282397115589,3.9268554544946492,0.8463163749547675,default
cheap_phys,6,0.2,15.0,0.5,4.0,trap,1,serving_reciprocity+map+rate,3.0,3,6,2,False,0.0017901234567901235,0.0034801392055682227,0.002985996705107084,0.002654320987654321,0.5143827160493827,0.5995061728395061,0.39709876543209877,0.6995079803192128,0.0004197530864197531,0.0001234567901234568,0.1328125,0.0390625,0.0031604938271604936,0.41798941798941797,0.0019506172839506173,0.004666666666666667,0.22245706368795104,0.0,0.0298641975308642,0.002993827160493827,0.0014969135802469136,0.0,0.0,0.002993827160493827,0.0,0.08255555555555555,1.9174444444444445,1.3166357483733127,600.0,400.0,5.0,5.4140534108651925,6.714858243582173,12.513146674460101,5.312442601466293,1.8046844702883975,2.2382860811940577,4.1710488914867,1.7708142004887644,1.0075622293139008,4.047526060352476,0.9308717079693452,default
cheap_phys,7,0.2,15.0,0.5,4.0,trap,1,serving_reciprocity+map+rate,3.0,3,6,2,False,0.0013580246913580246,0.002569493109086662,0.0022682750799051447,0.002654320987654321,0.5285185185185185,0.5987037037037037,0.43074074074074076,0.7560149497780893,0.00044444444444444447,0.00013580246913580247,0.12371134020618557,0.037800687285223365,0.0035925925925925925,0.37597911227154046,0.0017777777777777779,0.004728395061728395,0.2174472062682561,0.0,0.029222222222222222,0.002021604938271605,0.0010108024691358026,0.0,0.0,0.002006172839506173,1.54320987654321e-05,0.08811111111111111,1.911888888888889,1.3789817459829046,600.0,400.0,5.0,5.403742565189801,6.6848746272912685,12.615731826096777,5.169306173143329,1.8012475217299337,2.228291542430423,4.205243942032259,1.723102057714443,1.0055429184573565,4.083253610925885,0.8740699170157313,default
cheap_phys,8,0.2,15.0,0.5,4.0,trap,1,serving_reciprocity+map+rate,3.0,3,6,2,False,0.0017901234567901235,0.0031759938670463256,0.0027852477910103725,0.0029012345679012346,0.563641975308642,0.6427160493827161,0.47246913580246913,0.7794327017851276,0.0005185185185185185,3.7037037037037037e-05,0.16666666666666666,0.011904761904761904,0.003111111111111111,0.3865546218487395,0.0017037037037037038,0.004407407407407408,0.26951774562766867,0.0,0.03493827160493827,0.004166666666666667,0.0020833333333333333,0.0,0.0,0.004166666666666667,0.0,0.09813580246913581,1.901864197530864,1.340359563256278,600.0,400.0,5.0,5.393690921572083,6.716062985529939,12.242460990456756,5.410083779039509,1.797896973857361,2.238687661843313,4.080820330152252,1.803361259679836,0.9904300107142289,3.9588057493214475,0.8223486669594422,default
cheap_phys,9,0.2,15.0,0.5,4.0,trap,1,serving_reciprocity+map+rate,3.0,3,6,2,False,0.0020987654320987655,0.0036139455782312926,0.003184116875819442,0.004135802469135802,0.5807407407407408,0.6591358024691358,0.4697530864197531,0.7452168367346939,0.000654320987654321,0.00018518518518518518,0.19202898550724637,0.05434782608695652,0.0034074074074074076,0.4718826405867971,0.0023827160493827162,0.005049382716049383,0.3155926489673495,0.0,0.042222222222222223,0.0035956790123456792,0.0017978395061728396,0.0,0.0,0.0035956790123456792,0.0,0.0971111111111111,1.9028888888888889,1.4659999743467684,600.0,400.0,5.0,5.422415322598476,6.696291088574371,12.308225098843337,5.535019675246978,1.807471774199492,2.2320970295247906,4.1027416996144455,1.8450065584156592,1.014685727788178,3.9752864459782273,1.0438650000141934,default
cheap_phys,0,0.2,15.0,1.0,4.0,trap,1,serving_reciprocity+map+rate,3.0,3,6,2,False,0.0019135802469135803,0.002850836858561707,0.002547456652148903,0.003580246913580247,0.6712345679012346,0.7511728395061729,0.5596296296296296,0.7746919256943168,0.000654320987654321,9.876543209876543e-05,0.2,0.03018867924528302,0.003271604938271605,0.49382716049382713,0.0024691358024691358,0.005,0.42204873258867903,0.0,0.05538271604938272,0.0044907407407407405,0.0022453703703703702,0.0,0.0,0.0044907407407407405,0.0,0.11590123456790123,1.8840987654320989,1.2891983590959049,600.0,400.0,5.0,5.3975873028581836,6.7073246240154685,12.171151480112101,5.176871684720679,1.7991957676193946,2.2357748746718227,4.0570504933707,1.725623894906893,0.9913975786089191,3.9340551021672048,0.8317089580232278,default
cheap_phys,1,0.2,15.0,1.0,4.0,trap,1,serving_reciprocity+map+rate,3.0,3,6,2,False,0.0027160493827160493,0.004412519240636224,0.003980459562149448,0.004012345679012346,0.6015432098765432,0.6823456790123457,0.5087654320987655,0.7827603899435608,0.0007654320987654321,0.00016049382716049382,0.20394736842105263,0.04276315789473684,0.0037530864197530866,0.4225352112676056,0.0022222222222222222,0.0052592592592592595,0.3235547347122203,0.0,0.04301234567901235,0.002854938271604938,0.001427469135802469,0.0,0.0,0.002854938271604938,0.0,0.1045679012345679,1.895432098765432,1.293956352183031,600.0,400.0,5.0,5.4032146769539295,6.695175157541227,12.541231516982435,5.408964210906127,1.801071558984643,2.231725052513742,4.180410505660812,1.8029880703020424,0.9914552084452658,4.06113882617746,0.8049907500389963,default
cheap_phys,2,0.2,15.0,1.0,4.0,trap,1,serving_reciprocity+map+rate,3.0,3,6,2,False,0.0021604938271604936,0.003756574004507889,0.00339180153115612,0.003580246913580247,0.5751234567901234,0.6369753086419753,0.46030864197530863,0.751636792959107,0.0005061728395061728,0.00013580246913580247,0.15648854961832062,0.04198473282442748,0.0032345679012345677,0.5039164490861618,0.0023827160493827162,0.004728395061728395,0.3259266034061477,0.0,0.0427037037037037,0.004104938271604938,0.002052469135802469,0.0,0.0,0.004104938271604938,0.0,0.09576543209876544,1.9042345679012345,1.3206891604791235,600.0,400.0,5.0,5.412043864753278,6.681281438412865,12.25903809593457,5.314134918188104,1.8040146215844257,2.2270938128042883,4.086346031978191,1.7713783060627013,0.986539725953694,3.965471379568779,0.8980298339156434,default
cheap_phys,3,0.2,15.0,1.0,4.0,trap,1,serving_reciprocity+map+rate,3.0,3,6,2,False,0.0022222222222222222,0.003883495145631068,0.003301843529303861,0.004135802469135802,0.5722222222222222,0.6730246913580247,0.47382716049382717,0.749730312837109,0.0005925925925925926,0.0001234567901234568,0.15384615384615385,0.03205128205128205,0.003851851851851852,0.41330166270783847,0.002148148148148148,0.005197530864197531,0.2862703673444271,0.0,0.035555555555555556,0.0026697530864197533,0.0013348765432098766,0.0,0.0,0.0026697530864197533,0.0,0.09712345679012346,1.9028765432098766,1.3369295444447193,600.0,400.0,5.0,5.406661549709966,6.7298243920753755,12.806652208402646,5.340468799925379,1.8022205165699887,2.2432747973584584,4.268884069467549,1.780156266641793,1.0001524018891992,4.150068236975036,0.9847695420030504,default
cheap_phys,4,0.2,15.0,1.0,4.0,trap,1,serving_reciprocity+map+rate,3.0,3,6,2,False,0.001851851851851852,0.0034626038781163434,0.0030181086519114686,0.0030246913580246914,0.5348148148148149,0.6135802469135803,0.46641975308641975,0.8043628808864266,0.0006172839506172839,0.0001234567901234568,0.16286644951140064,0.03257328990228013,0.0037901234567901234,0.4411134903640257,0.00254320987654321,0.0057654320987654325,0.43544973562650147,0.0,0.05639506172839506,0.0021141975308641976,0.0010570987654320988,0.0,0.0,0.0021141975308641976,0.0,0.09535802469135803,1.9046419753086419,1.2272979279746363,600.0,400.0,5.0,5.396083349729672,6.69815555866086,12.059178058753435,5.254661472065715,1.7986944499098907,2.23271851955362,4.019726019584478,1.7515538240219048,0.9731164788038275,3.900159175111307,0.9145487499190494,default
cheap_phys,5,0.2,15.0,1.0,4.0,trap,1,serving_reciprocity+map+rate,3.0,3,6,2,False,0.0012962962962962963,0.0024896265560165973,0.0021291696238466998,0.0022222222222222222,0.520679012345679,0.6088271604938271,0.4609259259259259,0.809484291641968,0.00032098765432098765,0.00013580246913580247,0.09848484848484848,0.041666666666666664,0.003259259259259259,0.3870967741935484,0.0016296296296296295,0.004209876543209877,0.2543299749885892,0.0,0.03270370370370371,0.004537037037037037,0.0022685185185185187,0.0,0.0,0.004537037037037037,0.0,0.09622222222222222,1.9037777777777778,1.332154056595783,600.0,400.0,5.0,5.423335932850391,6.723089349387422,12.156760576332136,5.3473887133150795,1.8077786442834638,2.241029783129141,4.052253525444045,1.7824629044383598,1.000282397115589,3.9268554544946492,1.0080454590497538,default
cheap_phys,6,0.2,15.0,1.0,4.0,trap,1,serving_reciprocity+map+rate,3.0,3,6,2,False,0.0017901234567901235,0.0034801392055682227,0.002985996705107084,0.002654320987654321,0.5143827160493827,0.5995061728395061,0.39709876543209877,0.6995079803192128,0.0004197530864197531,0.0001234567901234568,0.1328125,0.0390625,0.0031604938271604936,0.41798941798941797,0.0019506172839506173,0.004666666666666667,0.22245706368795104,0.0,0.0298641975308642,0.002993827160493827,0.0014969135802469136,0.0,0.0,0.002993827160493827,0.0,0.08255555555555555,1.9174444444444445,1.3166357483733127,600.0,400.0,5.0,5.4140534108651925,6.714858243582173,12.513146674460101,5.312442601466293,1.8046844702883975,2.2382860811940577,4.1710488914867,1.7708142004887644,1.0075622293139008,4.047526060352476,0.9535204999847338,default
cheap_phys,7,0.2,15.0,1.0,4.0,trap,1,serving_reciprocity+map+rate,3.0,3,6,2,False,0.0013580246913580246,0.002569493109086662,0.0022682750799051447,0.002654320987654321,0.5285185185185185,0.5987037037037037,0.43074074074074076,0.7560149497780893,0.00044444444444444447,0.00013580246913580247,0.12371134020618557,0.037800687285223365,0.0035925925925925925,0.37597911227154046,0.0017777777777777779,0.004728395061728395,0.2174472062682561,0.0,0.029222222222222222,0.002021604938271605,0.0010108024691358026,0.0,0.0,0.002006172839506173,1.54320987654321e-05,0.08811111111111111,1.911888888888889,1.3789817459829046,600.0,400.0,5.0,5.403742565189801,6.6848746272912685,12.615731826096777,5.169306173143329,1.8012475217299337,2.228291542430423,4.205243942032259,1.723102057714443,1.0055429184573565,4.083253610925885,0.7399379999842495,default
cheap_phys,8,0.2,15.0,1.0,4.0,trap,1,serving_reciprocity+map+rate,3.0,3,6,2,False,0.0017901234567901235,0.0031759938670463256,0.0027852477910103725,0.0029012345679012346,0.563641975308642,0.6427160493827161,0.47246913580246913,0.7794327017851276,0.0005185185185185185,3.7037037037037037e-05,0.16666666666666666,0.011904761904761904,0.003111111111111111,0.3865546218487395,0.0017037037037037038,0.004407407407407408,0.26951774562766867,0.0,0.03493827160493827,0.004166666666666667,0.0020833333333333333,0.0,0.0,0.004166666666666667,0.0,0.09813580246913581,1.901864197530864,1.340359563256278,600.0,400.0,5.0,5.393690921572083,6.716062985529939,12.242460990456756,5.410083779039509,1.797896973857361,2.238687661843313,4.080820330152252,1.803361259679836,0.9904300107142289,3.9588057493214475,1.0295587920118123,default
cheap_phys,9,0.2,15.0,1.0,4.0,trap,1,serving_reciprocity+map+rate,3.0,3,6,2,False,0.0020987654320987655,0.0036139455782312926,0.003184116875819442,0.004135802469135802,0.5807407407407408,0.6591358024691358,0.4697530864197531,0.7452168367346939,0.000654320987654321,0.00018518518518518518,0.19202898550724637,0.05434782608695652,0.0034074074074074076,0.4718826405867971,0.0023827160493827162,0.005049382716049383,0.3155926489673495,0.0,0.042222222222222223,0.0035956790123456792,0.0017978395061728396,0.0,0.0,0.0035956790123456792,0.0,0.0971111111111111,1.9028888888888889,1.4659999743467684,600.0,400.0,5.0,5.422415322598476,6.696291088574371,12.308225098843337,5.535019675246978,1.807471774199492,2.2320970295247906,4.1027416996144455,1.8450065584156592,1.014685727788178,3.9752864459782273,0.8813846660777926,default
cheap_phys,0,0.2,0.0,0.0,6.0,trap,1,serving_reciprocity+map+rate,3.0,3,6,2,False,0.00018518518518518518,0.0021321961620469083,0.0037313432835820895,0.0016666666666666668,0.028950617283950618,0.04962962962962963,0.0025308641975308644,0.0,0.00016049382716049382,1.2345679012345678e-05,0.06735751295336788,0.0051813471502590676,0.0023827160493827162,0.46839080459770116,0.0020123456790123455,0.004296296296296296,0.40614287304003416,0.0,0.04914814814814815,0.0066049382716049385,0.0033024691358024692,0.0,0.0,0.0066049382716049385,0.0,0.005925925925925926,1.994074074074074,1.286808565667233,600.0,400.0,5.0,5.3975873028581836,6.7073246240154685,17.948274443470986,5.176871684720679,1.7991957676193946,2.2357748746718227,5.982758147823661,1.725623894906893,0.9913975786089191,5.900044567329876,0.8502979159820825,default
cheap_phys,1,0.2,0.0,0.0,6.0,trap,1,serving_reciprocity+map+rate,3.0,3,6,2,False,0.0001234567901234568,0.0,0.0015255530129672007,0.0015432098765432098,0.055123456790123454,0.08092592592592593,0.0022222222222222222,0.004479283314669653,0.00018518518518518518,6.17283950617284e-05,0.06302521008403361,0.02100840336134454,0.0029382716049382715,0.461038961038961,0.0026296296296296298,0.005703703703703704,0.5326789867402179,0.0,0.061592592592592595,0.004799382716049383,0.0023996913580246913,0.0,0.0,0.004799382716049383,0.0,0.004740740740740741,1.9952592592592593,1.2860267322670071,600.0,400.0,5.0,5.4032146769539295,6.695175157541227,18.505083162734675,5.408964210906127,1.801071558984643,2.231725052513742,6.168361054244891,1.8029880703020424,0.9914552084452658,6.088160203638855,0.806268582935445,default
cheap_phys,2,0.2,0.0,0.0,6.0,trap,1,serving_reciprocity+map+rate,3.0,3,6,2,False,0.00037037037037037035,0.001984126984126984,0.006165228113440197,0.0016666666666666668,0.03111111111111111,0.050061728395061726,0.00037037037037037035,0.001984126984126984,0.0001728395061728395,3.7037037037037037e-05,0.06666666666666667,0.014285714285714285,0.0025925925925925925,0.5527638190954773,0.0027160493827160493,0.004913580246913581,0.5064989360793403,0.0,0.0582962962962963,0.00779320987654321,0.003896604938271605,0.0,0.0,0.00779320987654321,0.0,0.0070987654320987656,1.9929012345679011,1.3102167038681156,600.0,400.0,5.0,5.412043864753278,6.681281438412865,18.07938173559875,5.314134918188104,1.8040146215844257,2.2270938128042883,6.026460578532918,1.7713783060627013,0.986539725953694,5.945163284025639,0.8481506248936057,default
cheap_phys,3,0.2,0.0,0.0,6.0,trap,1,serving_reciprocity+map+rate,3.0,3,6,2,False,0.0,0.0,0.0,0.0019135802469135803,0.03537037037037037,0.06444444444444444,0.0006172839506172839,0.0,0.00018518518518518518,3.7037037037037037e-05,0.06382978723404255,0.01276595744680851,0.0029012345679012346,0.46547884187082406,0.002580246913580247,0.00554320987654321,0.46729538898712913,0.0,0.0504320987654321,0.0038425925925925928,0.0019212962962962964,0.0,0.0,0.0038425925925925928,0.0,0.003197530864197531,1.9968024691358024,1.3232652332885788,600.0,400.0,5.0,5.406661549709966,6.7298243920753755,18.911030086404743,5.340468799925379,1.8022205165699887,2.2432747973584584,6.303676695468248,1.780156266641793,1.0001524018891992,6.223828006459108,0.9693952080560848,default
cheap_phys,4,0.2,0.0,0.0,6.0,trap,1,serving_reciprocity+map+rate,3.0,3,6,2,False,0.0004938271604938272,0.0005807200929152149,0.0027739251040221915,0.0019753086419753087,0.10629629629629629,0.1335185185185185,0.00537037037037037,0.044715447154471545,0.0002345679012345679,6.17283950617284e-05,0.07251908396946564,0.019083969465648856,0.0032345679012345677,0.46830265848670755,0.0028271604938271606,0.006037037037037037,0.60421712233295,0.0,0.07024691358024691,0.003256172839506173,0.0016280864197530864,0.0,0.0,0.003256172839506173,0.0,0.0038148148148148147,1.9961851851851853,1.220536782340335,600.0,400.0,5.0,5.396083349729672,6.69815555866086,17.781647069646844,5.254661472065715,1.7986944499098907,2.23271851955362,5.927215689882281,1.7515538240219048,0.9731164788038275,5.846788020192552,0.9088712090160698,default
cheap_phys,5,0.2,0.0,0.0,6.0,trap,1,serving_reciprocity+map+rate,3.0,3,6,2,False,0.0001234567901234568,0.0,0.0017211703958691911,0.0011728395061728395,0.020925925925925924,0.0358641975308642,0.002345679012345679,0.0,0.00014814814814814815,6.17283950617284e-05,0.05217391304347826,0.021739130434782608,0.002839506172839506,0.43243243243243246,0.0019753086419753087,0.004567901234567902,0.3903918189724605,0.0,0.04253086419753086,0.006635802469135803,0.0033179012345679014,0.0,0.0,0.006635802469135803,0.0,0.006037037037037037,1.993962962962963,1.3255811269827338,600.0,400.0,5.0,5.423335932850391,6.723089349387422,17.92060369767293,5.3473887133150795,1.8077786442834638,2.241029783129141,5.973534565890977,1.7824629044383598,1.000282397115589,5.889189276625008,1.123402624973096,default
cheap_phys,6,0.2,0.0,0.0,6.0,trap,1,serving_reciprocity+map+rate,3.0,3,6,2,False,0.00030864197530864197,0.0,0.006944444444444444,0.0014814814814814814,0.023765432098765433,0.044444444444444446,0.0011728395061728395,0.0,0.0001234567901234568,3.7037037037037037e-05,0.046511627906976744,0.013953488372093023,0.002654320987654321,0.4936708860759494,0.0024074074074074076,0.004876543209876543,0.3709459794750714,0.0,0.042493827160493824,0.005169753086419753,0.0025848765432098767,0.0,0.0,0.005169753086419753,0.0,0.005012345679012346,1.9949876543209877,1.3135893942892554,600.0,400.0,5.0,5.4140534108651925,6.714858243582173,18.471768212114295,5.312442601466293,1.8046844702883975,2.2382860811940577,6.157256070704765,1.7708142004887644,1.0075622293139008,6.07425885802463,0.8980097500607371,default
cheap_phys,7,0.2,0.0,0.0,6.0,trap,1,serving_reciprocity+map+rate,3.0,3,6,2,False,0.0,0.0,0.0,0.0011728395061728395,0.018271604938271607,0.0337037037037037,0.002345679012345679,0.0,0.0001234567901234568,6.17283950617284e-05,0.0411522633744856,0.0205761316872428,0.003,0.46731234866828086,0.0023827160493827162,0.0050987654320987655,0.31307416298284796,0.0,0.03730864197530864,0.0030246913580246914,0.0015123456790123457,0.0,0.0,0.0030092592592592593,1.54320987654321e-05,0.0029506172839506174,1.9970493827160494,1.3684920506143892,600.0,400.0,5.0,5.403742565189801,6.6848746272912685,18.63755061236489,5.169306173143329,1.8012475217299337,2.228291542430423,6.212516870788297,1.723102057714443,1.0055429184573565,6.130599424931422,1.0688422078965232,default
cheap_phys,8,0.2,0.0,0.0,6.0,trap,1,serving_reciprocity+map+rate,3.0,3,6,2,False,0.0002469135802469136,0.00202020202020202,0.0025412960609911056,0.001419753086419753,0.030555555555555555,0.04858024691358025,0.003703703703703704,0.024242424242424242,0.00027160493827160494,4.938271604938271e-05,0.10185185185185185,0.018518518518518517,0.0026666666666666666,0.4582278481012658,0.002234567901234568,0.004876543209876543,0.34897400535344797,0.0,0.040839506172839504,0.006095679012345679,0.0030478395061728394,0.0,0.0,0.006095679012345679,0.0,0.005950617283950617,1.9940493827160495,1.3326413047969012,600.0,400.0,5.0,5.393690921572083,6.716062985529939,18.062246950046628,5.410083779039509,1.797896973857361,2.238687661843313,6.020748983348876,1.803361259679836,0.9904300107142289,5.93872601778977,1.0736339159775525,default
cheap_phys,9,0.2,0.0,0.0,6.0,trap,1,serving_reciprocity+map+rate,3.0,3,6,2,False,0.00018518518518518518,0.0,0.000949667616334283,0.0014814814814814814,0.04302469135802469,0.065,0.003765432098765432,0.035868005738880916,0.00022222222222222223,6.17283950617284e-05,0.0861244019138756,0.023923444976076555,0.002580246913580247,0.47043010752688175,0.0021604938271604936,0.0045925925925925926,0.419800739733349,0.0,0.04749382716049383,0.005941358024691358,0.002970679012345679,0.0,0.0,0.005941358024691358,0.0,0.005691358024691358,1.9943086419753087,1.4664388078810302,600.0,400.0,5.0,5.422415322598476,6.696291088574371,18.15485461267199,5.535019675246978,1.807471774199492,2.2320970295247906,6.051618204223996,1.8450065584156592,1.014685727788178,5.965944666481431,0.9940981670515612,default
cheap_phys,0,0.2,0.0,0.5,6.0,trap,1,serving_reciprocity+map+rate,3.0,3,6,2,False,0.00018518518518518518,0.0021321961620469083,0.0037313432835820895,0.0016666666666666668,0.028950617283950618,0.04962962962962963,0.0025308641975308644,0.0,0.00016049382716049382,1.2345679012345678e-05,0.06735751295336788,0.0051813471502590676,0.0023827160493827162,0.46839080459770116,0.0020123456790123455,0.004296296296296296,0.40614287304003416,0.0,0.04914814814814815,0.0066049382716049385,0.0033024691358024692,0.0,0.0,0.0066049382716049385,0.0,0.005925925925925926,1.994074074074074,1.286808565667233,600.0,400.0,5.0,5.3975873028581836,6.7073246240154685,17.948274443470986,5.176871684720679,1.7991957676193946,2.2357748746718227,5.982758147823661,1.725623894906893,0.9913975786089191,5.900044567329876,0.7510837910231203,default
cheap_phys,1,0.2,0.0,0.5,6.0,trap,1,serving_reciprocity+map+rate,3.0,3,6,2,False,0.0001234567901234568,0.0,0.0015255530129672007,0.0015432098765432098,0.055123456790123454,0.08092592592592593,0.0022222222222222222,0.004479283314669653,0.00018518518518518518,6.17283950617284e-05,0.06302521008403361,0.02100840336134454,0.0029382716049382715,0.461038961038961,0.0026296296296296298,0.005703703703703704,0.5326789867402179,0.0,0.061592592592592595,0.004799382716049383,0.0023996913580246913,0.0,0.0,0.004799382716049383,0.0,0.004740740740740741,1.9952592592592593,1.2860267322670071,600.0,400.0,5.0,5.4032146769539295,6.695175157541227,18.505083162734675,5.408964210906127,1.801071558984643,2.231725052513742,6.168361054244891,1.8029880703020424,0.9914552084452658,6.088160203638855,0.8127570420037955,default
cheap_phys,2,0.2,0.0,0.5,6.0,trap,1,serving_reciprocity+map+rate,3.0,3,6,2,False,0.00037037037037037035,0.001984126984126984,0.006165228113440197,0.0016666666666666668,0.03111111111111111,0.050061728395061726,0.00037037037037037035,0.001984126984126984,0.0001728395061728395,3.7037037037037037e-05,0.06666666666666667,0.014285714285714285,0.0025925925925925925,0.5527638190954773,0.0027160493827160493,0.004913580246913581,0.5064989360793403,0.0,0.0582962962962963,0.00779320987654321,0.003896604938271605,0.0,0.0,0.00779320987654321,0.0,0.0070987654320987656,1.9929012345679011,1.3102167038681156,600.0,400.0,5.0,5.412043864753278,6.681281438412865,18.07938173559875,5.314134918188104,1.8040146215844257,2.2270938128042883,6.026460578532918,1.7713783060627013,0.986539725953694,5.945163284025639,0.8890643749618903,default
cheap_phys,3,0.2,0.0,0.5,6.0,trap,1,serving_reciprocity+map+rate,3.0,3,6,2,False,0.0,0.0,0.0,0.0019135802469135803,0.03537037037037037,0.06444444444444444,0.0006172839506172839,0.0,0.00018518518518518518,3.7037037037037037e-05,0.06382978723404255,0.01276595744680851,0.0029012345679012346,0.46547884187082406,0.002580246913580247,0.00554320987654321,0.46729538898712913,0.0,0.0504320987654321,0.0038425925925925928,0.0019212962962962964,0.0,0.0,0.0038425925925925928,0.0,0.003197530864197531,1.9968024691358024,1.3232652332885788,600.0,400.0,5.0,5.406661549709966,6.7298243920753755,18.911030086404743,5.340468799925379,1.8022205165699887,2.2432747973584584,6.303676695468248,1.780156266641793,1.0001524018891992,6.223828006459108,0.8865714999847114,default
cheap_phys,4,0.2,0.0,0.5,6.0,trap,1,serving_reciprocity+map+rate,3.0,3,6,2,False,0.0004938271604938272,0.0005807200929152149,0.0027739251040221915,0.0019753086419753087,0.10629629629629629,0.1335185185185185,0.00537037037037037,0.044715447154471545,0.0002345679012345679,6.17283950617284e-05,0.07251908396946564,0.019083969465648856,0.0032345679012345677,0.46830265848670755,0.0028271604938271606,0.006037037037037037,0.60421712233295,0.0,0.07024691358024691,0.003256172839506173,0.0016280864197530864,0.0,0.0,0.003256172839506173,0.0,0.0038148148148148147,1.9961851851851853,1.220536782340335,600.0,400.0,5.0,5.396083349729672,6.69815555866086,17.781647069646844,5.254661472065715,1.7986944499098907,2.23271851955362,5.927215689882281,1.7515538240219048,0.9731164788038275,5.846788020192552,1.0250600000144914,default
cheap_phys,5,0.2,0.0,0.5,6.0,trap,1,serving_reciprocity+map+rate,3.0,3,6,2,False,0.0001234567901234568,0.0,0.0017211703958691911,0.0011728395061728395,0.020925925925925924,0.0358641975308642,0.002345679012345679,0.0,0.00014814814814814815,6.17283950617284e-05,0.05217391304347826,0.021739130434782608,0.002839506172839506,0.43243243243243246,0.0019753086419753087,0.004567901234567902,0.3903918189724605,0.0,0.04253086419753086,0.006635802469135803,0.0033179012345679014,0.0,0.0,0.006635802469135803,0.0,0.006037037037037037,1.993962962962963,1.3255811269827338,600.0,400.0,5.0,5.423335932850391,6.723089349387422,17.92060369767293,5.3473887133150795,1.8077786442834638,2.241029783129141,5.973534565890977,1.7824629044383598,1.000282397115589,5.889189276625008,0.9887268330203369,default
cheap_phys,6,0.2,0.0,0.5,6.0,trap,1,serving_reciprocity+map+rate,3.0,3,6,2,False,0.00030864197530864197,0.0,0.006944444444444444,0.0014814814814814814,0.023765432098765433,0.044444444444444446,0.0011728395061728395,0.0,0.0001234567901234568,3.7037037037037037e-05,0.046511627906976744,0.013953488372093023,0.002654320987654321,0.4936708860759494,0.0024074074074074076,0.004876543209876543,0.3709459794750714,0.0,0.042493827160493824,0.005169753086419753,0.0025848765432098767,0.0,0.0,0.005169753086419753,0.0,0.005012345679012346,1.9949876543209877,1.3135893942892554,600.0,400.0,5.0,5.4140534108651925,6.714858243582173,18.471768212114295,5.312442601466293,1.8046844702883975,2.2382860811940577,6.157256070704765,1.7708142004887644,1.0075622293139008,6.07425885802463,0.9559451669920236,default
cheap_phys,7,0.2,0.0,0.5,6.0,trap,1,serving_reciprocity+map+rate,3.0,3,6,2,False,0.0,0.0,0.0,0.0011728395061728395,0.018271604938271607,0.0337037037037037,0.002345679012345679,0.0,0.0001234567901234568,6.17283950617284e-05,0.0411522633744856,0.0205761316872428,0.003,0.46731234866828086,0.0023827160493827162,0.0050987654320987655,0.31307416298284796,0.0,0.03730864197530864,0.0030246913580246914,0.0015123456790123457,0.0,0.0,0.0030092592592592593,1.54320987654321e-05,0.0029506172839506174,1.9970493827160494,1.3684920506143892,600.0,400.0,5.0,5.403742565189801,6.6848746272912685,18.63755061236489,5.169306173143329,1.8012475217299337,2.228291542430423,6.212516870788297,1.723102057714443,1.0055429184573565,6.130599424931422,0.8892344579799101,default
cheap_phys,8,0.2,0.0,0.5,6.0,trap,1,serving_reciprocity+map+rate,3.0,3,6,2,False,0.0002469135802469136,0.00202020202020202,0.0025412960609911056,0.001419753086419753,0.030555555555555555,0.04858024691358025,0.003703703703703704,0.024242424242424242,0.00027160493827160494,4.938271604938271e-05,0.10185185185185185,0.018518518518518517,0.0026666666666666666,0.4582278481012658,0.002234567901234568,0.004876543209876543,0.34897400535344797,0.0,0.040839506172839504,0.006095679012345679,0.0030478395061728394,0.0,0.0,0.006095679012345679,0.0,0.005950617283950617,1.9940493827160495,1.3326413047969012,600.0,400.0,5.0,5.393690921572083,6.716062985529939,18.062246950046628,5.410083779039509,1.797896973857361,2.238687661843313,6.020748983348876,1.803361259679836,0.9904300107142289,5.93872601778977,0.8750257920473814,default
cheap_phys,9,0.2,0.0,0.5,6.0,trap,1,serving_reciprocity+map+rate,3.0,3,6,2,False,0.00018518518518518518,0.0,0.000949667616334283,0.0014814814814814814,0.04302469135802469,0.065,0.003765432098765432,0.035868005738880916,0.00022222222222222223,6.17283950617284e-05,0.0861244019138756,0.023923444976076555,0.002580246913580247,0.47043010752688175,0.0021604938271604936,0.0045925925925925926,0.419800739733349,0.0,0.04749382716049383,0.005941358024691358,0.002970679012345679,0.0,0.0,0.005941358024691358,0.0,0.005691358024691358,1.9943086419753087,1.4664388078810302,600.0,400.0,5.0,5.422415322598476,6.696291088574371,18.15485461267199,5.535019675246978,1.807471774199492,2.2320970295247906,6.051618204223996,1.8450065584156592,1.014685727788178,5.965944666481431,0.8388116669375449,default
cheap_phys,0,0.2,0.0,1.0,6.0,trap,1,serving_reciprocity+map+rate,3.0,3,6,2,False,0.00018518518518518518,0.0021321961620469083,0.0037313432835820895,0.0016666666666666668,0.028950617283950618,0.04962962962962963,0.0025308641975308644,0.0,0.00016049382716049382,1.2345679012345678e-05,0.06735751295336788,0.0051813471502590676,0.0023827160493827162,0.46839080459770116,0.0020123456790123455,0.004296296296296296,0.40614287304003416,0.0,0.04914814814814815,0.0066049382716049385,0.0033024691358024692,0.0,0.0,0.0066049382716049385,0.0,0.005925925925925926,1.994074074074074,1.286808565667233,600.0,400.0,5.0,5.3975873028581836,6.7073246240154685,17.948274443470986,5.176871684720679,1.7991957676193946,2.2357748746718227,5.982758147823661,1.725623894906893,0.9913975786089191,5.900044567329876,0.7046064999885857,default
cheap_phys,1,0.2,0.0,1.0,6.0,trap,1,serving_reciprocity+map+rate,3.0,3,6,2,False,0.0001234567901234568,0.0,0.0015255530129672007,0.0015432098765432098,0.055123456790123454,0.08092592592592593,0.0022222222222222222,0.004479283314669653,0.00018518518518518518,6.17283950617284e-05,0.06302521008403361,0.02100840336134454,0.0029382716049382715,0.461038961038961,0.0026296296296296298,0.005703703703703704,0.5326789867402179,0.0,0.061592592592592595,0.004799382716049383,0.0023996913580246913,0.0,0.0,0.004799382716049383,0.0,0.004740740740740741,1.9952592592592593,1.2860267322670071,600.0,400.0,5.0,5.4032146769539295,6.695175157541227,18.505083162734675,5.408964210906127,1.801071558984643,2.231725052513742,6.168361054244891,1.8029880703020424,0.9914552084452658,6.088160203638855,0.8449298749910668,default
cheap_phys,2,0.2,0.0,1.0,6.0,trap,1,serving_reciprocity+map+rate,3.0,3,6,2,False,0.00037037037037037035,0.001984126984126984,0.006165228113440197,0.0016666666666666668,0.03111111111111111,0.050061728395061726,0.00037037037037037035,0.001984126984126984,0.0001728395061728395,3.7037037037037037e-05,0.06666666666666667,0.014285714285714285,0.0025925925925925925,0.5527638190954773,0.0027160493827160493,0.004913580246913581,0.5064989360793403,0.0,0.0582962962962963,0.00779320987654321,0.003896604938271605,0.0,0.0,0.00779320987654321,0.0,0.0070987654320987656,1.9929012345679011,1.3102167038681156,600.0,400.0,5.0,5.412043864753278,6.681281438412865,18.07938173559875,5.314134918188104,1.8040146215844257,2.2270938128042883,6.026460578532918,1.7713783060627013,0.986539725953694,5.945163284025639,0.8284613749710843,default
cheap_phys,3,0.2,0.0,1.0,6.0,trap,1,serving_reciprocity+map+rate,3.0,3,6,2,False,0.0,0.0,0.0,0.0019135802469135803,0.03537037037037037,0.06444444444444444,0.0006172839506172839,0.0,0.00018518518518518518,3.7037037037037037e-05,0.06382978723404255,0.01276595744680851,0.0029012345679012346,0.46547884187082406,0.002580246913580247,0.00554320987654321,0.46729538898712913,0.0,0.0504320987654321,0.0038425925925925928,0.0019212962962962964,0.0,0.0,0.0038425925925925928,0.0,0.003197530864197531,1.9968024691358024,1.3232652332885788,600.0,400.0,5.0,5.406661549709966,6.7298243920753755,18.911030086404743,5.340468799925379,1.8022205165699887,2.2432747973584584,6.303676695468248,1.780156266641793,1.0001524018891992,6.223828006459108,0.862829374964349,default
cheap_phys,4,0.2,0.0,1.0,6.0,trap,1,serving_reciprocity+map+rate,3.0,3,6,2,False,0.0004938271604938272,0.0005807200929152149,0.0027739251040221915,0.0019753086419753087,0.10629629629629629,0.1335185185185185,0.00537037037037037,0.044715447154471545,0.0002345679012345679,6.17283950617284e-05,0.07251908396946564,0.019083969465648856,0.0032345679012345677,0.46830265848670755,0.0028271604938271606,0.006037037037037037,0.60421712233295,0.0,0.07024691358024691,0.003256172839506173,0.0016280864197530864,0.0,0.0,0.003256172839506173,0.0,0.0038148148148148147,1.9961851851851853,1.220536782340335,600.0,400.0,5.0,5.396083349729672,6.69815555866086,17.781647069646844,5.254661472065715,1.7986944499098907,2.23271851955362,5.927215689882281,1.7515538240219048,0.9731164788038275,5.846788020192552,0.7693684999831021,default
cheap_phys,5,0.2,0.0,1.0,6.0,trap,1,serving_reciprocity+map+rate,3.0,3,6,2,False,0.0001234567901234568,0.0,0.0017211703958691911,0.0011728395061728395,0.020925925925925924,0.0358641975308642,0.002345679012345679,0.0,0.00014814814814814815,6.17283950617284e-05,0.05217391304347826,0.021739130434782608,0.002839506172839506,0.43243243243243246,0.0019753086419753087,0.004567901234567902,0.3903918189724605,0.0,0.04253086419753086,0.006635802469135803,0.0033179012345679014,0.0,0.0,0.006635802469135803,0.0,0.006037037037037037,1.993962962962963,1.3255811269827338,600.0,400.0,5.0,5.423335932850391,6.723089349387422,17.92060369767293,5.3473887133150795,1.8077786442834638,2.241029783129141,5.973534565890977,1.7824629044383598,1.000282397115589,5.889189276625008,0.9148191249696538,default
cheap_phys,6,0.2,0.0,1.0,6.0,trap,1,serving_reciprocity+map+rate,3.0,3,6,2,False,0.00030864197530864197,0.0,0.006944444444444444,0.0014814814814814814,0.023765432098765433,0.044444444444444446,0.0011728395061728395,0.0,0.0001234567901234568,3.7037037037037037e-05,0.046511627906976744,0.013953488372093023,0.002654320987654321,0.4936708860759494,0.0024074074074074076,0.004876543209876543,0.3709459794750714,0.0,0.042493827160493824,0.005169753086419753,0.0025848765432098767,0.0,0.0,0.005169753086419753,0.0,0.005012345679012346,1.9949876543209877,1.3135893942892554,600.0,400.0,5.0,5.4140534108651925,6.714858243582173,18.471768212114295,5.312442601466293,1.8046844702883975,2.2382860811940577,6.157256070704765,1.7708142004887644,1.0075622293139008,6.07425885802463,0.9291377919726074,default
cheap_phys,7,0.2,0.0,1.0,6.0,trap,1,serving_reciprocity+map+rate,3.0,3,6,2,False,0.0,0.0,0.0,0.0011728395061728395,0.018271604938271607,0.0337037037037037,0.002345679012345679,0.0,0.0001234567901234568,6.17283950617284e-05,0.0411522633744856,0.0205761316872428,0.003,0.46731234866828086,0.0023827160493827162,0.0050987654320987655,0.31307416298284796,0.0,0.03730864197530864,0.0030246913580246914,0.0015123456790123457,0.0,0.0,0.0030092592592592593,1.54320987654321e-05,0.0029506172839506174,1.9970493827160494,1.3684920506143892,600.0,400.0,5.0,5.403742565189801,6.6848746272912685,18.63755061236489,5.169306173143329,1.8012475217299337,2.228291542430423,6.212516870788297,1.723102057714443,1.0055429184573565,6.130599424931422,0.8896313330624253,default
cheap_phys,8,0.2,0.0,1.0,6.0,trap,1,serving_reciprocity+map+rate,3.0,3,6,2,False,0.0002469135802469136,0.00202020202020202,0.0025412960609911056,0.001419753086419753,0.030555555555555555,0.04858024691358025,0.003703703703703704,0.024242424242424242,0.00027160493827160494,4.938271604938271e-05,0.10185185185185185,0.018518518518518517,0.0026666666666666666,0.4582278481012658,0.002234567901234568,0.004876543209876543,0.34897400535344797,0.0,0.040839506172839504,0.006095679012345679,0.0030478395061728394,0.0,0.0,0.006095679012345679,0.0,0.005950617283950617,1.9940493827160495,1.3326413047969012,600.0,400.0,5.0,5.393690921572083,6.716062985529939,18.062246950046628,5.410083779039509,1.797896973857361,2.238687661843313,6.020748983348876,1.803361259679836,0.9904300107142289,5.93872601778977,0.965845208032988,default
cheap_phys,9,0.2,0.0,1.0,6.0,trap,1,serving_reciprocity+map+rate,3.0,3,6,2,False,0.00018518518518518518,0.0,0.000949667616334283,0.0014814814814814814,0.04302469135802469,0.065,0.003765432098765432,0.035868005738880916,0.00022222222222222223,6.17283950617284e-05,0.0861244019138756,0.023923444976076555,0.002580246913580247,0.47043010752688175,0.0021604938271604936,0.0045925925925925926,0.419800739733349,0.0,0.04749382716049383,0.005941358024691358,0.002970679012345679,0.0,0.0,0.005941358024691358,0.0,0.005691358024691358,1.9943086419753087,1.4664388078810302,600.0,400.0,5.0,5.422415322598476,6.696291088574371,18.15485461267199,5.535019675246978,1.807471774199492,2.2320970295247906,6.051618204223996,1.8450065584156592,1.014685727788178,5.965944666481431,0.9049509590258822,default
cheap_phys,0,0.2,6.0,0.0,6.0,trap,1,serving_reciprocity+map+rate,3.0,3,6,2,False,0.0017283950617283952,0.008863564419119974,0.006930693069306931,0.0030864197530864196,0.195,0.24938271604938272,0.012160493827160494,0.02025957581513137,0.0004691358024691358,2.4691358024691357e-05,0.17592592592592593,0.009259259259259259,0.0026666666666666666,0.48753462603878117,0.0021728395061728395,0.00445679012345679,0.443185988314198,0.0,0.053160493827160496,0.0066049382716049385,0.0033024691358024692,0.0,0.0,0.0066049382716049385,0.0,0.007950617283950617,1.9920493827160495,1.2853664124678046,600.0,400.0,5.0,5.3975873028581836,6.7073246240154685,17.948274443470986,5.176871684720679,1.7991957676193946,2.2357748746718227,5.982758147823661,1.725623894906893,0.9913975786089191,5.900044567329876,0.8460212909849361,default
cheap_phys,1,0.2,6.0,0.0,6.0,trap,1,serving_reciprocity+map+rate,3.0,3,6,2,False,0.002037037037037037,0.009227929867733005,0.007665505226480836,0.003148148148148148,0.200679012345679,0.2657407407407407,0.021358024691358026,0.032297754537065515,0.0005802469135802469,9.876543209876543e-05,0.1760299625468165,0.0299625468164794,0.0032962962962962963,0.5,0.002925925925925926,0.005851851851851852,0.5704566400255887,0.0,0.06570370370370371,0.004799382716049383,0.0023996913580246913,0.0,0.0,0.004799382716049383,0.0,0.008728395061728395,1.9912716049382717,1.2752902453705324,600.0,400.0,5.0,5.4032146769539295,6.695175157541227,18.505083162734675,5.408964210906127,1.801071558984643,2.231725052513742,6.168361054244891,1.8029880703020424,0.9914552084452658,6.088160203638855,0.807341167004779,default
cheap_phys,2,0.2,6.0,0.0,6.0,trap,1,serving_reciprocity+map+rate,3.0,3,6,2,False,0.001851851851851852,0.008828522920203734,0.006915983606557377,0.002777777777777778,0.18179012345679013,0.24098765432098765,0.014320987654320988,0.030899830220713072,0.0004320987654320988,7.407407407407407e-05,0.15021459227467812,0.02575107296137339,0.0028765432098765433,0.5734597156398105,0.002987654320987654,0.005209876543209877,0.5481475637210506,0.0,0.06206172839506173,0.00779320987654321,0.003896604938271605,0.0,0.0,0.00779320987654321,0.0,0.009975308641975308,1.9900246913580246,1.3038838841233347,600.0,400.0,5.0,5.412043864753278,6.681281438412865,18.07938173559875,5.314134918188104,1.8040146215844257,2.2270938128042883,6.026460578532918,1.7713783060627013,0.986539725953694,5.945163284025639,0.7840897910064086,default
cheap_phys,3,0.2,6.0,0.0,6.0,trap,1,serving_reciprocity+map+rate,3.0,3,6,2,False,0.0022222222222222222,0.01410859341598974,0.01068566340160285,0.003765432098765432,0.14438271604938271,0.20796296296296296,0.006481481481481481,0.017528858486532708,0.0004691358024691358,7.407407407407407e-05,0.14232209737827714,0.02247191011235955,0.0032962962962962963,0.49440715883668906,0.002728395061728395,0.005518518518518518,0.488456599314681,0.0,0.05202469135802469,0.0038425925925925928,0.0019212962962962964,0.0,0.0,0.0038425925925925928,0.0,0.004493827160493827,1.9955061728395063,1.320987814066923,600.0,400.0,5.0,5.406661549709966,6.7298243920753755,18.911030086404743,5.340468799925379,1.8022205165699887,2.2432747973584584,6.303676695468248,1.780156266641793,1.0001524018891992,6.223828006459108,0.9016214999137446,default
cheap_phys,4,0.2,6.0,0.0,6.0,trap,1,serving_reciprocity+map+rate,3.0,3,6,2,False,0.0017283950617283952,0.00700997573469938,0.006004618937644342,0.002777777777777778,0.2289506172839506,0.26728395061728394,0.02845679012345679,0.09517390132111081,0.0005061728395061728,6.17283950617284e-05,0.14855072463768115,0.018115942028985508,0.0034074074074074076,0.5344827586206896,0.0034444444444444444,0.0064444444444444445,0.69906097430815,0.0,0.0757037037037037,0.003256172839506173,0.0016280864197530864,0.0,0.0,0.003256172839506173,0.0,0.008493827160493827,1.9915061728395063,1.2042778610839697,600.0,400.0,5.0,5.396083349729672,6.69815555866086,17.781647069646844,5.254661472065715,1.7986944499098907,2.23271851955362,5.927215689882281,1.7515538240219048,0.9731164788038275,5.846788020192552,0.911360124940984,default
cheap_phys,5,0.2,6.0,0.0,6.0,trap,1,serving_reciprocity+map+rate,3.0,3,6,2,False,0.0011728395061728395,0.007029053420805998,0.006105834464043419,0.001851851851851852,0.1317283950617284,0.1819753086419753,0.010185185185185186,0.02436738519212746,0.0002839506172839506,7.407407407407407e-05,0.0954356846473029,0.024896265560165973,0.0029753086419753087,0.450402144772118,0.002074074074074074,0.0046049382716049385,0.40861767885841194,0.0,0.045098765432098765,0.006635802469135803,0.0033179012345679014,0.0,0.0,0.006635802469135803,0.0,0.007728395061728395,1.9922716049382716,1.3248421566664896,600.0,400.0,5.0,5.423335932850391,6.723089349387422,17.92060369767293,5.3473887133150795,1.8077786442834638,2.241029783129141,5.973534565890977,1.7824629044383598,1.000282397115589,5.889189276625008,1.0235531670041382,default
cheap_phys,6,0.2,6.0,0.0,6.0,trap,1,serving_reciprocity+map+rate,3.0,3,6,2,False,0.0017283950617283952,0.01120206807410599,0.008016627078384799,0.0024074074074074076,0.1432716049382716,0.20790123456790124,0.007839506172839506,0.022834984920292976,0.00037037037037037035,7.407407407407407e-05,0.12605042016806722,0.025210084033613446,0.0029382716049382715,0.5235732009925558,0.0026049382716049384,0.004975308641975308,0.4096902555387618,0.0,0.04565432098765432,0.005169753086419753,0.0025848765432098767,0.0,0.0,0.005169753086419753,0.0,0.006518518518518518,1.9934814814814814,1.3049516446728395,600.0,400.0,5.0,5.4140534108651925,6.714858243582173,18.471768212114295,5.312442601466293,1.8046844702883975,2.2382860811940577,6.157256070704765,1.7708142004887644,1.0075622293139008,6.07425885802463,0.9694173329044133,default
cheap_phys,7,0.2,6.0,0.0,6.0,trap,1,serving_reciprocity+map+rate,3.0,3,6,2,False,0.0013580246913580246,0.01010587102983638,0.00773286467486819,0.0025308641975308644,0.1282716049382716,0.1756172839506173,0.011358024691358024,0.013474494706448507,0.0003333333333333333,8.641975308641975e-05,0.1018867924528302,0.026415094339622643,0.003271604938271605,0.4782608695652174,0.0024444444444444444,0.005111111111111111,0.3237997754545218,0.0,0.038308641975308644,0.0030246913580246914,0.0015123456790123457,0.0,0.0,0.0030092592592592593,1.54320987654321e-05,0.004975308641975308,1.9950246913580247,1.368795555143492,600.0,400.0,5.0,5.403742565189801,6.6848746272912685,18.63755061236489,5.169306173143329,1.8012475217299337,2.228291542430423,6.212516870788297,1.723102057714443,1.0055429184573565,6.130599424931422,0.9928957500960678,default
cheap_phys,8,0.2,6.0,0.0,6.0,trap,1,serving_reciprocity+map+rate,3.0,3,6,2,False,0.001419753086419753,0.0075528700906344415,0.006235154394299287,0.002283950617283951,0.1634567901234568,0.20790123456790124,0.013271604938271606,0.04682779456193353,0.00045679012345679014,6.17283950617284e-05,0.15948275862068967,0.021551724137931036,0.0028641975308641974,0.4902439024390244,0.0024814814814814816,0.005061728395061729,0.3910743283736995,0.0,0.045641975308641974,0.006095679012345679,0.0030478395061728394,0.0,0.0,0.006095679012345679,0.0,0.008024691358024692,1.9919753086419754,1.3295726630579656,600.0,400.0,5.0,5.393690921572083,6.716062985529939,18.062246950046628,5.410083779039509,1.797896973857361,2.238687661843313,6.020748983348876,1.803361259679836,0.9904300107142289,5.93872601778977,0.9316097920527682,default
cheap_phys,9,0.2,6.0,0.0,6.0,trap,1,serving_reciprocity+map+rate,3.0,3,6,2,False,0.0016666666666666668,0.006731050629206907,0.006254343293954135,0.0029012345679012346,0.21092592592592593,0.2664814814814815,0.019074074074074073,0.04506877377816798,0.0005185185185185185,9.876543209876543e-05,0.17796610169491525,0.03389830508474576,0.00291358024691358,0.5254237288135594,0.0026790123456790125,0.0050987654320987655,0.5099905049348635,0.0,0.057506172839506174,0.005941358024691358,0.002970679012345679,0.0,0.0,0.005941358024691358,0.0,0.008777777777777778,1.9912222222222222,1.4583190876234893,600.0,400.0,5.0,5.422415322598476,6.696291088574371,18.15485461267199,5.535019675246978,1.807471774199492,2.2320970295247906,6.051618204223996,1.8450065584156592,1.014685727788178,5.965944666481431,0.9439020829740912,default
cheap_phys,0,0.2,6.0,0.5,6.0,trap,1,serving_reciprocity+map+rate,3.0,3,6,2,False,0.0017283950617283952,0.008863564419119974,0.006930693069306931,0.0030864197530864196,0.195,0.24938271604938272,0.012160493827160494,0.02025957581513137,0.0004691358024691358,2.4691358024691357e-05,0.17592592592592593,0.009259259259259259,0.0026666666666666666,0.48753462603878117,0.0021728395061728395,0.00445679012345679,0.443185988314198,0.0,0.053160493827160496,0.0066049382716049385,0.0033024691358024692,0.0,0.0,0.0066049382716049385,0.0,0.007950617283950617,1.9920493827160495,1.2853664124678046,600.0,400.0,5.0,5.3975873028581836,6.7073246240154685,17.948274443470986,5.176871684720679,1.7991957676193946,2.2357748746718227,5.982758147823661,1.725623894906893,0.9913975786089191,5.900044567329876,0.7887361670145765,default
cheap_phys,1,0.2,6.0,0.5,6.0,trap,1,serving_reciprocity+map+rate,3.0,3,6,2,False,0.002037037037037037,0.009227929867733005,0.007665505226480836,0.003148148148148148,0.200679012345679,0.2657407407407407,0.021358024691358026,0.032297754537065515,0.0005802469135802469,9.876543209876543e-05,0.1760299625468165,0.0299625468164794,0.0032962962962962963,0.5,0.002925925925925926,0.005851851851851852,0.5704566400255887,0.0,0.06570370370370371,0.004799382716049383,0.0023996913580246913,0.0,0.0,0.004799382716049383,0.0,0.008728395061728395,1.9912716049382717,1.2752902453705324,600.0,400.0,5.0,5.4032146769539295,6.695175157541227,18.505083162734675,5.408964210906127,1.801071558984643,2.231725052513742,6.168361054244891,1.8029880703020424,0.9914552084452658,6.088160203638855,0.8097351250471547,default
cheap_phys,2,0.2,6.0,0.5,6.0,trap,1,serving_reciprocity+map+rate,3.0,3,6,2,False,0.001851851851851852,0.008828522920203734,0.006915983606557377,0.002777777777777778,0.18179012345679013,0.24098765432098765,0.014320987654320988,0.030899830220713072,0.0004320987654320988,7.407407407407407e-05,0.15021459227467812,0.02575107296137339,0.0028765432098765433,0.5734597156398105,0.002987654320987654,0.005209876543209877,0.5481475637210506,0.0,0.06206172839506173,0.00779320987654321,0.003896604938271605,0.0,0.0,0.00779320987654321,0.0,0.009975308641975308,1.9900246913580246,1.3038838841233347,600.0,400.0,5.0,5.412043864753278,6.681281438412865,18.07938173559875,5.314134918188104,1.8040146215844257,2.2270938128042883,6.026460578532918,1.7713783060627013,0.986539725953694,5.945163284025639,0.8862199579598382,default
cheap_phys,3,0.2,6.0,0.5,6.0,trap,1,serving_reciprocity+map+rate,3.0,3,6,2,False,0.0022222222222222222,0.01410859341598974,0.01068566340160285,0.003765432098765432,0.14438271604938271,0.20796296296296296,0.006481481481481481,0.017528858486532708,0.0004691358024691358,7.407407407407407e-05,0.14232209737827714,0.02247191011235955,0.0032962962962962963,0.49440715883668906,0.002728395061728395,0.005518518518518518,0.488456599314681,0.0,0.05202469135802469,0.0038425925925925928,0.0019212962962962964,0.0,0.0,0.0038425925925925928,0.0,0.004493827160493827,1.9955061728395063,1.320987814066923,600.0,400.0,5.0,5.406661549709966,6.7298243920753755,18.911030086404743,5.340468799925379,1.8022205165699887,2.2432747973584584,6.303676695468248,1.780156266641793,1.0001524018891992,6.223828006459108,0.8349888329394162,default
cheap_phys,4,0.2,6.0,0.5,6.0,trap,1,serving_reciprocity+map+rate,3.0,3,6,2,False,0.0017283950617283952,0.00700997573469938,0.006004618937644342,0.002777777777777778,0.2289506172839506,0.26728395061728394,0.02845679012345679,0.09517390132111081,0.0005061728395061728,6.17283950617284e-05,0.14855072463768115,0.018115942028985508,0.0034074074074074076,0.5344827586206896,0.0034444444444444444,0.0064444444444444445,0.69906097430815,0.0,0.0757037037037037,0.003256172839506173,0.0016280864197530864,0.0,0.0,0.003256172839506173,0.0,0.008493827160493827,1.9915061728395063,1.2042778610839697,600.0,400.0,5.0,5.396083349729672,6.69815555866086,17.781647069646844,5.254661472065715,1.7986944499098907,2.23271851955362,5.927215689882281,1.7515538240219048,0.9731164788038275,5.846788020192552,1.0240690829232335,default
cheap_phys,5,0.2,6.0,0.5,6.0,trap,1,serving_reciprocity+map+rate,3.0,3,6,2,False,0.0011728395061728395,0.007029053420805998,0.006105834464043419,0.001851851851851852,0.1317283950617284,0.1819753086419753,0.010185185185185186,0.02436738519212746,0.0002839506172839506,7.407407407407407e-05,0.0954356846473029,0.024896265560165973,0.0029753086419753087,0.450402144772118,0.002074074074074074,0.0046049382716049385,0.40861767885841194,0.0,0.045098765432098765,0.006635802469135803,0.0033179012345679014,0.0,0.0,0.006635802469135803,0.0,0.007728395061728395,1.9922716049382716,1.3248421566664896,600.0,400.0,5.0,5.423335932850391,6.723089349387422,17.92060369767293,5.3473887133150795,1.8077786442834638,2.241029783129141,5.973534565890977,1.7824629044383598,1.000282397115589,5.889189276625008,0.8947457920294255,default
cheap_phys,6,0.2,6.0,0.5,6.0,trap,1,serving_reciprocity+map+rate,3.0,3,6,2,False,0.0017283950617283952,0.01120206807410599,0.008016627078384799,0.0024074074074074076,0.1432716049382716,0.20790123456790124,0.007839506172839506,0.022834984920292976,0.00037037037037037035,7.407407407407407e-05,0.12605042016806722,0.025210084033613446,0.0029382716049382715,0.5235732009925558,0.0026049382716049384,0.004975308641975308,0.4096902555387618,0.0,0.04565432098765432,0.005169753086419753,0.0025848765432098767,0.0,0.0,0.005169753086419753,0.0,0.006518518518518518,1.9934814814814814,1.3049516446728395,600.0,400.0,5.0,5.4140534108651925,6.714858243582173,18.471768212114295,5.312442601466293,1.8046844702883975,2.2382860811940577,6.157256070704765,1.7708142004887644,1.0075622293139008,6.07425885802463,0.8885328749893233,default
cheap_phys,7,0.2,6.0,0.5,6.0,trap,1,serving_reciprocity+map+rate,3.0,3,6,2,False,0.0013580246913580246,0.01010587102983638,0.00773286467486819,0.0025308641975308644,0.1282716049382716,0.1756172839506173,0.011358024691358024,0.013474494706448507,0.0003333333333333333,8.641975308641975e-05,0.1018867924528302,0.026415094339622643,0.003271604938271605,0.4782608695652174,0.0024444444444444444,0.005111111111111111,0.3237997754545218,0.0,0.038308641975308644,0.0030246913580246914,0.0015123456790123457,0.0,0.0,0.0030092592592592593,1.54320987654321e-05,0.004975308641975308,1.9950246913580247,1.368795555143492,600.0,400.0,5.0,5.403742565189801,6.6848746272912685,18.63755061236489,5.169306173143329,1.8012475217299337,2.228291542430423,6.212516870788297,1.723102057714443,1.0055429184573565,6.130599424931422,0.9017084579681978,default
cheap_phys,8,0.2,6.0,0.5,6.0,trap,1,serving_reciprocity+map+rate,3.0,3,6,2,False,0.001419753086419753,0.0075528700906344415,0.006235154394299287,0.002283950617283951,0.1634567901234568,0.20790123456790124,0.013271604938271606,0.04682779456193353,0.00045679012345679014,6.17283950617284e-05,0.15948275862068967,0.021551724137931036,0.0028641975308641974,0.4902439024390244,0.0024814814814814816,0.005061728395061729,0.3910743283736995,0.0,0.045641975308641974,0.006095679012345679,0.0030478395061728394,0.0,0.0,0.006095679012345679,0.0,0.008024691358024692,1.9919753086419754,1.3295726630579656,600.0,400.0,5.0,5.393690921572083,6.716062985529939,18.062246950046628,5.410083779039509,1.797896973857361,2.238687661843313,6.020748983348876,1.803361259679836,0.9904300107142289,5.93872601778977,0.9247358330758289,default
cheap_phys,9,0.2,6.0,0.5,6.0,trap,1,serving_reciprocity+map+rate,3.0,3,6,2,False,0.0016666666666666668,0.006731050629206907,0.006254343293954135,0.0029012345679012346,0.21092592592592593,0.2664814814814815,0.019074074074074073,0.04506877377816798,0.0005185185185185185,9.876543209876543e-05,0.17796610169491525,0.03389830508474576,0.00291358024691358,0.5254237288135594,0.0026790123456790125,0.0050987654320987655,0.5099905049348635,0.0,0.057506172839506174,0.005941358024691358,0.002970679012345679,0.0,0.0,0.005941358024691358,0.0,0.008777777777777778,1.9912222222222222,1.4583190876234893,600.0,400.0,5.0,5.422415322598476,6.696291088574371,18.15485461267199,5.535019675246978,1.807471774199492,2.2320970295247906,6.051618204223996,1.8450065584156592,1.014685727788178,5.965944666481431,0.9727927499916404,default
cheap_phys,0,0.2,6.0,1.0,6.0,trap,1,serving_reciprocity+map+rate,3.0,3,6,2,False,0.0017283950617283952,0.008863564419119974,0.006930693069306931,0.0030864197530864196,0.195,0.24938271604938272,0.012160493827160494,0.02025957581513137,0.0004691358024691358,2.4691358024691357e-05,0.17592592592592593,0.009259259259259259,0.0026666666666666666,0.48753462603878117,0.0021728395061728395,0.00445679012345679,0.443185988314198,0.0,0.053160493827160496,0.0066049382716049385,0.0033024691358024692,0.0,0.0,0.0066049382716049385,0.0,0.007950617283950617,1.9920493827160495,1.2853664124678046,600.0,400.0,5.0,5.3975873028581836,6.7073246240154685,17.948274443470986,5.176871684720679,1.7991957676193946,2.2357748746718227,5.982758147823661,1.725623894906893,0.9913975786089191,5.900044567329876,0.7585345410043374,default
cheap_phys,1,0.2,6.0,1.0,6.0,trap,1,serving_reciprocity+map+rate,3.0,3,6,2,False,0.002037037037037037,0.009227929867733005,0.007665505226480836,0.003148148148148148,0.200679012345679,0.2657407407407407,0.021358024691358026,0.032297754537065515,0.0005802469135802469,9.876543209876543e-05,0.1760299625468165,0.0299625468164794,0.0032962962962962963,0.5,0.002925925925925926,0.005851851851851852,0.5704566400255887,0.0,0.06570370370370371,0.004799382716049383,0.0023996913580246913,0.0,0.0,0.004799382716049383,0.0,0.008728395061728395,1.9912716049382717,1.2752902453705324,600.0,400.0,5.0,5.4032146769539295,6.695175157541227,18.505083162734675,5.408964210906127,1.801071558984643,2.231725052513742,6.168361054244891,1.8029880703020424,0.9914552084452658,6.088160203638855,0.8205363340675831,default
cheap_phys,2,0.2,6.0,1.0,6.0,trap,1,serving_reciprocity+map+rate,3.0,3,6,2,False,0.001851851851851852,0.008828522920203734,0.006915983606557377,0.002777777777777778,0.18179012345679013,0.24098765432098765,0.014320987654320988,0.030899830220713072,0.0004320987654320988,7.407407407407407e-05,0.15021459227467812,0.02575107296137339,0.0028765432098765433,0.5734597156398105,0.002987654320987654,0.005209876543209877,0.5481475637210506,0.0,0.06206172839506173,0.00779320987654321,0.003896604938271605,0.0,0.0,0.00779320987654321,0.0,0.009975308641975308,1.9900246913580246,1.3038838841233347,600.0,400.0,5.0,5.412043864753278,6.681281438412865,18.07938173559875,5.314134918188104,1.8040146215844257,2.2270938128042883,6.026460578532918,1.7713783060627013,0.986539725953694,5.945163284025639,0.9352847910486162,default
cheap_phys,3,0.2,6.0,1.0,6.0,trap,1,serving_reciprocity+map+rate,3.0,3,6,2,False,0.0022222222222222222,0.01410859341598974,0.01068566340160285,0.003765432098765432,0.14438271604938271,0.20796296296296296,0.006481481481481481,0.017528858486532708,0.0004691358024691358,7.407407407407407e-05,0.14232209737827714,0.02247191011235955,0.0032962962962962963,0.49440715883668906,0.002728395061728395,0.005518518518518518,0.488456599314681,0.0,0.05202469135802469,0.0038425925925925928,0.0019212962962962964,0.0,0.0,0.0038425925925925928,0.0,0.004493827160493827,1.9955061728395063,1.320987814066923,600.0,400.0,5.0,5.406661549709966,6.7298243920753755,18.911030086404743,5.340468799925379,1.8022205165699887,2.2432747973584584,6.303676695468248,1.780156266641793,1.0001524018891992,6.223828006459108,0.8599655840080231,default
cheap_phys,4,0.2,6.0,1.0,6.0,trap,1,serving_reciprocity+map+rate,3.0,3,6,2,False,0.0017283950617283952,0.00700997573469938,0.006004618937644342,0.002777777777777778,0.2289506172839506,0.26728395061728394,0.02845679012345679,0.09517390132111081,0.0005061728395061728,6.17283950617284e-05,0.14855072463768115,0.018115942028985508,0.0034074074074074076,0.5344827586206896,0.0034444444444444444,0.0064444444444444445,0.69906097430815,0.0,0.0757037037037037,0.003256172839506173,0.0016280864197530864,0.0,0.0,0.003256172839506173,0.0,0.008493827160493827,1.9915061728395063,1.2042778610839697,600.0,400.0,5.0,5.396083349729672,6.69815555866086,17.781647069646844,5.254661472065715,1.7986944499098907,2.23271851955362,5.927215689882281,1.7515538240219048,0.9731164788038275,5.846788020192552,0.8658215829636902,default
cheap_phys,5,0.2,6.0,1.0,6.0,trap,1,serving_reciprocity+map+rate,3.0,3,6,2,False,0.0011728395061728395,0.007029053420805998,0.006105834464043419,0.001851851851851852,0.1317283950617284,0.1819753086419753,0.010185185185185186,0.02436738519212746,0.0002839506172839506,7.407407407407407e-05,0.0954356846473029,0.024896265560165973,0.0029753086419753087,0.450402144772118,0.002074074074074074,0.0046049382716049385,0.40861767885841194,0.0,0.045098765432098765,0.006635802469135803,0.0033179012345679014,0.0,0.0,0.006635802469135803,0.0,0.007728395061728395,1.9922716049382716,1.3248421566664896,600.0,400.0,5.0,5.423335932850391,6.723089349387422,17.92060369767293,5.3473887133150795,1.8077786442834638,2.241029783129141,5.973534565890977,1.7824629044383598,1.000282397115589,5.889189276625008,0.8743480420671403,default
cheap_phys,6,0.2,6.0,1.0,6.0,trap,1,serving_reciprocity+map+rate,3.0,3,6,2,False,0.0017283950617283952,0.01120206807410599,0.008016627078384799,0.0024074074074074076,0.1432716049382716,0.20790123456790124,0.007839506172839506,0.022834984920292976,0.00037037037037037035,7.407407407407407e-05,0.12605042016806722,0.025210084033613446,0.0029382716049382715,0.5235732009925558,0.0026049382716049384,0.004975308641975308,0.4096902555387618,0.0,0.04565432098765432,0.005169753086419753,0.0025848765432098767,0.0,0.0,0.005169753086419753,0.0,0.006518518518518518,1.9934814814814814,1.3049516446728395,600.0,400.0,5.0,5.4140534108651925,6.714858243582173,18.471768212114295,5.312442601466293,1.8046844702883975,2.2382860811940577,6.157256070704765,1.7708142004887644,1.0075622293139008,6.07425885802463,0.9646690409863368,default
cheap_phys,7,0.2,6.0,1.0,6.0,trap,1,serving_reciprocity+map+rate,3.0,3,6,2,False,0.0013580246913580246,0.01010587102983638,0.00773286467486819,0.0025308641975308644,0.1282716049382716,0.1756172839506173,0.011358024691358024,0.013474494706448507,0.0003333333333333333,8.641975308641975e-05,0.1018867924528302,0.026415094339622643,0.003271604938271605,0.4782608695652174,0.0024444444444444444,0.005111111111111111,0.3237997754545218,0.0,0.038308641975308644,0.0030246913580246914,0.0015123456790123457,0.0,0.0,0.0030092592592592593,1.54320987654321e-05,0.004975308641975308,1.9950246913580247,1.368795555143492,600.0,400.0,5.0,5.403742565189801,6.6848746272912685,18.63755061236489,5.169306173143329,1.8012475217299337,2.228291542430423,6.212516870788297,1.723102057714443,1.0055429184573565,6.130599424931422,0.9427059580339119,default
cheap_phys,8,0.2,6.0,1.0,6.0,trap,1,serving_reciprocity+map+rate,3.0,3,6,2,False,0.001419753086419753,0.0075528700906344415,0.006235154394299287,0.002283950617283951,0.1634567901234568,0.20790123456790124,0.013271604938271606,0.04682779456193353,0.00045679012345679014,6.17283950617284e-05,0.15948275862068967,0.021551724137931036,0.0028641975308641974,0.4902439024390244,0.0024814814814814816,0.005061728395061729,0.3910743283736995,0.0,0.045641975308641974,0.006095679012345679,0.0030478395061728394,0.0,0.0,0.006095679012345679,0.0,0.008024691358024692,1.9919753086419754,1.3295726630579656,600.0,400.0,5.0,5.393690921572083,6.716062985529939,18.062246950046628,5.410083779039509,1.797896973857361,2.238687661843313,6.020748983348876,1.803361259679836,0.9904300107142289,5.93872601778977,1.019603667082265,default
cheap_phys,9,0.2,6.0,1.0,6.0,trap,1,serving_reciprocity+map+rate,3.0,3,6,2,False,0.0016666666666666668,0.006731050629206907,0.006254343293954135,0.0029012345679012346,0.21092592592592593,0.2664814814814815,0.019074074074074073,0.04506877377816798,0.0005185185185185185,9.876543209876543e-05,0.17796610169491525,0.03389830508474576,0.00291358024691358,0.5254237288135594,0.0026790123456790125,0.0050987654320987655,0.5099905049348635,0.0,0.057506172839506174,0.005941358024691358,0.002970679012345679,0.0,0.0,0.005941358024691358,0.0,0.008777777777777778,1.9912222222222222,1.4583190876234893,600.0,400.0,5.0,5.422415322598476,6.696291088574371,18.15485461267199,5.535019675246978,1.807471774199492,2.2320970295247906,6.051618204223996,1.8450065584156592,1.014685727788178,5.965944666481431,0.955242957919836,default
cheap_phys,0,0.2,10.0,0.0,6.0,trap,1,serving_reciprocity+map+rate,3.0,3,6,2,False,0.002283950617283951,0.0045655585675559995,0.004300047778308648,0.003703703703703704,0.43265432098765433,0.5167901234567901,0.06623456790123457,0.12098730204023399,0.0006790123456790123,6.17283950617284e-05,0.23109243697478993,0.02100840336134454,0.0029382716049382715,0.5205128205128206,0.002506172839506173,0.004814814814814815,0.5255597377791097,0.0,0.06358024691358025,0.0066049382716049385,0.0033024691358024692,0.0,0.0,0.0066049382716049385,0.0,0.018925925925925926,1.981074074074074,1.266297651100554,600.0,400.0,5.0,5.3975873028581836,6.7073246240154685,17.948274443470986,5.176871684720679,1.7991957676193946,2.2357748746718227,5.982758147823661,1.725623894906893,0.9913975786089191,5.900044567329876,0.7105667499126866,default
cheap_phys,1,0.2,10.0,0.0,6.0,trap,1,serving_reciprocity+map+rate,3.0,3,6,2,False,0.0024074074074074076,0.005792437650844731,0.005178595140087638,0.003580246913580247,0.38364197530864197,0.46487654320987654,0.05771604938271605,0.08624296057924377,0.000691358024691358,0.00014814814814814815,0.2014388489208633,0.04316546762589928,0.003432098765432099,0.5163265306122449,0.003123456790123457,0.006049382716049383,0.6351300420126028,0.0,0.07212345679012346,0.004799382716049383,0.0023996913580246913,0.0,0.0,0.004799382716049383,0.0,0.016098765432098764,1.9839012345679012,1.2670841525929881,600.0,400.0,5.0,5.4032146769539295,6.695175157541227,18.505083162734675,5.408964210906127,1.801071558984643,2.231725052513742,6.168361054244891,1.8029880703020424,0.9914552084452658,6.088160203638855,0.7329123329836875,default
cheap_phys,2,0.2,10.0,0.0,6.0,trap,1,serving_reciprocity+map+rate,3.0,3,6,2,False,0.0020987654320987655,0.00463678516228748,0.00425418771603297,0.0032098765432098763,0.3993827160493827,0.464320987654321,0.07135802469135802,0.1106646058732612,0.0006049382716049383,0.00013580246913580247,0.19678714859437751,0.04417670682730924,0.003074074074074074,0.5964912280701754,0.003358024691358025,0.005629629629629629,0.6345987154543322,0.0,0.0721604938271605,0.00779320987654321,0.003896604938271605,0.0,0.0,0.00779320987654321,0.0,0.0214320987654321,1.9785679012345678,1.2938479983562128,600.0,400.0,5.0,5.412043864753278,6.681281438412865,18.07938173559875,5.314134918188104,1.8040146215844257,2.2270938128042883,6.026460578532918,1.7713783060627013,0.986539725953694,5.945163284025639,0.911666625062935,default
cheap_phys,3,0.2,10.0,0.0,6.0,trap,1,serving_reciprocity+map+rate,3.0,3,6,2,False,0.002777777777777778,0.007614213197969543,0.0068997240110395585,0.004629629629629629,0.31617283950617286,0.4025925925925926,0.03981481481481482,0.07243264349863335,0.0006049382716049383,9.876543209876543e-05,0.17132867132867133,0.027972027972027972,0.0035308641975308644,0.5160599571734475,0.0029753086419753087,0.0057654320987654325,0.5586316165616249,0.0,0.057493827160493824,0.0038425925925925928,0.0019212962962962964,0.0,0.0,0.0038425925925925928,0.0,0.011234567901234569,1.9887654320987653,1.315295370797245,600.0,400.0,5.0,5.406661549709966,6.7298243920753755,18.911030086404743,5.340468799925379,1.8022205165699887,2.2432747973584584,6.303676695468248,1.780156266641793,1.0001524018891992,6.223828006459108,0.8752654580166563,default
cheap_phys,4,0.2,10.0,0.0,6.0,trap,1,serving_reciprocity+map+rate,3.0,3,6,2,False,0.0017901234567901235,0.004729852646898308,0.004331013147718484,0.0029012345679012346,0.339320987654321,0.3990740740740741,0.09253086419753087,0.223394578861197,0.0006419753086419753,8.641975308641975e-05,0.18118466898954705,0.024390243902439025,0.00354320987654321,0.5603603603603604,0.003839506172839506,0.006851851851851852,0.8155323933709092,0.0,0.08227160493827161,0.003256172839506173,0.0016280864197530864,0.0,0.0,0.003256172839506173,0.0,0.021407407407407406,1.9785925925925927,1.19740944174995,600.0,400.0,5.0,5.396083349729672,6.69815555866086,17.781647069646844,5.254661472065715,1.7986944499098907,2.23271851955362,5.927215689882281,1.7515538240219048,0.9731164788038275,5.846788020192552,0.9071870830375701,default
cheap_phys,5,0.2,10.0,0.0,6.0,trap,1,serving_reciprocity+map+rate,3.0,3,6,2,False,0.0015432098765432098,0.005256241787122208,0.004364525139664804,0.0024691358024691358,0.28185185185185185,0.35358024691358025,0.06271604938271605,0.11607533946561542,0.0004074074074074074,8.641975308641975e-05,0.12992125984251968,0.027559055118110236,0.0031358024691358023,0.4607329842931937,0.0021728395061728395,0.00471604938271605,0.4348515236876393,0.0,0.04797530864197531,0.006635802469135803,0.0033179012345679014,0.0,0.0,0.006635802469135803,0.0,0.018382716049382717,1.9816172839506172,1.320547174326931,600.0,400.0,5.0,5.423335932850391,6.723089349387422,17.92060369767293,5.3473887133150795,1.8077786442834638,2.241029783129141,5.973534565890977,1.7824629044383598,1.000282397115589,5.889189276625008,0.9221618750598282,default
cheap_phys,6,0.2,10.0,0.0,6.0,trap,1,serving_reciprocity+map+rate,3.0,3,6,2,False,0.0022222222222222222,0.006477424271289769,0.005403736297668674,0.003271604938271605,0.3240123456790123,0.3998148148148148,0.046296296296296294,0.07658601638407316,0.0005925925925925926,0.00014814814814814815,0.18461538461538463,0.046153846153846156,0.0032098765432098763,0.545045045045045,0.002987654320987654,0.005481481481481481,0.45935159648543616,0.0,0.04997530864197531,0.005169753086419753,0.0025848765432098767,0.0,0.0,0.005169753086419753,0.0,0.014345679012345678,1.9856543209876543,1.2978903532528336,600.0,400.0,5.0,5.4140534108651925,6.714858243582173,18.471768212114295,5.312442601466293,1.8046844702883975,2.2382860811940577,6.157256070704765,1.7708142004887644,1.0075622293139008,6.07425885802463,0.9032924579223618,default
cheap_phys,7,0.2,10.0,0.0,6.0,trap,1,serving_reciprocity+map+rate,3.0,3,6,2,False,0.0019135802469135803,0.0059991725279271825,0.005228537696070163,0.0034567901234567903,0.2983950617283951,0.3659876543209877,0.05296296296296296,0.10591642532064542,0.0004938271604938272,0.0001234567901234568,0.14084507042253522,0.035211267605633804,0.003506172839506173,0.48847926267281105,0.002617283950617284,0.005358024691358025,0.35732889556954434,0.0,0.04197530864197531,0.0030246913580246914,0.0015123456790123457,0.0,0.0,0.0030092592592592593,1.54320987654321e-05,0.013370370370370371,1.9866296296296295,1.3654255431976379,600.0,400.0,5.0,5.403742565189801,6.6848746272912685,18.63755061236489,5.169306173143329,1.8012475217299337,2.228291542430423,6.212516870788297,1.723102057714443,1.0055429184573565,6.130599424931422,0.9455290000187233,default
cheap_phys,8,0.2,10.0,0.0,6.0,trap,1,serving_reciprocity+map+rate,3.0,3,6,2,False,0.0016666666666666668,0.005000961723408348,0.004378141722069078,0.0025308641975308644,0.32092592592592595,0.380679012345679,0.051111111111111114,0.11694556645508751,0.0005802469135802469,8.641975308641975e-05,0.19583333333333333,0.029166666666666667,0.002962962962962963,0.522248243559719,0.0027530864197530865,0.0052716049382716046,0.4580642495399142,0.0,0.05141975308641975,0.006095679012345679,0.0030478395061728394,0.0,0.0,0.006095679012345679,0.0,0.01562962962962963,1.9843703703703703,1.3221852382355435,600.0,400.0,5.0,5.393690921572083,6.716062985529939,18.062246950046628,5.410083779039509,1.797896973857361,2.238687661843313,6.020748983348876,1.803361259679836,0.9904300107142289,5.93872601778977,0.8862479579402134,default
cheap_phys,9,0.2,10.0,0.0,6.0,trap,1,serving_reciprocity+map+rate,3.0,3,6,2,False,0.0021604938271604936,0.005710556371349323,0.004844290657439446,0.0038888888888888888,0.37833333333333335,0.44598765432098764,0.08308641975308642,0.15793767335617556,0.0006790123456790123,0.00011111111111111112,0.2099236641221374,0.03435114503816794,0.0032345679012345677,0.5611353711790393,0.0031728395061728395,0.005654320987654321,0.5657530495851724,0.0,0.06393827160493827,0.005941358024691358,0.002970679012345679,0.0,0.0,0.005941358024691358,0.0,0.02165432098765432,1.9783456790123457,1.4534613342020777,600.0,400.0,5.0,5.422415322598476,6.696291088574371,18.15485461267199,5.535019675246978,1.807471774199492,2.2320970295247906,6.051618204223996,1.8450065584156592,1.014685727788178,5.965944666481431,0.9018658749992028,default
cheap_phys,0,0.2,10.0,0.5,6.0,trap,1,serving_reciprocity+map+rate,3.0,3,6,2,False,0.002283950617283951,0.0045655585675559995,0.004300047778308648,0.003703703703703704,0.43265432098765433,0.5167901234567901,0.06623456790123457,0.12098730204023399,0.0006790123456790123,6.17283950617284e-05,0.23109243697478993,0.02100840336134454,0.0029382716049382715,0.5205128205128206,0.002506172839506173,0.004814814814814815,0.5255597377791097,0.0,0.06358024691358025,0.0066049382716049385,0.0033024691358024692,0.0,0.0,0.0066049382716049385,0.0,0.018925925925925926,1.981074074074074,1.266297651100554,600.0,400.0,5.0,5.3975873028581836,6.7073246240154685,17.948274443470986,5.176871684720679,1.7991957676193946,2.2357748746718227,5.982758147823661,1.725623894906893,0.9913975786089191,5.900044567329876,0.7744893340859562,default
cheap_phys,1,0.2,10.0,0.5,6.0,trap,1,serving_reciprocity+map+rate,3.0,3,6,2,False,0.0024074074074074076,0.005792437650844731,0.005178595140087638,0.003580246913580247,0.38364197530864197,0.46487654320987654,0.05771604938271605,0.08624296057924377,0.000691358024691358,0.00014814814814814815,0.2014388489208633,0.04316546762589928,0.003432098765432099,0.5163265306122449,0.003123456790123457,0.006049382716049383,0.6351300420126028,0.0,0.07212345679012346,0.004799382716049383,0.0023996913580246913,0.0,0.0,0.004799382716049383,0.0,0.016098765432098764,1.9839012345679012,1.2670841525929881,600.0,400.0,5.0,5.4032146769539295,6.695175157541227,18.505083162734675,5.408964210906127,1.801071558984643,2.231725052513742,6.168361054244891,1.8029880703020424,0.9914552084452658,6.088160203638855,0.7989520420087501,default
cheap_phys,2,0.2,10.0,0.5,6.0,trap,1,serving_reciprocity+map+rate,3.0,3,6,2,False,0.0020987654320987655,0.00463678516228748,0.00425418771603297,0.0032098765432098763,0.3993827160493827,0.464320987654321,0.07135802469135802,0.1106646058732612,0.0006049382716049383,0.00013580246913580247,0.19678714859437751,0.04417670682730924,0.003074074074074074,0.5964912280701754,0.003358024691358025,0.005629629629629629,0.6345987154543322,0.0,0.0721604938271605,0.00779320987654321,0.003896604938271605,0.0,0.0,0.00779320987654321,0.0,0.0214320987654321,1.9785679012345678,1.2938479983562128,600.0,400.0,5.0,5.412043864753278,6.681281438412865,18.07938173559875,5.314134918188104,1.8040146215844257,2.2270938128042883,6.026460578532918,1.7713783060627013,0.986539725953694,5.945163284025639,0.7987990839174017,default
cheap_phys,3,0.2,10.0,0.5,6.0,trap,1,serving_reciprocity+map+rate,3.0,3,6,2,False,0.002777777777777778,0.007614213197969543,0.0068997240110395585,0.004629629629629629,0.31617283950617286,0.4025925925925926,0.03981481481481482,0.07243264349863335,0.0006049382716049383,9.876543209876543e-05,0.17132867132867133,0.027972027972027972,0.0035308641975308644,0.5160599571734475,0.0029753086419753087,0.0057654320987654325,0.5586316165616249,0.0,0.057493827160493824,0.0038425925925925928,0.0019212962962962964,0.0,0.0,0.0038425925925925928,0.0,0.011234567901234569,1.9887654320987653,1.315295370797245,600.0,400.0,5.0,5.406661549709966,6.7298243920753755,18.911030086404743,5.340468799925379,1.8022205165699887,2.2432747973584584,6.303676695468248,1.780156266641793,1.0001524018891992,6.223828006459108,0.9179483329644427,default
cheap_phys,4,0.2,10.0,0.5,6.0,trap,1,serving_reciprocity+map+rate,3.0,3,6,2,False,0.0017901234567901235,0.004729852646898308,0.004331013147718484,0.0029012345679012346,0.339320987654321,0.3990740740740741,0.09253086419753087,0.223394578861197,0.0006419753086419753,8.641975308641975e-05,0.18118466898954705,0.024390243902439025,0.00354320987654321,0.5603603603603604,0.003839506172839506,0.006851851851851852,0.8155323933709092,0.0,0.08227160493827161,0.003256172839506173,0.0016280864197530864,0.0,0.0,0.003256172839506173,0.0,0.021407407407407406,1.9785925925925927,1.19740944174995,600.0,400.0,5.0,5.396083349729672,6.69815555866086,17.781647069646844,5.254661472065715,1.7986944499098907,2.23271851955362,5.927215689882281,1.7515538240219048,0.9731164788038275,5.846788020192552,0.8475823750486597,default
cheap_phys,5,0.2,10.0,0.5,6.0,trap,1,serving_reciprocity+map+rate,3.0,3,6,2,False,0.0015432098765432098,0.005256241787122208,0.004364525139664804,0.0024691358024691358,0.28185185185185185,0.35358024691358025,0.06271604938271605,0.11607533946561542,0.0004074074074074074,8.641975308641975e-05,0.12992125984251968,0.027559055118110236,0.0031358024691358023,0.4607329842931937,0.0021728395061728395,0.00471604938271605,0.4348515236876393,0.0,0.04797530864197531,0.006635802469135803,0.0033179012345679014,0.0,0.0,0.006635802469135803,0.0,0.018382716049382717,1.9816172839506172,1.320547174326931,600.0,400.0,5.0,5.423335932850391,6.723089349387422,17.92060369767293,5.3473887133150795,1.8077786442834638,2.241029783129141,5.973534565890977,1.7824629044383598,1.000282397115589,5.889189276625008,0.9799912919988856,default
cheap_phys,6,0.2,10.0,0.5,6.0,trap,1,serving_reciprocity+map+rate,3.0,3,6,2,False,0.0022222222222222222,0.006477424271289769,0.005403736297668674,0.003271604938271605,0.3240123456790123,0.3998148148148148,0.046296296296296294,0.07658601638407316,0.0005925925925925926,0.00014814814814814815,0.18461538461538463,0.046153846153846156,0.0032098765432098763,0.545045045045045,0.002987654320987654,0.005481481481481481,0.45935159648543616,0.0,0.04997530864197531,0.005169753086419753,0.0025848765432098767,0.0,0.0,0.005169753086419753,0.0,0.014345679012345678,1.9856543209876543,1.2978903532528336,600.0,400.0,5.0,5.4140534108651925,6.714858243582173,18.471768212114295,5.312442601466293,1.8046844702883975,2.2382860811940577,6.157256070704765,1.7708142004887644,1.0075622293139008,6.07425885802463,0.9078787920298055,default
cheap_phys,7,0.2,10.0,0.5,6.0,trap,1,serving_reciprocity+map+rate,3.0,3,6,2,False,0.0019135802469135803,0.0059991725279271825,0.005228537696070163,0.0034567901234567903,0.2983950617283951,0.3659876543209877,0.05296296296296296,0.10591642532064542,0.0004938271604938272,0.0001234567901234568,0.14084507042253522,0.035211267605633804,0.003506172839506173,0.48847926267281105,0.002617283950617284,0.005358024691358025,0.35732889556954434,0.0,0.04197530864197531,0.0030246913580246914,0.0015123456790123457,0.0,0.0,0.0030092592592592593,1.54320987654321e-05,0.013370370370370371,1.9866296296296295,1.3654255431976379,600.0,400.0,5.0,5.403742565189801,6.6848746272912685,18.63755061236489,5.169306173143329,1.8012475217299337,2.228291542430423,6.212516870788297,1.723102057714443,1.0055429184573565,6.130599424931422,0.9988265419378877,default
cheap_phys,8,0.2,10.0,0.5,6.0,trap,1,serving_reciprocity+map+rate,3.0,3,6,2,False,0.0016666666666666668,0.005000961723408348,0.004378141722069078,0.0025308641975308644,0.32092592592592595,0.380679012345679,0.051111111111111114,0.11694556645508751,0.0005802469135802469,8.641975308641975e-05,0.19583333333333333,0.029166666666666667,0.002962962962962963,0.522248243559719,0.0027530864197530865,0.0052716049382716046,0.4580642495399142,0.0,0.05141975308641975,0.006095679012345679,0.0030478395061728394,0.0,0.0,0.006095679012345679,0.0,0.01562962962962963,1.9843703703703703,1.3221852382355435,600.0,400.0,5.0,5.393690921572083,6.716062985529939,18.062246950046628,5.410083779039509,1.797896973857361,2.238687661843313,6.020748983348876,1.803361259679836,0.9904300107142289,5.93872601778977,0.9535154999466613,default
cheap_phys,9,0.2,10.0,0.5,6.0,trap,1,serving_reciprocity+map+rate,3.0,3,6,2,False,0.0021604938271604936,0.005710556371349323,0.004844290657439446,0.0038888888888888888,0.37833333333333335,0.44598765432098764,0.08308641975308642,0.15793767335617556,0.0006790123456790123,0.00011111111111111112,0.2099236641221374,0.03435114503816794,0.0032345679012345677,0.5611353711790393,0.0031728395061728395,0.005654320987654321,0.5657530495851724,0.0,0.06393827160493827,0.005941358024691358,0.002970679012345679,0.0,0.0,0.005941358024691358,0.0,0.02165432098765432,1.9783456790123457,1.4534613342020777,600.0,400.0,5.0,5.422415322598476,6.696291088574371,18.15485461267199,5.535019675246978,1.807471774199492,2.2320970295247906,6.051618204223996,1.8450065584156592,1.014685727788178,5.965944666481431,0.9094358750153333,default
cheap_phys,0,0.2,10.0,1.0,6.0,trap,1,serving_reciprocity+map+rate,3.0,3,6,2,False,0.002283950617283951,0.0045655585675559995,0.004300047778308648,0.003703703703703704,0.43265432098765433,0.5167901234567901,0.06623456790123457,0.12098730204023399,0.0006790123456790123,6.17283950617284e-05,0.23109243697478993,0.02100840336134454,0.0029382716049382715,0.5205128205128206,0.002506172839506173,0.004814814814814815,0.5255597377791097,0.0,0.06358024691358025,0.0066049382716049385,0.0033024691358024692,0.0,0.0,0.0066049382716049385,0.0,0.018925925925925926,1.981074074074074,1.266297651100554,600.0,400.0,5.0,5.3975873028581836,6.7073246240154685,17.948274443470986,5.176871684720679,1.7991957676193946,2.2357748746718227,5.982758147823661,1.725623894906893,0.9913975786089191,5.900044567329876,0.6868675840087235,default
cheap_phys,1,0.2,10.0,1.0,6.0,trap,1,serving_reciprocity+map+rate,3.0,3,6,2,False,0.0024074074074074076,0.005792437650844731,0.005178595140087638,0.003580246913580247,0.38364197530864197,0.46487654320987654,0.05771604938271605,0.08624296057924377,0.000691358024691358,0.00014814814814814815,0.2014388489208633,0.04316546762589928,0.003432098765432099,0.5163265306122449,0.003123456790123457,0.006049382716049383,0.6351300420126028,0.0,0.07212345679012346,0.004799382716049383,0.0023996913580246913,0.0,0.0,0.004799382716049383,0.0,0.016098765432098764,1.9839012345679012,1.2670841525929881,600.0,400.0,5.0,5.4032146769539295,6.695175157541227,18.505083162734675,5.408964210906127,1.801071558984643,2.231725052513742,6.168361054244891,1.8029880703020424,0.9914552084452658,6.088160203638855,0.818583375075832,default
cheap_phys,2,0.2,10.0,1.0,6.0,trap,1,serving_reciprocity+map+rate,3.0,3,6,2,False,0.0020987654320987655,0.00463678516228748,0.00425418771603297,0.0032098765432098763,0.3993827160493827,0.464320987654321,0.07135802469135802,0.1106646058732612,0.0006049382716049383,0.00013580246913580247,0.19678714859437751,0.04417670682730924,0.003074074074074074,0.5964912280701754,0.003358024691358025,0.005629629629629629,0.6345987154543322,0.0,0.0721604938271605,0.00779320987654321,0.003896604938271605,0.0,0.0,0.00779320987654321,0.0,0.0214320987654321,1.9785679012345678,1.2938479983562128,600.0,400.0,5.0,5.412043864753278,6.681281438412865,18.07938173559875,5.314134918188104,1.8040146215844257,2.2270938128042883,6.026460578532918,1.7713783060627013,0.986539725953694,5.945163284025639,0.9199715000577271,default
cheap_phys,3,0.2,10.0,1.0,6.0,trap,1,serving_reciprocity+map+rate,3.0,3,6,2,False,0.002777777777777778,0.007614213197969543,0.0068997240110395585,0.004629629629629629,0.31617283950617286,0.4025925925925926,0.03981481481481482,0.07243264349863335,0.0006049382716049383,9.876543209876543e-05,0.17132867132867133,0.027972027972027972,0.0035308641975308644,0.5160599571734475,0.0029753086419753087,0.0057654320987654325,0.5586316165616249,0.0,0.057493827160493824,0.0038425925925925928,0.0019212962962962964,0.0,0.0,0.0038425925925925928,0.0,0.011234567901234569,1.9887654320987653,1.315295370797245,600.0,400.0,5.0,5.406661549709966,6.7298243920753755,18.911030086404743,5.340468799925379,1.8022205165699887,2.2432747973584584,6.303676695468248,1.780156266641793,1.0001524018891992,6.223828006459108,0.8801349999848753,default
cheap_phys,4,0.2,10.0,1.0,6.0,trap,1,serving_reciprocity+map+rate,3.0,3,6,2,False,0.0017901234567901235,0.004729852646898308,0.004331013147718484,0.0029012345679012346,0.339320987654321,0.3990740740740741,0.09253086419753087,0.223394578861197,0.0006419753086419753,8.641975308641975e-05,0.18118466898954705,0.024390243902439025,0.00354320987654321,0.5603603603603604,0.003839506172839506,0.006851851851851852,0.8155323933709092,0.0,0.08227160493827161,0.003256172839506173,0.0016280864197530864,0.0,0.0,0.003256172839506173,0.0,0.021407407407407406,1.9785925925925927,1.19740944174995,600.0,400.0,5.0,5.396083349729672,6.69815555866086,17.781647069646844,5.254661472065715,1.7986944499098907,2.23271851955362,5.927215689882281,1.7515538240219048,0.9731164788038275,5.846788020192552,0.9456417920300737,default
cheap_phys,5,0.2,10.0,1.0,6.0,trap,1,serving_reciprocity+map+rate,3.0,3,6,2,False,0.0015432098765432098,0.005256241787122208,0.004364525139664804,0.0024691358024691358,0.28185185185185185,0.35358024691358025,0.06271604938271605,0.11607533946561542,0.0004074074074074074,8.641975308641975e-05,0.12992125984251968,0.027559055118110236,0.0031358024691358023,0.4607329842931937,0.0021728395061728395,0.00471604938271605,0.4348515236876393,0.0,0.04797530864197531,0.006635802469135803,0.0033179012345679014,0.0,0.0,0.006635802469135803,0.0,0.018382716049382717,1.9816172839506172,1.320547174326931,600.0,400.0,5.0,5.423335932850391,6.723089349387422,17.92060369767293,5.3473887133150795,1.8077786442834638,2.241029783129141,5.973534565890977,1.7824629044383598,1.000282397115589,5.889189276625008,1.0499685409013182,default
cheap_phys,6,0.2,10.0,1.0,6.0,trap,1,serving_reciprocity+map+rate,3.0,3,6,2,False,0.0022222222222222222,0.006477424271289769,0.005403736297668674,0.003271604938271605,0.3240123456790123,0.3998148148148148,0.046296296296296294,0.07658601638407316,0.0005925925925925926,0.00014814814814814815,0.18461538461538463,0.046153846153846156,0.0032098765432098763,0.545045045045045,0.002987654320987654,0.005481481481481481,0.45935159648543616,0.0,0.04997530864197531,0.005169753086419753,0.0025848765432098767,0.0,0.0,0.005169753086419753,0.0,0.014345679012345678,1.9856543209876543,1.2978903532528336,600.0,400.0,5.0,5.4140534108651925,6.714858243582173,18.471768212114295,5.312442601466293,1.8046844702883975,2.2382860811940577,6.157256070704765,1.7708142004887644,1.0075622293139008,6.07425885802463,0.9384925840422511,default
cheap_phys,7,0.2,10.0,1.0,6.0,trap,1,serving_reciprocity+map+rate,3.0,3,6,2,False,0.0019135802469135803,0.0059991725279271825,0.005228537696070163,0.0034567901234567903,0.2983950617283951,0.3659876543209877,0.05296296296296296,0.10591642532064542,0.0004938271604938272,0.0001234567901234568,0.14084507042253522,0.035211267605633804,0.003506172839506173,0.48847926267281105,0.002617283950617284,0.005358024691358025,0.35732889556954434,0.0,0.04197530864197531,0.0030246913580246914,0.0015123456790123457,0.0,0.0,0.0030092592592592593,1.54320987654321e-05,0.013370370370370371,1.9866296296296295,1.3654255431976379,600.0,400.0,5.0,5.403742565189801,6.6848746272912685,18.63755061236489,5.169306173143329,1.8012475217299337,2.228291542430423,6.212516870788297,1.723102057714443,1.0055429184573565,6.130599424931422,0.8274712919956073,default
cheap_phys,8,0.2,10.0,1.0,6.0,trap,1,serving_reciprocity+map+rate,3.0,3,6,2,False,0.0016666666666666668,0.005000961723408348,0.004378141722069078,0.0025308641975308644,0.32092592592592595,0.380679012345679,0.051111111111111114,0.11694556645508751,0.0005802469135802469,8.641975308641975e-05,0.19583333333333333,0.029166666666666667,0.002962962962962963,0.522248243559719,0.0027530864197530865,0.0052716049382716046,0.4580642495399142,0.0,0.05141975308641975,0.006095679012345679,0.0030478395061728394,0.0,0.0,0.006095679012345679,0.0,0.01562962962962963,1.9843703703703703,1.3221852382355435,600.0,400.0,5.0,5.393690921572083,6.716062985529939,18.062246950046628,5.410083779039509,1.797896973857361,2.238687661843313,6.020748983348876,1.803361259679836,0.9904300107142289,5.93872601778977,1.0184585410170257,default
cheap_phys,9,0.2,10.0,1.0,6.0,trap,1,serving_reciprocity+map+rate,3.0,3,6,2,False,0.0021604938271604936,0.005710556371349323,0.004844290657439446,0.0038888888888888888,0.37833333333333335,0.44598765432098764,0.08308641975308642,0.15793767335617556,0.0006790123456790123,0.00011111111111111112,0.2099236641221374,0.03435114503816794,0.0032345679012345677,0.5611353711790393,0.0031728395061728395,0.005654320987654321,0.5657530495851724,0.0,0.06393827160493827,0.005941358024691358,0.002970679012345679,0.0,0.0,0.005941358024691358,0.0,0.02165432098765432,1.9783456790123457,1.4534613342020777,600.0,400.0,5.0,5.422415322598476,6.696291088574371,18.15485461267199,5.535019675246978,1.807471774199492,2.2320970295247906,6.051618204223996,1.8450065584156592,1.014685727788178,5.965944666481431,0.9192051249556243,default
cheap_phys,0,0.2,15.0,0.0,6.0,trap,1,serving_reciprocity+map+rate,3.0,3,6,2,False,0.002345679012345679,0.0034386028413718214,0.003085417343293277,0.0038271604938271606,0.6821604938271605,0.7602469135802469,0.23882716049382716,0.3254004162519229,0.0008518518518518519,8.641975308641975e-05,0.26136363636363635,0.026515151515151516,0.003259259259259259,0.5740318906605922,0.003111111111111111,0.005419753086419753,0.6499750426600763,0.0,0.07622222222222222,0.0066049382716049385,0.0033024691358024692,0.0,0.0,0.0066049382716049385,0.0,0.05344444444444445,1.9465555555555556,1.2557221559882301,600.0,400.0,5.0,5.3975873028581836,6.7073246240154685,17.948274443470986,5.176871684720679,1.7991957676193946,2.2357748746718227,5.982758147823661,1.725623894906893,0.9913975786089191,5.900044567329876,0.8677228749729693,default
cheap_phys,1,0.2,15.0,0.0,6.0,trap,1,serving_reciprocity+map+rate,3.0,3,6,2,False,0.002345679012345679,0.0037672251412709428,0.0033637248827122243,0.0035185185185185185,0.6226543209876543,0.6973456790123457,0.21141975308641975,0.3170417368890651,0.0007530864197530864,0.00014814814814814815,0.21328671328671328,0.04195804195804196,0.0035308641975308644,0.5445736434108527,0.0034691358024691358,0.00637037037037037,0.6626958522048235,0.0,0.07562962962962963,0.004799382716049383,0.0023996913580246913,0.0,0.0,0.004799382716049383,0.0,0.04682716049382716,1.953172839506173,1.2668337932858638,600.0,400.0,5.0,5.4032146769539295,6.695175157541227,18.505083162734675,5.408964210906127,1.801071558984643,2.231725052513742,6.168361054244891,1.8029880703020424,0.9914552084452658,6.088160203638855,0.8161809159209952,default
cheap_phys,2,0.2,15.0,0.0,6.0,trap,1,serving_reciprocity+map+rate,3.0,3,6,2,False,0.0024691358024691358,0.004138370118845501,0.0038328861632809506,0.003703703703703704,0.5817283950617284,0.6441975308641975,0.21265432098765433,0.3419991511035654,0.0007654320987654321,0.00020987654320987656,0.22962962962962963,0.06296296296296296,0.0033333333333333335,0.6336842105263157,0.0037160493827160493,0.005864197530864198,0.6759209249066687,0.0,0.07601234567901234,0.00779320987654321,0.003896604938271605,0.0,0.0,0.00779320987654321,0.0,0.04969135802469136,1.9503086419753086,1.2859500833481892,600.0,400.0,5.0,5.412043864753278,6.681281438412865,18.07938173559875,5.314134918188104,1.8040146215844257,2.2270938128042883,6.026460578532918,1.7713783060627013,0.986539725953694,5.945163284025639,0.8617215410340577,default
cheap_phys,3,0.2,15.0,0.0,6.0,trap,1,serving_reciprocity+map+rate,3.0,3,6,2,False,0.0029012345679012346,0.0050021285653469565,0.004280120207631364,0.004814814814814815,0.58,0.6778395061728395,0.20537037037037037,0.3201362281822052,0.0007407407407407407,0.00011111111111111112,0.19543973941368079,0.029315960912052116,0.0037901234567901234,0.5237113402061856,0.0031358024691358023,0.005987654320987654,0.5816408818102344,0.0,0.060222222222222226,0.0038425925925925928,0.0019212962962962964,0.0,0.0,0.0038425925925925928,0.0,0.04434567901234568,1.9556543209876542,1.3097657389794277,600.0,400.0,5.0,5.406661549709966,6.7298243920753755,18.911030086404743,5.340468799925379,1.8022205165699887,2.2432747973584584,6.303676695468248,1.780156266641793,1.0001524018891992,6.223828006459108,0.8754782909527421,default
cheap_phys,4,0.2,15.0,0.0,6.0,trap,1,serving_reciprocity+map+rate,3.0,3,6,2,False,0.0017901234567901235,0.003153153153153153,0.0028772695703938884,0.002962962962962963,0.5481481481481482,0.6221604938271605,0.2587037037037037,0.4408783783783784,0.0007037037037037037,7.407407407407407e-05,0.1912751677852349,0.020134228187919462,0.0036790123456790125,0.523719165085389,0.0034074074074074076,0.006506172839506173,0.7487975089395879,0.0,0.08287654320987654,0.003256172839506173,0.0016280864197530864,0.0,0.0,0.003256172839506173,0.0,0.05462962962962963,1.9453703703703704,1.1999363898410582,600.0,400.0,5.0,5.396083349729672,6.69815555866086,17.781647069646844,5.254661472065715,1.7986944499098907,2.23271851955362,5.927215689882281,1.7515538240219048,0.9731164788038275,5.846788020192552,0.9069936249870807,default
cheap_phys,5,0.2,15.0,0.0,6.0,trap,1,serving_reciprocity+map+rate,3.0,3,6,2,False,0.0017901234567901235,0.003393003393003393,0.0029101856497742097,0.0027160493827160493,0.5275925925925926,0.6151234567901235,0.2441358024691358,0.4274014274014274,0.0005555555555555556,0.0001234567901234568,0.16483516483516483,0.03663003663003663,0.0033703703703703704,0.4833759590792839,0.0023333333333333335,0.00482716049382716,0.49267963297548545,0.0,0.053271604938271606,0.006635802469135803,0.0033179012345679014,0.0,0.0,0.006635802469135803,0.0,0.054641975308641975,1.945358024691358,1.3132612637056824,600.0,400.0,5.0,5.423335932850391,6.723089349387422,17.92060369767293,5.3473887133150795,1.8077786442834638,2.241029783129141,5.973534565890977,1.7824629044383598,1.000282397115589,5.889189276625008,0.9396681659854949,default
cheap_phys,6,0.2,15.0,0.0,6.0,trap,1,serving_reciprocity+map+rate,3.0,3,6,2,False,0.0024074074074074076,0.0044595704729491845,0.003946968930270215,0.003580246913580247,0.5259876543209877,0.6099382716049383,0.1875925925925926,0.3229667879356883,0.0006790123456790123,0.00011111111111111112,0.20676691729323307,0.03383458646616541,0.0032839506172839504,0.5491071428571429,0.003037037037037037,0.005530864197530864,0.5152231709462011,0.0,0.05406172839506173,0.005169753086419753,0.0025848765432098767,0.0,0.0,0.005169753086419753,0.0,0.04258024691358025,1.9574197530864197,1.2955277275525001,600.0,400.0,5.0,5.4140534108651925,6.714858243582173,18.471768212114295,5.312442601466293,1.8046844702883975,2.2382860811940577,6.157256070704765,1.7708142004887644,1.0075622293139008,6.07425885802463,0.8940441249869764,default
cheap_phys,7,0.2,15.0,0.0,6.0,trap,1,serving_reciprocity+map+rate,3.0,3,6,2,False,0.001851851851851852,0.003499358450950659,0.0030873726458783574,0.003271604938271605,0.5291975308641975,0.5998148148148148,0.18728395061728395,0.32975621136125044,0.0005679012345679012,0.0001234567901234568,0.1602787456445993,0.03484320557491289,0.00354320987654321,0.5056689342403629,0.0027530864197530865,0.0054444444444444445,0.3850613407517042,0.0,0.04461728395061729,0.0030246913580246914,0.0015123456790123457,0.0,0.0,0.0030092592592592593,1.54320987654321e-05,0.040234567901234565,1.9597654320987654,1.361168965701184,600.0,400.0,5.0,5.403742565189801,6.6848746272912685,18.63755061236489,5.169306173143329,1.8012475217299337,2.228291542430423,6.212516870788297,1.723102057714443,1.0055429184573565,6.130599424931422,1.0153111249674112,default
cheap_phys,8,0.2,15.0,0.0,6.0,trap,1,serving_reciprocity+map+rate,3.0,3,6,2,False,0.002037037037037037,0.0035495321071313327,0.0031440548780487807,0.0030864197530864196,0.5738888888888889,0.6479012345679013,0.19870370370370372,0.32365279122297513,0.0007160493827160494,0.0001234567901234568,0.2265625,0.0390625,0.0031604938271604936,0.532150776053215,0.002962962962962963,0.005567901234567902,0.5063156668763009,0.0,0.057012345679012345,0.006095679012345679,0.0030478395061728394,0.0,0.0,0.006095679012345679,0.0,0.045148148148148146,1.9548518518518518,1.3256755301737886,600.0,400.0,5.0,5.393690921572083,6.716062985529939,18.062246950046628,5.410083779039509,1.797896973857361,2.238687661843313,6.020748983348876,1.803361259679836,0.9904300107142289,5.93872601778977,0.9104078329401091,default
cheap_phys,9,0.2,15.0,0.0,6.0,trap,1,serving_reciprocity+map+rate,3.0,3,6,2,False,0.0020987654320987655,0.003562820915854553,0.0031575037147102527,0.0036419753086419752,0.5890740740740741,0.6646913580246914,0.26450617283950617,0.4188410353138426,0.0007901234567901234,0.00011111111111111112,0.22939068100358423,0.03225806451612903,0.0034444444444444444,0.5791583166332666,0.003567901234567901,0.006160493827160494,0.6132200057970209,0.0,0.07039506172839506,0.005941358024691358,0.002970679012345679,0.0,0.0,0.005941358024691358,0.0,0.057950617283950616,1.9420493827160494,1.4512484471638045,600.0,400.0,5.0,5.422415322598476,6.696291088574371,18.15485461267199,5.535019675246978,1.807471774199492,2.2320970295247906,6.051618204223996,1.8450065584156592,1.014685727788178,5.965944666481431,1.003444290952757,default
cheap_phys,0,0.2,15.0,0.5,6.0,trap,1,serving_reciprocity+map+rate,3.0,3,6,2,False,0.002345679012345679,0.0034386028413718214,0.003085417343293277,0.0038271604938271606,0.6821604938271605,0.7602469135802469,0.23882716049382716,0.3254004162519229,0.0008518518518518519,8.641975308641975e-05,0.26136363636363635,0.026515151515151516,0.003259259259259259,0.5740318906605922,0.003111111111111111,0.005419753086419753,0.6499750426600763,0.0,0.07622222222222222,0.0066049382716049385,0.0033024691358024692,0.0,0.0,0.0066049382716049385,0.0,0.05344444444444445,1.9465555555555556,1.2557221559882301,600.0,400.0,5.0,5.3975873028581836,6.7073246240154685,17.948274443470986,5.176871684720679,1.7991957676193946,2.2357748746718227,5.982758147823661,1.725623894906893,0.9913975786089191,5.900044567329876,0.8347745419014245,default
cheap_phys,1,0.2,15.0,0.5,6.0,trap,1,serving_reciprocity+map+rate,3.0,3,6,2,False,0.002345679012345679,0.0037672251412709428,0.0033637248827122243,0.0035185185185185185,0.6226543209876543,0.6973456790123457,0.21141975308641975,0.3170417368890651,0.0007530864197530864,0.00014814814814814815,0.21328671328671328,0.04195804195804196,0.0035308641975308644,0.5445736434108527,0.0034691358024691358,0.00637037037037037,0.6626958522048235,0.0,0.07562962962962963,0.004799382716049383,0.0023996913580246913,0.0,0.0,0.004799382716049383,0.0,0.04682716049382716,1.953172839506173,1.2668337932858638,600.0,400.0,5.0,5.4032146769539295,6.695175157541227,18.505083162734675,5.408964210906127,1.801071558984643,2.231725052513742,6.168361054244891,1.8029880703020424,0.9914552084452658,6.088160203638855,0.8180256249615923,default
cheap_phys,2,0.2,15.0,0.5,6.0,trap,1,serving_reciprocity+map+rate,3.0,3,6,2,False,0.0024691358024691358,0.004138370118845501,0.0038328861632809506,0.003703703703703704,0.5817283950617284,0.6441975308641975,0.21265432098765433,0.3419991511035654,0.0007654320987654321,0.00020987654320987656,0.22962962962962963,0.06296296296296296,0.0033333333333333335,0.6336842105263157,0.0037160493827160493,0.005864197530864198,0.6759209249066687,0.0,0.07601234567901234,0.00779320987654321,0.003896604938271605,0.0,0.0,0.00779320987654321,0.0,0.04969135802469136,1.9503086419753086,1.2859500833481892,600.0,400.0,5.0,5.412043864753278,6.681281438412865,18.07938173559875,5.314134918188104,1.8040146215844257,2.2270938128042883,6.026460578532918,1.7713783060627013,0.986539725953694,5.945163284025639,0.9275489590363577,default
cheap_phys,3,0.2,15.0,0.5,6.0,trap,1,serving_reciprocity+map+rate,3.0,3,6,2,False,0.0029012345679012346,0.0050021285653469565,0.004280120207631364,0.004814814814814815,0.58,0.6778395061728395,0.20537037037037037,0.3201362281822052,0.0007407407407407407,0.00011111111111111112,0.19543973941368079,0.029315960912052116,0.0037901234567901234,0.5237113402061856,0.0031358024691358023,0.005987654320987654,0.5816408818102344,0.0,0.060222222222222226,0.0038425925925925928,0.0019212962962962964,0.0,0.0,0.0038425925925925928,0.0,0.04434567901234568,1.9556543209876542,1.3097657389794277,600.0,400.0,5.0,5.406661549709966,6.7298243920753755,18.911030086404743,5.340468799925379,1.8022205165699887,2.2432747973584584,6.303676695468248,1.780156266641793,1.0001524018891992,6.223828006459108,0.9319165830966085,default
cheap_phys,4,0.2,15.0,0.5,6.0,trap,1,serving_reciprocity+map+rate,3.0,3,6,2,False,0.0017901234567901235,0.003153153153153153,0.0028772695703938884,0.002962962962962963,0.5481481481481482,0.6221604938271605,0.2587037037037037,0.4408783783783784,0.0007037037037037037,7.407407407407407e-05,0.1912751677852349,0.020134228187919462,0.0036790123456790125,0.523719165085389,0.0034074074074074076,0.006506172839506173,0.7487975089395879,0.0,0.08287654320987654,0.003256172839506173,0.0016280864197530864,0.0,0.0,0.003256172839506173,0.0,0.05462962962962963,1.9453703703703704,1.1999363898410582,600.0,400.0,5.0,5.396083349729672,6.69815555866086,17.781647069646844,5.254661472065715,1.7986944499098907,2.23271851955362,5.927215689882281,1.7515538240219048,0.9731164788038275,5.846788020192552,0.8754481669748202,default
cheap_phys,5,0.2,15.0,0.5,6.0,trap,1,serving_reciprocity+map+rate,3.0,3,6,2,False,0.0017901234567901235,0.003393003393003393,0.0029101856497742097,0.0027160493827160493,0.5275925925925926,0.6151234567901235,0.2441358024691358,0.4274014274014274,0.0005555555555555556,0.0001234567901234568,0.16483516483516483,0.03663003663003663,0.0033703703703703704,0.4833759590792839,0.0023333333333333335,0.00482716049382716,0.49267963297548545,0.0,0.053271604938271606,0.006635802469135803,0.0033179012345679014,0.0,0.0,0.006635802469135803,0.0,0.054641975308641975,1.945358024691358,1.3132612637056824,600.0,400.0,5.0,5.423335932850391,6.723089349387422,17.92060369767293,5.3473887133150795,1.8077786442834638,2.241029783129141,5.973534565890977,1.7824629044383598,1.000282397115589,5.889189276625008,0.8780923340236768,default
cheap_phys,6,0.2,15.0,0.5,6.0,trap,1,serving_reciprocity+map+rate,3.0,3,6,2,False,0.0024074074074074076,0.0044595704729491845,0.003946968930270215,0.003580246913580247,0.5259876543209877,0.6099382716049383,0.1875925925925926,0.3229667879356883,0.0006790123456790123,0.00011111111111111112,0.20676691729323307,0.03383458646616541,0.0032839506172839504,0.5491071428571429,0.003037037037037037,0.005530864197530864,0.5152231709462011,0.0,0.05406172839506173,0.005169753086419753,0.0025848765432098767,0.0,0.0,0.005169753086419753,0.0,0.04258024691358025,1.9574197530864197,1.2955277275525001,600.0,400.0,5.0,5.4140534108651925,6.714858243582173,18.471768212114295,5.312442601466293,1.8046844702883975,2.2382860811940577,6.157256070704765,1.7708142004887644,1.0075622293139008,6.07425885802463,0.865252707968466,default
cheap_phys,7,0.2,15.0,0.5,6.0,trap,1,serving_reciprocity+map+rate,3.0,3,6,2,False,0.001851851851851852,0.003499358450950659,0.0030873726458783574,0.003271604938271605,0.5291975308641975,0.5998148148148148,0.18728395061728395,0.32975621136125044,0.0005679012345679012,0.0001234567901234568,0.1602787456445993,0.03484320557491289,0.00354320987654321,0.5056689342403629,0.0027530864197530865,0.0054444444444444445,0.3850613407517042,0.0,0.04461728395061729,0.0030246913580246914,0.0015123456790123457,0.0,0.0,0.0030092592592592593,1.54320987654321e-05,0.040234567901234565,1.9597654320987654,1.361168965701184,600.0,400.0,5.0,5.403742565189801,6.6848746272912685,18.63755061236489,5.169306173143329,1.8012475217299337,2.228291542430423,6.212516870788297,1.723102057714443,1.0055429184573565,6.130599424931422,0.9972778330557048,default
cheap_phys,8,0.2,15.0,0.5,6.0,trap,1,serving_reciprocity+map+rate,3.0,3,6,2,False,0.002037037037037037,0.0035495321071313327,0.0031440548780487807,0.0030864197530864196,0.5738888888888889,0.6479012345679013,0.19870370370370372,0.32365279122297513,0.0007160493827160494,0.0001234567901234568,0.2265625,0.0390625,0.0031604938271604936,0.532150776053215,0.002962962962962963,0.005567901234567902,0.5063156668763009,0.0,0.057012345679012345,0.006095679012345679,0.0030478395061728394,0.0,0.0,0.006095679012345679,0.0,0.045148148148148146,1.9548518518518518,1.3256755301737886,600.0,400.0,5.0,5.393690921572083,6.716062985529939,18.062246950046628,5.410083779039509,1.797896973857361,2.238687661843313,6.020748983348876,1.803361259679836,0.9904300107142289,5.93872601778977,0.8996031249407679,default
cheap_phys,9,0.2,15.0,0.5,6.0,trap,1,serving_reciprocity+map+rate,3.0,3,6,2,False,0.0020987654320987655,0.003562820915854553,0.0031575037147102527,0.0036419753086419752,0.5890740740740741,0.6646913580246914,0.26450617283950617,0.4188410353138426,0.0007901234567901234,0.00011111111111111112,0.22939068100358423,0.03225806451612903,0.0034444444444444444,0.5791583166332666,0.003567901234567901,0.006160493827160494,0.6132200057970209,0.0,0.07039506172839506,0.005941358024691358,0.002970679012345679,0.0,0.0,0.005941358024691358,0.0,0.057950617283950616,1.9420493827160494,1.4512484471638045,600.0,400.0,5.0,5.422415322598476,6.696291088574371,18.15485461267199,5.535019675246978,1.807471774199492,2.2320970295247906,6.051618204223996,1.8450065584156592,1.014685727788178,5.965944666481431,1.0047456660540774,default
cheap_phys,0,0.2,15.0,1.0,6.0,trap,1,serving_reciprocity+map+rate,3.0,3,6,2,False,0.002345679012345679,0.0034386028413718214,0.003085417343293277,0.0038271604938271606,0.6821604938271605,0.7602469135802469,0.23882716049382716,0.3254004162519229,0.0008518518518518519,8.641975308641975e-05,0.26136363636363635,0.026515151515151516,0.003259259259259259,0.5740318906605922,0.003111111111111111,0.005419753086419753,0.6499750426600763,0.0,0.07622222222222222,0.0066049382716049385,0.0033024691358024692,0.0,0.0,0.0066049382716049385,0.0,0.05344444444444445,1.9465555555555556,1.2557221559882301,600.0,400.0,5.0,5.3975873028581836,6.7073246240154685,17.948274443470986,5.176871684720679,1.7991957676193946,2.2357748746718227,5.982758147823661,1.725623894906893,0.9913975786089191,5.900044567329876,0.8099602920701727,default
cheap_phys,1,0.2,15.0,1.0,6.0,trap,1,serving_reciprocity+map+rate,3.0,3,6,2,False,0.002345679012345679,0.0037672251412709428,0.0033637248827122243,0.0035185185185185185,0.6226543209876543,0.6973456790123457,0.21141975308641975,0.3170417368890651,0.0007530864197530864,0.00014814814814814815,0.21328671328671328,0.04195804195804196,0.0035308641975308644,0.5445736434108527,0.0034691358024691358,0.00637037037037037,0.6626958522048235,0.0,0.07562962962962963,0.004799382716049383,0.0023996913580246913,0.0,0.0,0.004799382716049383,0.0,0.04682716049382716,1.953172839506173,1.2668337932858638,600.0,400.0,5.0,5.4032146769539295,6.695175157541227,18.505083162734675,5.408964210906127,1.801071558984643,2.231725052513742,6.168361054244891,1.8029880703020424,0.9914552084452658,6.088160203638855,0.8342638750327751,default
cheap_phys,2,0.2,15.0,1.0,6.0,trap,1,serving_reciprocity+map+rate,3.0,3,6,2,False,0.0024691358024691358,0.004138370118845501,0.0038328861632809506,0.003703703703703704,0.5817283950617284,0.6441975308641975,0.21265432098765433,0.3419991511035654,0.0007654320987654321,0.00020987654320987656,0.22962962962962963,0.06296296296296296,0.0033333333333333335,0.6336842105263157,0.0037160493827160493,0.005864197530864198,0.6759209249066687,0.0,0.07601234567901234,0.00779320987654321,0.003896604938271605,0.0,0.0,0.00779320987654321,0.0,0.04969135802469136,1.9503086419753086,1.2859500833481892,600.0,400.0,5.0,5.412043864753278,6.681281438412865,18.07938173559875,5.314134918188104,1.8040146215844257,2.2270938128042883,6.026460578532918,1.7713783060627013,0.986539725953694,5.945163284025639,0.8539427500218153,default
cheap_phys,3,0.2,15.0,1.0,6.0,trap,1,serving_reciprocity+map+rate,3.0,3,6,2,False,0.0029012345679012346,0.0050021285653469565,0.004280120207631364,0.004814814814814815,0.58,0.6778395061728395,0.20537037037037037,0.3201362281822052,0.0007407407407407407,0.00011111111111111112,0.19543973941368079,0.029315960912052116,0.0037901234567901234,0.5237113402061856,0.0031358024691358023,0.005987654320987654,0.5816408818102344,0.0,0.060222222222222226,0.0038425925925925928,0.0019212962962962964,0.0,0.0,0.0038425925925925928,0.0,0.04434567901234568,1.9556543209876542,1.3097657389794277,600.0,400.0,5.0,5.406661549709966,6.7298243920753755,18.911030086404743,5.340468799925379,1.8022205165699887,2.2432747973584584,6.303676695468248,1.780156266641793,1.0001524018891992,6.223828006459108,0.9088559589581564,default
cheap_phys,4,0.2,15.0,1.0,6.0,trap,1,serving_reciprocity+map+rate,3.0,3,6,2,False,0.0017901234567901235,0.003153153153153153,0.0028772695703938884,0.002962962962962963,0.5481481481481482,0.6221604938271605,0.2587037037037037,0.4408783783783784,0.0007037037037037037,7.407407407407407e-05,0.1912751677852349,0.020134228187919462,0.0036790123456790125,0.523719165085389,0.0034074074074074076,0.006506172839506173,0.7487975089395879,0.0,0.08287654320987654,0.003256172839506173,0.0016280864197530864,0.0,0.0,0.003256172839506173,0.0,0.05462962962962963,1.9453703703703704,1.1999363898410582,600.0,400.0,5.0,5.396083349729672,6.69815555866086,17.781647069646844,5.254661472065715,1.7986944499098907,2.23271851955362,5.927215689882281,1.7515538240219048,0.9731164788038275,5.846788020192552,0.9633615419734269,default
cheap_phys,5,0.2,15.0,1.0,6.0,trap,1,serving_reciprocity+map+rate,3.0,3,6,2,False,0.0017901234567901235,0.003393003393003393,0.0029101856497742097,0.0027160493827160493,0.5275925925925926,0.6151234567901235,0.2441358024691358,0.4274014274014274,0.0005555555555555556,0.0001234567901234568,0.16483516483516483,0.03663003663003663,0.0033703703703703704,0.4833759590792839,0.0023333333333333335,0.00482716049382716,0.49267963297548545,0.0,0.053271604938271606,0.006635802469135803,0.0033179012345679014,0.0,0.0,0.006635802469135803,0.0,0.054641975308641975,1.945358024691358,1.3132612637056824,600.0,400.0,5.0,5.423335932850391,6.723089349387422,17.92060369767293,5.3473887133150795,1.8077786442834638,2.241029783129141,5.973534565890977,1.7824629044383598,1.000282397115589,5.889189276625008,0.8996382909826934,default
cheap_phys,6,0.2,15.0,1.0,6.0,trap,1,serving_reciprocity+map+rate,3.0,3,6,2,False,0.0024074074074074076,0.0044595704729491845,0.003946968930270215,0.003580246913580247,0.5259876543209877,0.6099382716049383,0.1875925925925926,0.3229667879356883,0.0006790123456790123,0.00011111111111111112,0.20676691729323307,0.03383458646616541,0.0032839506172839504,0.5491071428571429,0.003037037037037037,0.005530864197530864,0.5152231709462011,0.0,0.05406172839506173,0.005169753086419753,0.0025848765432098767,0.0,0.0,0.005169753086419753,0.0,0.04258024691358025,1.9574197530864197,1.2955277275525001,600.0,400.0,5.0,5.4140534108651925,6.714858243582173,18.471768212114295,5.312442601466293,1.8046844702883975,2.2382860811940577,6.157256070704765,1.7708142004887644,1.0075622293139008,6.07425885802463,0.8657210409874097,default
cheap_phys,7,0.2,15.0,1.0,6.0,trap,1,serving_reciprocity+map+rate,3.0,3,6,2,False,0.001851851851851852,0.003499358450950659,0.0030873726458783574,0.003271604938271605,0.5291975308641975,0.5998148148148148,0.18728395061728395,0.32975621136125044,0.0005679012345679012,0.0001234567901234568,0.1602787456445993,0.03484320557491289,0.00354320987654321,0.5056689342403629,0.0027530864197530865,0.0054444444444444445,0.3850613407517042,0.0,0.04461728395061729,0.0030246913580246914,0.0015123456790123457,0.0,0.0,0.0030092592592592593,1.54320987654321e-05,0.040234567901234565,1.9597654320987654,1.361168965701184,600.0,400.0,5.0,5.403742565189801,6.6848746272912685,18.63755061236489,5.169306173143329,1.8012475217299337,2.228291542430423,6.212516870788297,1.723102057714443,1.0055429184573565,6.130599424931422,0.9730222919024527,default
cheap_phys,8,0.2,15.0,1.0,6.0,trap,1,serving_reciprocity+map+rate,3.0,3,6,2,False,0.002037037037037037,0.0035495321071313327,0.0031440548780487807,0.0030864197530864196,0.5738888888888889,0.6479012345679013,0.19870370370370372,0.32365279122297513,0.0007160493827160494,0.0001234567901234568,0.2265625,0.0390625,0.0031604938271604936,0.532150776053215,0.002962962962962963,0.005567901234567902,0.5063156668763009,0.0,0.057012345679012345,0.006095679012345679,0.0030478395061728394,0.0,0.0,0.006095679012345679,0.0,0.045148148148148146,1.9548518518518518,1.3256755301737886,600.0,400.0,5.0,5.393690921572083,6.716062985529939,18.062246950046628,5.410083779039509,1.797896973857361,2.238687661843313,6.020748983348876,1.803361259679836,0.9904300107142289,5.93872601778977,0.9498494170838967,default
cheap_phys,9,0.2,15.0,1.0,6.0,trap,1,serving_reciprocity+map+rate,3.0,3,6,2,False,0.0020987654320987655,0.003562820915854553,0.0031575037147102527,0.0036419753086419752,0.5890740740740741,0.6646913580246914,0.26450617283950617,0.4188410353138426,0.0007901234567901234,0.00011111111111111112,0.22939068100358423,0.03225806451612903,0.0034444444444444444,0.5791583166332666,0.003567901234567901,0.006160493827160494,0.6132200057970209,0.0,0.07039506172839506,0.005941358024691358,0.002970679012345679,0.0,0.0,0.005941358024691358,0.0,0.057950617283950616,1.9420493827160494,1.4512484471638045,600.0,400.0,5.0,5.422415322598476,6.696291088574371,18.15485461267199,5.535019675246978,1.807471774199492,2.2320970295247906,6.051618204223996,1.8450065584156592,1.014685727788178,5.965944666481431,0.9856254160404205,default
cheap_phys,0,0.2,10.0,1.0,2.0,trap,10,serving_reciprocity+map+rate,3.0,3,6,2,False,0.0012962962962962963,0.0035823950870010235,0.002916666666666667,0.0032098765432098763,0.36185185185185187,0.4444444444444444,0.5374074074074074,0.89338109860116,0.00022222222222222223,6.17283950617284e-05,0.06818181818181818,0.01893939393939394,0.003259259259259259,0.2740963855421687,0.0011234567901234568,0.0040987654320987655,0.1276551021415047,0.0,0.02008641975308642,0.0015123456790123457,0.0007561728395061729,0.0,0.0,0.0015123456790123457,0.0,0.10872839506172839,1.8912716049382716,1.3158492336698144,600.0,400.0,5.0,5.3975873028581836,6.7073246240154685,6.611276397879626,5.176871684720679,1.7991957676193946,2.2357748746718227,2.2037587992932086,1.725623894906893,0.9913975786089191,1.968167596164162,0.8968391249654815,default
cheap_phys,1,0.2,10.0,1.0,2.0,trap,10,serving_reciprocity+map+rate,3.0,3,6,2,False,0.0014814814814814814,0.004449388209121246,0.003620455573993061,0.0027160493827160493,0.33296296296296296,0.4091975308641975,0.5000617283950617,0.9169447534297367,0.000345679012345679,9.876543209876543e-05,0.09556313993174062,0.027303754266211604,0.003617283950617284,0.22099447513812154,0.0009876543209876543,0.004469135802469136,0.12237469682858994,0.0,0.018728395061728395,0.0006944444444444445,0.00034722222222222224,0.0,0.0,0.0006944444444444445,0.0,0.1007283950617284,1.8992716049382716,1.316927681231321,600.0,400.0,5.0,5.4032146769539295,6.695175157541227,6.793666293915166,5.408964210906127,1.801071558984643,2.231725052513742,2.2645554313050553,1.8029880703020424,0.9914552084452658,2.0359832688654342,1.006666750065051,default
cheap_phys,2,0.2,10.0,1.0,2.0,trap,10,serving_reciprocity+map+rate,3.0,3,6,2,False,0.0013580246913580246,0.004079362136102355,0.0034097954122752636,0.0025308641975308644,0.3329012345679012,0.39827160493827163,0.4685185185185185,0.9035787131466716,0.0002962962962962963,0.00014814814814814815,0.0916030534351145,0.04580152671755725,0.0032345679012345677,0.3425076452599388,0.001382716049382716,0.004037037037037037,0.13622707816904064,0.0,0.022469135802469137,0.0011574074074074073,0.0005787037037037037,0.0,0.0,0.0011574074074074073,0.0,0.09462962962962963,1.9053703703703704,1.335960944778169,600.0,400.0,5.0,5.412043864753278,6.681281438412865,6.657121460672002,5.314134918188104,1.8040146215844257,2.2270938128042883,2.2190404868906675,1.7713783060627013,0.986539725953694,1.9876820801061676,1.0788735419046134,default
cheap_phys,3,0.2,10.0,1.0,2.0,trap,10,serving_reciprocity+map+rate,3.0,3,6,2,False,0.001419753086419753,0.0052166024041732815,0.00405214940098661,0.0033950617283950617,0.2721604938271605,0.3503703703703704,0.4671604938271605,0.9119981855295985,0.00020987654320987656,0.0001234567901234568,0.05704697986577181,0.03355704697986577,0.0036790123456790125,0.2188365650969529,0.0009753086419753087,0.00445679012345679,0.12015012289693207,0.0,0.01839506172839506,0.0005709876543209877,0.00028549382716049385,0.0,0.0,0.0005709876543209877,0.0,0.09388888888888888,1.906111111111111,1.3535159466267614,600.0,400.0,5.0,5.406661549709966,6.7298243920753755,6.914122030312857,5.340468799925379,1.8022205165699887,2.2432747973584584,2.304707343437619,1.780156266641793,1.0001524018891992,2.0763841436233688,0.8979532080702484,default
cheap_phys,4,0.2,10.0,1.0,2.0,trap,10,serving_reciprocity+map+rate,3.0,3,6,2,False,0.0016666666666666668,0.006443914081145584,0.00524985417071748,0.002962962962962963,0.25864197530864197,0.31746913580246916,0.42691358024691356,0.9028639618138424,0.00032098765432098765,0.0001234567901234568,0.08873720136518772,0.034129692832764506,0.003617283950617284,0.2647814910025707,0.001271604938271605,0.004802469135802469,0.14146877752279016,0.0,0.022135802469135803,0.0004938271604938272,0.0002469135802469136,0.0,0.0,0.0004938271604938272,0.0,0.08580246913580247,1.9141975308641976,1.2718176165302482,600.0,400.0,5.0,5.396083349729672,6.69815555866086,6.557909729459217,5.254661472065715,1.7986944499098907,2.23271851955362,2.185969909819739,1.7515538240219048,0.9731164788038275,1.9574240126548357,1.0167412920854986,default
cheap_phys,5,0.2,10.0,1.0,2.0,trap,10,serving_reciprocity+map+rate,3.0,3,6,2,False,0.000925925925925926,0.0036864094372081593,0.002934846409704559,0.0019753086419753087,0.25117283950617286,0.31549382716049384,0.43703703703703706,0.948636028508233,0.0001728395061728395,0.00014814814814814815,0.05128205128205128,0.04395604395604396,0.0033703703703703704,0.19536423841059603,0.000728395061728395,0.003728395061728395,0.093584986382593,0.0,0.013753086419753086,0.0009722222222222222,0.0004861111111111111,0.0,0.0,0.0009722222222222222,0.0,0.08818518518518519,1.9118148148148149,1.3436384868954845,600.0,400.0,5.0,5.423335932850391,6.723089349387422,6.613001050958819,5.3473887133150795,1.8077786442834638,2.241029783129141,2.2043336836529397,1.7824629044383598,1.000282397115589,1.964312122578189,0.8988926250021905,default
cheap_phys,6,0.2,10.0,1.0,2.0,trap,10,serving_reciprocity+map+rate,3.0,3,6,2,False,0.0016049382716049382,0.0057958091841284,0.004597701149425287,0.003148148148148148,0.2769135802469136,0.3490740740740741,0.3999382716049383,0.8711547035220687,0.0002469135802469136,6.17283950617284e-05,0.06872852233676977,0.01718213058419244,0.0035925925925925925,0.218562874251497,0.0009012345679012346,0.004123456790123456,0.1049241912208004,0.0,0.015604938271604939,0.0006944444444444445,0.00034722222222222224,0.0,0.0,0.0006944444444444445,0.0,0.08066666666666666,1.9193333333333333,1.3235933648747564,600.0,400.0,5.0,5.4140534108651925,6.714858243582173,6.771271912969076,5.312442601466293,1.8046844702883975,2.2382860811940577,2.2570906376563586,1.7708142004887644,1.0075622293139008,2.0197218869577043,1.0604865420609713,default
cheap_phys,7,0.2,10.0,1.0,2.0,trap,10,serving_reciprocity+map+rate,3.0,3,6,2,False,0.0011111111111111111,0.004169562195969423,0.0033651149747616375,0.0024691358024691358,0.2664814814814815,0.3301851851851852,0.445679012345679,0.9159138290479499,0.0002345679012345679,0.00013580246913580247,0.06375838926174497,0.03691275167785235,0.0036790123456790125,0.19596541786743515,0.0008395061728395062,0.00428395061728395,0.1002624493828409,0.0,0.014851851851851852,0.0006018518518518519,0.00030092592592592595,0.0,0.0,0.0005864197530864197,1.54320987654321e-05,0.08962962962962963,1.9103703703703703,1.3977128958671339,600.0,400.0,5.0,5.403742565189801,6.6848746272912685,6.81004897205412,5.169306173143329,1.8012475217299337,2.228291542430423,2.27001632401804,1.723102057714443,1.0055429184573565,2.0351554118662873,0.944018583977595,default
cheap_phys,8,0.2,10.0,1.0,2.0,trap,10,serving_reciprocity+map+rate,3.0,3,6,2,False,0.0012345679012345679,0.004608294930875576,0.003765769158350593,0.002345679012345679,0.2679012345679012,0.3278395061728395,0.4528395061728395,0.9184331797235024,0.00025925925925925926,3.7037037037037037e-05,0.08898305084745763,0.012711864406779662,0.00291358024691358,0.20921985815602837,0.000728395061728395,0.0034814814814814817,0.09220283987060275,0.0,0.014506172839506172,0.0012808641975308641,0.0006404320987654321,0.0,0.0,0.0012808641975308641,0.0,0.09159259259259259,1.9084074074074073,1.3503012706647615,600.0,400.0,5.0,5.393690921572083,6.716062985529939,6.641696462294681,5.410083779039509,1.797896973857361,2.238687661843313,2.2138988207648937,1.803361259679836,0.9904300107142289,1.979999086479789,0.9793929579900578,default
cheap_phys,9,0.2,10.0,1.0,2.0,trap,10,serving_reciprocity+map+rate,3.0,3,6,2,False,0.0013580246913580246,0.0044381682469235425,0.0035977105478331973,0.0032098765432098763,0.3059876543209877,0.37746913580246916,0.46839506172839507,0.9090175509380674,0.0002839506172839506,0.00013580246913580247,0.09055118110236221,0.04330708661417323,0.0031358024691358023,0.30994152046783624,0.001308641975308642,0.004222222222222222,0.1315919454780769,0.0,0.02074074074074074,0.0006790123456790123,0.00033950617283950616,0.0,0.0,0.0006790123456790123,0.0,0.09422222222222222,1.9057777777777778,1.4838676088238154,600.0,400.0,5.0,5.422415322598476,6.696291088574371,6.6804752937907805,5.535019675246978,1.807471774199492,2.2320970295247906,2.22682509793026,1.8450065584156592,1.014685727788178,1.9822116159974164,0.8903459999710321,default
cheap_phys,0,0.2,10.0,1.0,4.0,trap,10,serving_reciprocity+map+rate,3.0,3,6,2,False,0.0019135802469135803,0.004366812227074236,0.0038319070123898325,0.003765432098765432,0.4099382716049383,0.4832716049382716,0.17030864197530865,0.3097425086583346,0.0005802469135802469,9.876543209876543e-05,0.1828793774319066,0.0311284046692607,0.0031728395061728395,0.485,0.0023950617283950617,0.0049382716049382715,0.4023913408451223,0.0,0.05297530864197531,0.0044907407407407405,0.0022453703703703702,0.0,0.0,0.0044907407407407405,0.0,0.03777777777777778,1.9622222222222223,1.2868507627373629,600.0,400.0,5.0,5.3975873028581836,6.7073246240154685,12.171151480112101,5.176871684720679,1.7991957676193946,2.2357748746718227,4.0570504933707,1.725623894906893,0.9913975786089191,3.9340551021672048,0.9931191659998149,default
cheap_phys,1,0.2,10.0,1.0,4.0,trap,10,serving_reciprocity+map+rate,3.0,3,6,2,False,0.002654320987654321,0.007640369580668088,0.006281040023371312,0.0038888888888888888,0.3474074074074074,0.4225925925925926,0.13148148148148148,0.236318407960199,0.0007160493827160494,0.00014814814814814815,0.19727891156462585,0.04081632653061224,0.00362962962962963,0.4194312796208531,0.002185185185185185,0.005209876543209877,0.3149285683052307,0.0,0.04187654320987654,0.002854938271604938,0.001427469135802469,0.0,0.0,0.002854938271604938,0.0,0.028876543209876544,1.9711234567901235,1.2962615531401391,600.0,400.0,5.0,5.4032146769539295,6.695175157541227,12.541231516982435,5.408964210906127,1.801071558984643,2.231725052513742,4.180410505660812,1.8029880703020424,0.9914552084452658,4.06113882617746,0.9758544579381123,default
cheap_phys,2,0.2,10.0,1.0,4.0,trap,10,serving_reciprocity+map+rate,3.0,3,6,2,False,0.0021604938271604936,0.006013441811107181,0.00522310102969706,0.0035185185185185185,0.34901234567901235,0.413641975308642,0.12895061728395063,0.23593915811814645,0.0004938271604938272,0.00013580246913580247,0.1556420233463035,0.042801556420233464,0.0031728395061728395,0.5205128205128206,0.002506172839506173,0.004814814814814815,0.31686571601925984,0.0,0.04181481481481481,0.004104938271604938,0.002052469135802469,0.0,0.0,0.004104938271604938,0.0,0.029320987654320986,1.970679012345679,1.3248881021835541,600.0,400.0,5.0,5.412043864753278,6.681281438412865,12.25903809593457,5.314134918188104,1.8040146215844257,2.2270938128042883,4.086346031978191,1.7713783060627013,0.986539725953694,3.965471379568779,0.957832167041488,default
cheap_phys,3,0.2,10.0,1.0,4.0,trap,10,serving_reciprocity+map+rate,3.0,3,6,2,False,0.0024074074074074076,0.007708779443254818,0.006606810096561071,0.004197530864197531,0.2882716049382716,0.3643827160493827,0.13074074074074074,0.28458244111349035,0.0005061728395061728,0.0001234567901234568,0.13398692810457516,0.032679738562091505,0.003777777777777778,0.4019138755980861,0.002074074074074074,0.005160493827160494,0.27709341345448774,0.0,0.03432098765432099,0.0026697530864197533,0.0013348765432098766,0.0,0.0,0.0026697530864197533,0.0,0.028283950617283952,1.971716049382716,1.3363567608636828,600.0,400.0,5.0,5.406661549709966,6.7298243920753755,12.806652208402646,5.340468799925379,1.8022205165699887,2.2432747973584584,4.268884069467549,1.780156266641793,1.0001524018891992,4.150068236975036,0.9349562920397148,default
cheap_phys,4,0.2,10.0,1.0,4.0,trap,10,serving_reciprocity+map+rate,3.0,3,6,2,False,0.0017901234567901235,0.00572155117609663,0.004944375772558714,0.003148148148148148,0.2912962962962963,0.3495679012345679,0.16203703703703703,0.39309175672812036,0.0005679012345679012,8.641975308641975e-05,0.15282392026578073,0.023255813953488372,0.0037160493827160493,0.4397463002114165,0.002567901234567901,0.005839506172839506,0.42146402846041514,0.0,0.05493827160493827,0.0021141975308641976,0.0010570987654320988,0.0,0.0,0.0021141975308641976,0.0,0.03422222222222222,1.9657777777777778,1.2294764138270626,600.0,400.0,5.0,5.396083349729672,6.69815555866086,12.059178058753435,5.254661472065715,1.7986944499098907,2.23271851955362,4.019726019584478,1.7515538240219048,0.9731164788038275,3.900159175111307,0.9648579580243677,default
cheap_phys,5,0.2,10.0,1.0,4.0,trap,10,serving_reciprocity+map+rate,3.0,3,6,2,False,0.0012345679012345679,0.004739336492890996,0.003811701924909472,0.0021604938271604936,0.26049382716049385,0.3238888888888889,0.15049382716049384,0.34454976303317536,0.00025925925925925926,0.0001234567901234568,0.08300395256916997,0.039525691699604744,0.003123456790123457,0.39233038348082594,0.0016419753086419752,0.004185185185185185,0.2322198645345023,0.0,0.03059259259259259,0.004537037037037037,0.0022685185185185187,0.0,0.0,0.004537037037037037,0.0,0.033851851851851855,1.9661481481481482,1.3340324991511456,600.0,400.0,5.0,5.423335932850391,6.723089349387422,12.156760576332136,5.3473887133150795,1.8077786442834638,2.241029783129141,4.052253525444045,1.7824629044383598,1.000282397115589,3.9268554544946492,0.9626908339560032,default
cheap_phys,6,0.2,10.0,1.0,4.0,trap,10,serving_reciprocity+map+rate,3.0,3,6,2,False,0.0019135802469135803,0.006599208095028597,0.0054214760405736275,0.0029012345679012346,0.2806172839506173,0.352962962962963,0.1158641975308642,0.27276726792784867,0.00038271604938271603,0.00011111111111111112,0.1220472440944882,0.03543307086614173,0.0031358024691358023,0.40053763440860213,0.0018395061728395062,0.0045925925925925926,0.22015158438905322,0.0,0.02937037037037037,0.002993827160493827,0.0014969135802469136,0.0,0.0,0.002993827160493827,0.0,0.02595061728395062,1.9740493827160495,1.3190333443728401,600.0,400.0,5.0,5.4140534108651925,6.714858243582173,12.513146674460101,5.312442601466293,1.8046844702883975,2.2382860811940577,4.1710488914867,1.7708142004887644,1.0075622293139008,4.047526060352476,0.9716475839959458,default
cheap_phys,7,0.2,10.0,1.0,4.0,trap,10,serving_reciprocity+map+rate,3.0,3,6,2,False,0.001419753086419753,0.005267979844251031,0.004280662572119859,0.0027160493827160493,0.2695061728395062,0.33166666666666667,0.12296296296296297,0.2599633531836922,0.000345679012345679,0.0001234567901234568,0.09859154929577464,0.035211267605633804,0.003506172839506173,0.37305699481865284,0.0017777777777777779,0.0047654320987654325,0.214477566342678,0.0,0.028901234567901234,0.002021604938271605,0.0010108024691358026,0.0,0.0,0.002006172839506173,1.54320987654321e-05,0.026246913580246913,1.973753086419753,1.3816818219551297,600.0,400.0,5.0,5.403742565189801,6.6848746272912685,12.615731826096777,5.169306173143329,1.8012475217299337,2.228291542430423,4.205243942032259,1.723102057714443,1.0055429184573565,4.083253610925885,1.0118832910666242,default
cheap_phys,8,0.2,10.0,1.0,4.0,trap,10,serving_reciprocity+map+rate,3.0,3,6,2,False,0.0022222222222222222,0.007608695652173913,0.0062802799210479095,0.0034567901234567903,0.2839506172839506,0.34401234567901234,0.1338888888888889,0.28782608695652173,0.0004814814814814815,4.938271604938271e-05,0.15918367346938775,0.0163265306122449,0.0030246913580246914,0.3903133903133903,0.0016913580246913581,0.004333333333333333,0.2748283682221627,0.0,0.035938271604938274,0.004166666666666667,0.0020833333333333333,0.0,0.0,0.004166666666666667,0.0,0.030185185185185186,1.969814814814815,1.3350370256121882,600.0,400.0,5.0,5.393690921572083,6.716062985529939,12.242460990456756,5.410083779039509,1.797896973857361,2.238687661843313,4.080820330152252,1.803361259679836,0.9904300107142289,3.9588057493214475,0.9128869579872116,default
cheap_phys,9,0.2,10.0,1.0,4.0,trap,10,serving_reciprocity+map+rate,3.0,3,6,2,False,0.0021604938271604936,0.006701129618992916,0.005471314678755667,0.004135802469135802,0.3224074074074074,0.39487654320987653,0.165679012345679,0.3658816771970132,0.0006419753086419753,0.00019753086419753085,0.1918819188191882,0.05904059040590406,0.003345679012345679,0.4792176039119804,0.002419753086419753,0.005049382716049383,0.31186486054874013,0.0,0.041444444444444443,0.0035956790123456792,0.0017978395061728396,0.0,0.0,0.0035956790123456792,0.0,0.036160493827160495,1.9638395061728395,1.468424434524451,600.0,400.0,5.0,5.422415322598476,6.696291088574371,12.308225098843337,5.535019675246978,1.807471774199492,2.2320970295247906,4.1027416996144455,1.8450065584156592,1.014685727788178,3.9752864459782273,0.7122034999774769,default
cheap_phys,0,0.2,10.0,1.0,2.0,trap,20,serving_reciprocity+map+rate,3.0,3,6,2,False,0.0012962962962962963,0.003863134657836645,0.003161222339304531,0.0032098765432098763,0.33555555555555555,0.4100617283950617,0.47802469135802467,0.8774834437086093,0.00022222222222222223,6.17283950617284e-05,0.06818181818181818,0.01893939393939394,0.003259259259259259,0.2740963855421687,0.0011234567901234568,0.0040987654320987655,0.1276551021415047,0.0,0.02008641975308642,0.0015123456790123457,0.0007561728395061729,0.0,0.0,0.0015123456790123457,0.0,0.09685185185185186,1.9031481481481483,1.3158492336698144,600.0,400.0,5.0,5.3975873028581836,6.7073246240154685,6.611276397879626,5.176871684720679,1.7991957676193946,2.2357748746718227,2.2037587992932086,1.725623894906893,0.9913975786089191,1.968167596164162,0.9616200410528108,default
cheap_phys,1,0.2,10.0,1.0,2.0,trap,20,serving_reciprocity+map+rate,3.0,3,6,2,False,0.0014814814814814814,0.004760015866719556,0.003902439024390244,0.0027160493827160493,0.31123456790123455,0.37962962962962965,0.4471604938271605,0.9038080126933756,0.000345679012345679,0.00011111111111111112,0.09556313993174062,0.030716723549488054,0.003617283950617284,0.22099447513812154,0.0009876543209876543,0.004469135802469136,0.12196255792924161,0.0,0.018691358024691358,0.0006944444444444445,0.00034722222222222224,0.0,0.0,0.0006944444444444445,0.0,0.09012345679012346,1.9098765432098765,1.3170254132053727,600.0,400.0,5.0,5.4032146769539295,6.695175157541227,6.793666293915166,5.408964210906127,1.801071558984643,2.231725052513742,2.2645554313050553,1.8029880703020424,0.9914552084452658,2.0359832688654342,0.8868920829845592,default
cheap_phys,2,0.2,10.0,1.0,2.0,trap,20,serving_reciprocity+map+rate,3.0,3,6,2,False,0.0012962962962962963,0.003927729772191673,0.003464203233256351,0.0024691358024691358,0.314320987654321,0.37419753086419755,0.4233950617283951,0.8959151610369207,0.0002839506172839506,0.00014814814814814815,0.08812260536398467,0.04597701149425287,0.0032222222222222222,0.34049079754601225,0.0013703703703703703,0.004024691358024691,0.1348613889737371,0.0,0.022320987654320987,0.0011574074074074073,0.0005787037037037037,0.0,0.0,0.0011574074074074073,0.0,0.08560493827160494,1.9143950617283951,1.336179477448586,600.0,400.0,5.0,5.412043864753278,6.681281438412865,6.657121460672002,5.314134918188104,1.8040146215844257,2.2270938128042883,2.2190404868906675,1.7713783060627013,0.986539725953694,1.9876820801061676,0.8900883749593049,default
cheap_phys,3,0.2,10.0,1.0,2.0,trap,20,serving_reciprocity+map+rate,3.0,3,6,2,False,0.001419753086419753,0.005715705765407555,0.004458228338825354,0.0033950617283950617,0.24839506172839507,0.3184567901234568,0.39709876543209877,0.8981113320079522,0.00022222222222222223,0.00011111111111111112,0.06040268456375839,0.030201342281879196,0.0036790123456790125,0.2188365650969529,0.0009753086419753087,0.00445679012345679,0.12031429904900257,0.0,0.018432098765432097,0.0005709876543209877,0.00028549382716049385,0.0,0.0,0.0005709876543209877,0.0,0.07987654320987654,1.9201234567901235,1.3534154056831726,600.0,400.0,5.0,5.406661549709966,6.7298243920753755,6.914122030312857,5.340468799925379,1.8022205165699887,2.2432747973584584,2.304707343437619,1.780156266641793,1.0001524018891992,2.0763841436233688,1.0810388328973204,default
cheap_phys,4,0.2,10.0,1.0,2.0,trap,20,serving_reciprocity+map+rate,3.0,3,6,2,False,0.0016049382716049382,0.00665131747249936,0.00544274649361524,0.0029012345679012346,0.2412962962962963,0.29487654320987655,0.37407407407407406,0.8884625223842415,0.00030864197530864197,0.00011111111111111112,0.08561643835616438,0.030821917808219176,0.0036049382716049384,0.26288659793814434,0.0012592592592592592,0.004790123456790123,0.14129220107285478,0.0,0.02208641975308642,0.0004938271604938272,0.0002469135802469136,0.0,0.0,0.0004938271604938272,0.0,0.07523456790123456,1.9247654320987655,1.2721375536801895,600.0,400.0,5.0,5.396083349729672,6.69815555866086,6.557909729459217,5.254661472065715,1.7986944499098907,2.23271851955362,2.185969909819739,1.7515538240219048,0.9731164788038275,1.9574240126548357,0.9474819169845432,default
cheap_phys,5,0.2,10.0,1.0,2.0,trap,20,serving_reciprocity+map+rate,3.0,3,6,2,False,0.0008641975308641976,0.0037164852667905496,0.0029850746268656717,0.001851851851851852,0.23253086419753086,0.2895061728395062,0.37753086419753085,0.9341651181311388,0.0001728395061728395,0.00014814814814814815,0.05166051660516605,0.04428044280442804,0.003345679012345679,0.19666666666666666,0.000728395061728395,0.003703703703703704,0.09273014194439441,0.0,0.013567901234567902,0.0009722222222222222,0.0004861111111111111,0.0,0.0,0.0009722222222222222,0.0,0.07628395061728395,1.9237160493827161,1.3439882903964548,600.0,400.0,5.0,5.423335932850391,6.723089349387422,6.613001050958819,5.3473887133150795,1.8077786442834638,2.241029783129141,2.2043336836529397,1.7824629044383598,1.000282397115589,1.964312122578189,0.9442385419970378,default
cheap_phys,6,0.2,10.0,1.0,2.0,trap,20,serving_reciprocity+map+rate,3.0,3,6,2,False,0.0016049382716049382,0.006374111301789654,0.005079117015042001,0.003148148148148148,0.25179012345679014,0.31598765432098763,0.3430864197530864,0.8548663888207894,0.0002469135802469136,6.17283950617284e-05,0.06896551724137931,0.017241379310344827,0.003580246913580247,0.21726190476190477,0.0009012345679012346,0.004148148148148148,0.10495022994723426,0.0,0.015617283950617284,0.0006944444444444445,0.00034722222222222224,0.0,0.0,0.0006944444444444445,0.0,0.0692962962962963,1.9307037037037038,1.3233564545485723,600.0,400.0,5.0,5.4140534108651925,6.714858243582173,6.771271912969076,5.312442601466293,1.8046844702883975,2.2382860811940577,2.2570906376563586,1.7708142004887644,1.0075622293139008,2.0197218869577043,0.9212363749975339,default
cheap_phys,7,0.2,10.0,1.0,2.0,trap,20,serving_reciprocity+map+rate,3.0,3,6,2,False,0.0011111111111111111,0.004467609828741623,0.0036385688295936932,0.0024691358024691358,0.2487037037037037,0.30537037037037035,0.39438271604938274,0.9079175974187144,0.00022222222222222223,0.00013580246913580247,0.06040268456375839,0.03691275167785235,0.0036790123456790125,0.19596541786743515,0.0008395061728395062,0.00428395061728395,0.1002624493828409,0.0,0.014851851851851852,0.0006018518518518519,0.00030092592592592595,0.0,0.0,0.0005864197530864197,1.54320987654321e-05,0.07937037037037037,1.9206296296296297,1.3977143466395388,600.0,400.0,5.0,5.403742565189801,6.6848746272912685,6.81004897205412,5.169306173143329,1.8012475217299337,2.228291542430423,2.27001632401804,1.723102057714443,1.0055429184573565,2.0351554118662873,0.9546379579696804,default
cheap_phys,8,0.2,10.0,1.0,2.0,trap,20,serving_reciprocity+map+rate,3.0,3,6,2,False,0.0012345679012345679,0.004909180166912126,0.004062563477554337,0.002345679012345679,0.2514814814814815,0.3038888888888889,0.4069135802469136,0.9187530682376043,0.0002469135802469136,3.7037037037037037e-05,0.0851063829787234,0.01276595744680851,0.0029012345679012346,0.2127659574468085,0.0007407407407407407,0.0034814814814814817,0.09227396364630633,0.0,0.01451851851851852,0.0012808641975308641,0.0006404320987654321,0.0,0.0,0.0012808641975308641,0.0,0.0824074074074074,1.9175925925925925,1.350227266618319,600.0,400.0,5.0,5.393690921572083,6.716062985529939,6.641696462294681,5.410083779039509,1.797896973857361,2.238687661843313,2.2138988207648937,1.803361259679836,0.9904300107142289,1.979999086479789,0.9366547500248998,default
cheap_phys,9,0.2,10.0,1.0,2.0,trap,20,serving_reciprocity+map+rate,3.0,3,6,2,False,0.0013580246913580246,0.0047784535186794095,0.0039257673090649535,0.0032098765432098763,0.2841975308641975,0.3459259259259259,0.41012345679012346,0.8870547350130321,0.0002839506172839506,0.00013580246913580247,0.09055118110236221,0.04330708661417323,0.0031358024691358023,0.30994152046783624,0.001308641975308642,0.004222222222222222,0.131371020725741,0.0,0.020728395061728393,0.0006790123456790123,0.00033950617283950616,0.0,0.0,0.0006790123456790123,0.0,0.0825679012345679,1.917432098765432,1.4837979395479464,600.0,400.0,5.0,5.422415322598476,6.696291088574371,6.6804752937907805,5.535019675246978,1.807471774199492,2.2320970295247906,2.22682509793026,1.8450065584156592,1.014685727788178,1.9822116159974164,0.8715643750037998,default
cheap_phys,0,0.2,10.0,1.0,4.0,trap,20,serving_reciprocity+map+rate,3.0,3,6,2,False,0.001851851851851852,0.00430484693877551,0.003956883613044072,0.0036419753086419752,0.3871604938271605,0.4524074074074074,0.15259259259259259,0.30325255102040816,0.0005432098765432099,9.876543209876543e-05,0.1732283464566929,0.031496062992125984,0.0031358024691358023,0.4825,0.0023827160493827162,0.0049382716049382715,0.3999302433932567,0.0,0.052703703703703704,0.0044907407407407405,0.0022453703703703702,0.0,0.0,0.0044907407407407405,0.0,0.03423456790123457,1.9657654320987654,1.286676153127678,600.0,400.0,5.0,5.3975873028581836,6.7073246240154685,12.171151480112101,5.176871684720679,1.7991957676193946,2.2357748746718227,4.0570504933707,1.725623894906893,0.9913975786089191,3.9340551021672048,0.8976003340212628,default
cheap_phys,1,0.2,10.0,1.0,4.0,trap,20,serving_reciprocity+map+rate,3.0,3,6,2,False,0.002654320987654321,0.007822934554474336,0.00675888085507702,0.0038888888888888888,0.32351851851851854,0.39271604938271604,0.11314814814814815,0.22762831520702156,0.0007037037037037037,0.00013580246913580247,0.1945392491467577,0.03754266211604096,0.003617283950617284,0.42080378250591016,0.002197530864197531,0.005222222222222222,0.31386259642856235,0.0,0.041728395061728395,0.002854938271604938,0.001427469135802469,0.0,0.0,0.002854938271604938,0.0,0.025185185185185185,1.9748148148148148,1.2965736900115217,600.0,400.0,5.0,5.4032146769539295,6.695175157541227,12.541231516982435,5.408964210906127,1.801071558984643,2.231725052513742,4.180410505660812,1.8029880703020424,0.9914552084452658,4.06113882617746,0.9178222919581458,default
cheap_phys,2,0.2,10.0,1.0,4.0,trap,20,serving_reciprocity+map+rate,3.0,3,6,2,False,0.0021604938271604936,0.006148686416992733,0.005356861509374508,0.0035185185185185185,0.3312962962962963,0.3917901234567901,0.11407407407407408,0.2271287497670952,0.0005061728395061728,0.00013580246913580247,0.15891472868217055,0.04263565891472868,0.003185185185185185,0.5166240409207161,0.002493827160493827,0.00482716049382716,0.31629958983420603,0.0,0.041777777777777775,0.004104938271604938,0.002052469135802469,0.0,0.0,0.004104938271604938,0.0,0.02634567901234568,1.9736543209876543,1.3244785642493162,600.0,400.0,5.0,5.412043864753278,6.681281438412865,12.25903809593457,5.314134918188104,1.8040146215844257,2.2270938128042883,4.086346031978191,1.7713783060627013,0.986539725953694,3.965471379568779,0.9456644169986248,default
cheap_phys,3,0.2,10.0,1.0,4.0,trap,20,serving_reciprocity+map+rate,3.0,3,6,2,False,0.0024074074074074076,0.008229485069362802,0.007282913165266107,0.004197530864197531,0.26253086419753086,0.33055555555555555,0.1087037037037037,0.2703973665647778,0.0005185185185185185,0.0001234567901234568,0.13725490196078433,0.032679738562091505,0.003777777777777778,0.4019138755980861,0.002074074074074074,0.005160493827160494,0.27709341345448774,0.0,0.03432098765432099,0.0026697530864197533,0.0013348765432098766,0.0,0.0,0.0026697530864197533,0.0,0.023876543209876543,1.9761234567901234,1.3363448746453432,600.0,400.0,5.0,5.406661549709966,6.7298243920753755,12.806652208402646,5.340468799925379,1.8022205165699887,2.2432747973584584,4.268884069467549,1.780156266641793,1.0001524018891992,4.150068236975036,1.0491990000009537,default
cheap_phys,4,0.2,10.0,1.0,4.0,trap,20,serving_reciprocity+map+rate,3.0,3,6,2,False,0.0016049382716049382,0.0056331680937359175,0.004730368968779565,0.002962962962962963,0.2739506172839506,0.32623456790123456,0.14376543209876544,0.38440739071653895,0.0005185185185185185,8.641975308641975e-05,0.1414141414141414,0.02356902356902357,0.0036666666666666666,0.43283582089552236,0.002506172839506173,0.005790123456790123,0.4144995061844876,0.0,0.05417283950617284,0.0021141975308641976,0.0010570987654320988,0.0,0.0,0.0021141975308641976,0.0,0.0305679012345679,1.9694320987654321,1.2303884057298042,600.0,400.0,5.0,5.396083349729672,6.69815555866086,12.059178058753435,5.254661472065715,1.7986944499098907,2.23271851955362,4.019726019584478,1.7515538240219048,0.9731164788038275,3.900159175111307,0.9656771250301972,default
cheap_phys,5,0.2,10.0,1.0,4.0,trap,20,serving_reciprocity+map+rate,3.0,3,6,2,False,0.0011728395061728395,0.00456968773800457,0.003938640132669984,0.002037037037037037,0.24314814814814814,0.29777777777777775,0.13339506172839505,0.3462807819243463,0.00022222222222222223,0.00011111111111111112,0.07142857142857142,0.03571428571428571,0.003111111111111111,0.39349112426035504,0.0016419753086419752,0.004172839506172839,0.23236589290750811,0.0,0.03059259259259259,0.004537037037037037,0.0022685185185185187,0.0,0.0,0.004537037037037037,0.0,0.030432098765432097,1.969567901234568,1.3337877118731176,600.0,400.0,5.0,5.423335932850391,6.723089349387422,12.156760576332136,5.3473887133150795,1.8077786442834638,2.241029783129141,4.052253525444045,1.7824629044383598,1.000282397115589,3.9268554544946492,0.9737462080083787,default
cheap_phys,6,0.2,10.0,1.0,4.0,trap,20,serving_reciprocity+map+rate,3.0,3,6,2,False,0.0017901234567901235,0.006682577565632458,0.005560882070949185,0.002654320987654321,0.25864197530864197,0.3219135802469136,0.09993827160493828,0.2737470167064439,0.0003580246913580247,9.876543209876543e-05,0.11646586345381527,0.0321285140562249,0.003074074074074074,0.40217391304347827,0.0018271604938271606,0.00454320987654321,0.21806622524128375,0.0,0.02908641975308642,0.002993827160493827,0.0014969135802469136,0.0,0.0,0.002993827160493827,0.0,0.022765432098765432,1.9772345679012346,1.318815178668371,600.0,400.0,5.0,5.4140534108651925,6.714858243582173,12.513146674460101,5.312442601466293,1.8046844702883975,2.2382860811940577,4.1710488914867,1.7708142004887644,1.0075622293139008,4.047526060352476,0.9262528750114143,default
cheap_phys,7,0.2,10.0,1.0,4.0,trap,20,serving_reciprocity+map+rate,3.0,3,6,2,False,0.001419753086419753,0.005634492895639392,0.004623115577889447,0.0027160493827160493,0.2519753086419753,0.30709876543209874,0.10753086419753087,0.2518373346398824,0.000345679012345679,0.0001234567901234568,0.09859154929577464,0.035211267605633804,0.003506172839506173,0.37305699481865284,0.0017777777777777779,0.0047654320987654325,0.21381563694294062,0.0,0.02874074074074074,0.002021604938271605,0.0010108024691358026,0.0,0.0,0.002006172839506173,1.54320987654321e-05,0.023160493827160494,1.9768395061728394,1.3819387341156215,600.0,400.0,5.0,5.403742565189801,6.6848746272912685,12.615731826096777,5.169306173143329,1.8012475217299337,2.228291542430423,4.205243942032259,1.723102057714443,1.0055429184573565,4.083253610925885,0.9668911669868976,default
cheap_phys,8,0.2,10.0,1.0,4.0,trap,20,serving_reciprocity+map+rate,3.0,3,6,2,False,0.0021604938271604936,0.008081768481102924,0.00669554942890902,0.0033333333333333335,0.25969135802469134,0.3134567901234568,0.10932098765432098,0.2557642025196102,0.0004691358024691358,6.17283950617284e-05,0.15637860082304528,0.0205761316872428,0.003,0.38439306358381503,0.0016419753086419752,0.0042716049382716045,0.24321721870181842,0.0,0.03281481481481482,0.004166666666666667,0.0020833333333333333,0.0,0.0,0.004166666666666667,0.0,0.025271604938271606,1.9747283950617285,1.3375885654671635,600.0,400.0,5.0,5.393690921572083,6.716062985529939,12.242460990456756,5.410083779039509,1.797896973857361,2.238687661843313,4.080820330152252,1.803361259679836,0.9904300107142289,3.9588057493214475,0.8966954170027748,default
cheap_phys,9,0.2,10.0,1.0,4.0,trap,20,serving_reciprocity+map+rate,3.0,3,6,2,False,0.0020987654320987655,0.0069387755102040816,0.005732591468555049,0.004012345679012346,0.30246913580246915,0.3661111111111111,0.14882716049382716,0.3597959183673469,0.0006172839506172839,0.0001728395061728395,0.18726591760299627,0.052434456928838954,0.0032962962962962963,0.4740740740740741,0.0023703703703703703,0.005,0.30865319728217755,0.0,0.041135802469135806,0.0035956790123456792,0.0017978395061728396,0.0,0.0,0.0035956790123456792,0.0,0.032790123456790124,1.9672098765432098,1.468504980738388,600.0,400.0,5.0,5.422415322598476,6.696291088574371,12.308225098843337,5.535019675246978,1.807471774199492,2.2320970295247906,4.1027416996144455,1.8450065584156592,1.014685727788178,3.9752864459782273,0.7109011670108885,default
